ID,StartTime,EndTime,Mode,ONodeID,DNodeID,Purpose,Expansion
1,30000,31800,3,81165,81169,0,0
2,30000,31800,3,118888,161154,0,0
3,30000,31800,3,69261,69288,0,0
4,30000,31800,3,91836,91833,0,0
5,30000,31800,3,81178,57792,0,0
6,30000,31800,3,81124,78213,0,0
7,30000,31800,3,142381,112341,0,0
8,30000,31800,3,81055,81193,0,0
9,30000,31800,3,133223,126352,0,0
10,30000,31800,3,8627,53440,0,0
11,30000,31800,3,52838,112341,0,0
12,30000,31800,3,90670,90675,0,0
13,30000,31800,3,50334,132492,0,0
14,30000,31800,3,126351,69288,0,0
15,30000,31800,3,1955,132819,0,0
16,30000,31800,3,112311,57754,0,0
17,30000,31800,3,81161,57792,0,0
18,30000,31800,3,69272,69288,0,0
19,30000,31800,3,136212,143375,0,0
20,30000,31800,3,11393,132492,0,0
21,30000,31800,3,136210,136208,0,0
22,30000,31800,3,112062,55505,0,0
23,30000,31800,3,65373,124504,0,0
24,30000,31800,3,50535,50185,0,0
25,30000,31800,3,132484,132492,0,0
26,30000,31800,3,118866,175961,0,0
27,30000,31800,3,68954,37487,0,0
28,30000,31800,3,51769,81169,0,0
29,30000,31800,3,81930,132492,0,0
30,30000,31800,3,78262,78213,0,0
31,30000,31800,3,36010,36001,0,0
32,30000,31800,3,81899,132492,0,0
33,30000,31800,3,52831,81169,0,0
34,30000,31800,3,112070,161154,0,0
35,30000,31800,3,1538,68974,0,0
36,30000,31800,3,35905,133231,0,0
37,30000,31800,3,65351,91814,0,0
38,30000,31800,3,69235,69288,0,0
39,30000,31800,3,132814,65365,0,0
40,30000,31800,3,52987,50185,0,0
41,30000,31800,3,81105,36023,0,0
42,30000,31800,3,53457,53440,0,0
43,30000,31800,3,136240,35914,0,0
44,30000,31800,3,132468,132492,0,0
45,30000,31800,3,65239,37487,0,0
46,30000,31800,3,78304,78213,0,0
47,30000,31800,3,164530,69288,0,0
48,30000,31800,3,18485,161154,0,0
49,30000,31800,3,78264,78213,0,0
50,30000,31800,3,65206,78213,0,0
51,30000,31800,3,78264,78213,0,0
52,30000,31800,3,57780,81169,0,0
53,30000,31800,3,132893,65174,0,0
54,30000,31800,3,91809,91825,0,0
55,30000,31800,3,69147,136208,0,0
56,30000,31800,3,132535,147707,0,0
57,30000,31800,3,81869,78213,0,0
58,30000,31800,3,132477,50185,0,0
59,30000,31800,3,170171,65358,0,0
60,30000,31800,3,65140,57792,0,0
61,30000,31800,3,1537,1535,0,0
62,30000,31800,3,69157,161154,0,0
63,30000,31800,3,12611,36023,0,0
64,30000,31800,3,91839,91833,0,0
65,30000,31800,3,51771,81169,0,0
66,30000,31800,3,57818,57792,0,0
67,30000,31800,3,50202,112341,0,0
68,30000,31800,3,1513,65174,0,0
69,30000,31800,3,35894,55505,0,0
70,30000,31800,3,65380,69169,0,0
71,30000,31800,3,112108,136208,0,0
72,30000,31800,3,57782,81169,0,0
73,30000,31800,3,69298,69299,0,0
74,30000,31800,3,112102,55506,0,0
75,30000,31800,3,4082,133231,0,0
76,30000,31800,3,112304,91833,0,0
77,30000,31800,3,78262,78213,0,0
78,30000,31800,3,126347,69288,0,0
79,30000,31800,3,118880,1535,0,0
80,30000,31800,3,53455,78213,0,0
81,30000,31800,3,65379,69169,0,0
82,30000,31800,3,1551,68950,0,0
83,30000,31800,3,28683,50185,0,0
84,30000,31800,3,81140,36023,0,0
85,30000,31800,3,132815,37487,0,0
86,30000,31800,3,112333,90675,0,0
87,30000,31800,3,81034,57792,0,0
88,30000,31800,3,81030,78213,0,0
89,30000,31800,3,112336,112339,0,0
90,30000,31800,3,57783,57792,0,0
91,30000,31800,3,81177,57792,0,0
92,30000,31800,3,161160,175961,0,0
93,30000,31800,3,170174,112339,0,0
94,30000,31800,3,132469,53440,0,0
95,30000,31800,3,65243,37487,0,0
96,30000,31800,3,51875,81169,0,0
97,30000,31800,3,65333,124504,0,0
98,30000,31800,3,132809,91833,0,0
99,30000,31800,3,12606,55506,0,0
100,30000,31800,3,27952,151326,0,0
101,30000,31800,3,81002,78213,0,0
102,30000,31800,3,35986,36023,0,0
103,30000,31800,3,174586,50185,0,0
104,30000,31800,3,68964,69169,0,0
105,30000,31800,3,91836,91833,0,0
106,30000,31800,3,52827,112341,0,0
107,30000,31800,3,126354,69288,0,0
108,30000,31800,3,151330,69288,0,0
109,30000,31800,3,91817,81193,0,0
110,30000,31800,3,81023,81193,0,0
111,30000,31800,3,142382,112341,0,0
112,30000,31800,3,37486,132819,0,0
113,30000,31800,3,151328,69288,0,0
114,30000,31800,3,65323,90675,0,0
115,30000,31800,3,158772,69169,0,0
116,30000,31800,3,50476,132492,0,0
117,30000,31800,3,69279,151326,0,0
118,30000,31800,3,81098,81193,0,0
119,30000,31800,3,65588,36001,0,0
120,30000,31800,3,33663,55505,0,0
121,30000,31800,3,65367,65365,0,0
122,30000,31800,3,18483,161154,0,0
123,30000,31800,3,50660,81169,0,0
124,30000,31800,3,53439,53440,0,0
125,30000,31800,3,81081,81193,0,0
126,30000,31800,3,81895,132492,0,0
127,30000,31800,3,1521,65174,0,0
128,30000,31800,3,170079,136208,0,0
129,30000,31800,3,1916,69169,0,0
130,30000,31800,3,174517,132492,0,0
131,30000,31800,3,172828,50185,0,0
132,30000,31800,3,53467,53440,0,0
133,30000,31800,3,112106,55505,0,0
134,30000,31800,3,81867,132492,0,0
135,30000,31800,3,65145,37487,0,0
136,30000,31800,3,132464,53440,0,0
137,30000,31800,3,81109,81169,0,0
138,30000,31800,3,81877,132492,0,0
139,30000,31800,3,132491,132492,0,0
140,30000,31800,3,57810,81169,0,0
141,30000,31800,3,51780,81169,0,0
142,30000,31800,3,136230,136208,0,0
143,30000,31800,3,52620,50185,0,0
144,30000,31800,3,37479,91814,0,0
145,30000,31800,3,50658,112341,0,0
146,30000,31800,3,161161,69169,0,0
147,30000,31800,3,132482,132492,0,0
148,30000,31800,3,33681,69288,0,0
149,30000,31800,3,81026,81169,0,0
150,30000,31800,3,1801,68950,0,0
151,30000,31800,3,81065,78213,0,0
152,30000,31800,3,11430,132492,0,0
153,30000,31800,3,18499,55505,0,0
154,30000,31800,3,172831,132492,0,0
155,30000,31800,3,65383,69169,0,0
156,30000,31800,3,78218,78213,0,0
157,30000,31800,3,81070,81193,0,0
158,30000,31800,3,81088,78213,0,0
159,30000,31800,3,53449,53440,0,0
160,30000,31800,3,51880,81169,0,0
161,30000,31800,3,132900,37487,0,0
162,30000,31800,3,151331,69169,0,0
163,30000,31800,3,68953,37487,0,0
164,30000,31800,3,4090,37487,0,0
165,30000,31800,3,65203,78213,0,0
166,30000,31800,3,65329,124504,0,0
167,30000,31800,3,132800,37487,0,0
168,30000,31800,3,78267,78213,0,0
169,30000,31800,3,157524,37487,0,0
170,30000,31800,3,65104,78213,0,0
171,30000,31800,3,126354,69288,0,0
172,30000,31800,3,65136,78213,0,0
173,30000,31800,3,161157,161154,0,0
174,30000,31800,3,81037,57792,0,0
175,30000,31800,3,90673,65365,0,0
176,30000,31800,3,53449,53440,0,0
177,30000,31800,3,65370,91833,0,0
178,30000,31800,3,51786,81169,0,0
179,30000,31800,3,69271,69288,0,0
180,30000,31800,3,68943,68974,0,0
181,30000,31800,3,51781,81169,0,0
182,30000,31800,3,28684,50185,0,0
183,30000,31800,3,81047,81169,0,0
184,30000,31800,3,174518,50185,0,0
185,30000,31800,3,132807,124504,0,0
186,30000,31800,3,69292,69169,0,0
187,30000,31800,3,126353,151326,0,0
188,30000,31800,3,136249,36023,0,0
189,30000,31800,3,132901,78213,0,0
190,30000,31800,3,69264,69288,0,0
191,30000,31800,3,65346,91833,0,0
192,30000,31800,3,91806,91814,0,0
193,30000,31800,3,57781,81169,0,0
194,30000,31800,3,81029,112341,0,0
195,30000,31800,3,4087,69169,0,0
196,30000,31800,3,155311,69299,0,0
197,30000,31800,3,52997,50185,0,0
198,30000,31800,3,118859,175961,0,0
199,30000,31800,3,33681,69288,0,0
200,30000,31800,3,65352,65352,0,0
201,30000,31800,3,136203,161154,0,0
202,30000,31800,3,81909,132492,0,0
203,30000,31800,3,57758,57754,0,0
204,30000,31800,3,81075,78213,0,0
205,30000,31800,3,53683,69169,0,0
206,30000,31800,3,81898,132492,0,0
207,30000,31800,3,172828,50185,0,0
208,30000,31800,3,142379,112341,0,0
209,30000,31800,3,91808,91825,0,0
210,30000,31800,3,81145,81193,0,0
211,30000,31800,3,166980,37487,0,0
212,30000,31800,3,57795,57754,0,0
213,30000,31800,3,65201,78213,0,0
214,30000,31800,3,57774,57754,0,0
215,30000,31800,3,132900,37487,0,0
216,30000,31800,3,81019,81193,0,0
217,30000,31800,3,65139,81193,0,0
218,30000,31800,3,68944,68974,0,0
219,30000,31800,3,81065,78213,0,0
220,30000,31800,3,133228,69288,0,0
221,30000,31800,3,132809,91833,0,0
222,30000,31800,3,112102,55506,0,0
223,30000,31800,3,167043,37487,0,0
224,30000,31800,3,112092,133231,0,0
225,30000,31800,3,134515,50185,0,0
226,30000,31800,3,132536,151326,0,0
227,30000,31800,3,112110,133231,0,0
228,30000,31800,3,132465,53440,0,0
229,30000,31800,3,90686,65365,0,0
230,30000,31800,3,18485,161154,0,0
231,30000,31800,3,90680,112339,0,0
232,30000,31800,3,112330,90675,0,0
233,30000,31800,3,112317,112339,0,0
234,30000,31800,3,103220,69288,0,0
235,30000,31800,3,65124,78213,0,0
236,30000,31800,3,65119,78213,0,0
237,30000,31800,3,78297,78213,0,0
238,30000,31800,3,158768,69169,0,0
239,30000,31800,3,91824,91825,0,0
240,30000,31800,3,112296,57754,0,0
241,30000,31800,3,65312,37487,0,0
242,30000,31800,3,126348,69288,0,0
243,30000,31800,3,118863,175961,0,0
244,30000,31800,3,65146,37487,0,0
245,30000,31800,3,50204,112341,0,0
246,30000,31800,3,136232,143375,0,0
247,30000,31800,3,90680,112339,0,0
248,30000,31800,3,170171,65358,0,0
249,30000,31800,3,90689,112339,0,0
250,30000,31800,3,65203,78213,0,0
251,30000,31800,3,65165,69169,0,0
252,30000,31800,3,170179,68974,0,0
253,30000,31800,3,112314,36023,0,0
254,30000,31800,3,136223,161154,0,0
255,30000,31800,3,133216,55506,0,0
256,30000,31800,3,132464,53440,0,0
257,30000,31800,3,90688,65365,0,0
258,30000,31800,3,137901,69288,0,0
259,30000,31800,3,81185,78213,0,0
260,30000,31800,3,172317,69288,0,0
261,30000,31800,3,132489,132492,0,0
262,30000,31800,3,52643,81169,0,0
263,30000,31800,3,57781,81169,0,0
264,30000,31800,3,91833,91833,0,0
265,30000,31800,3,132540,124504,0,0
266,30000,31800,3,168480,57792,0,0
267,30000,31800,3,112331,90675,0,0
268,30000,31800,3,112332,91833,0,0
269,30000,31800,3,81185,78213,0,0
270,30000,31800,3,133221,55506,0,0
271,30000,31800,3,133236,69288,0,0
272,30000,31800,3,78254,78213,0,0
273,30000,31800,3,81140,36023,0,0
274,30000,31800,3,65235,37487,0,0
275,30000,31800,3,8185,132492,0,0
276,30000,31800,3,1501,69169,0,0
277,30000,31800,3,65135,81193,0,0
278,30000,31800,3,33666,55505,0,0
279,30000,31800,3,132819,132819,0,0
280,30000,31800,3,69226,69169,0,0
281,30000,31800,3,155313,69299,0,0
282,30000,31800,3,90680,112339,0,0
283,30000,31800,3,51765,81169,0,0
284,30000,31800,3,118855,175961,0,0
285,30000,31800,3,134513,132492,0,0
286,30000,31800,3,81868,78213,0,0
287,30000,31800,3,81098,81193,0,0
288,30000,31800,3,136242,35914,0,0
289,30000,31800,3,65333,124504,0,0
290,30000,31800,3,136223,161154,0,0
291,30000,31800,3,143371,55505,0,0
292,30000,31800,3,118868,175961,0,0
293,30000,31800,3,35899,133231,0,0
294,30000,31800,3,69152,69169,0,0
295,30000,31800,3,118891,65358,0,0
296,30000,31800,3,27953,151326,0,0
297,30000,31800,3,81922,132492,0,0
298,30000,31800,3,8628,50185,0,0
299,30000,31800,3,51874,81169,0,0
300,30000,31800,3,65370,91833,0,0
301,30000,31800,3,37484,132819,0,0
302,30000,31800,3,36185,36023,0,0
303,30000,31800,3,172826,50185,0,0
304,30000,31800,3,69284,69288,0,0
305,30000,31800,3,133218,55506,0,0
306,30000,31800,3,18493,175961,0,0
307,30000,31800,3,78319,78213,0,0
308,30000,31800,3,132541,91833,0,0
309,30000,31800,3,65355,124504,0,0
310,30000,31800,3,11439,132492,0,0
311,30000,31800,3,57826,57792,0,0
312,30000,31800,3,81939,132492,0,0
313,30000,31800,3,81204,57792,0,0
314,30000,31800,3,18482,161154,0,0
315,30000,31800,3,112084,136208,0,0
316,30000,31800,3,52835,112341,0,0
317,30000,31800,3,112111,69299,0,0
318,30000,31800,3,161159,161154,0,0
319,30000,31800,3,65161,69169,0,0
320,30000,31800,3,65367,65365,0,0
321,30000,31800,3,78261,132492,0,0
322,30000,31800,3,51876,81169,0,0
323,30000,31800,3,112108,136208,0,0
324,30000,31800,3,132541,91833,0,0
325,30000,31800,3,11442,78213,0,0
326,30000,31800,3,81886,132492,0,0
327,30000,31800,3,69264,69288,0,0
328,30000,31800,3,143372,55506,0,0
329,30000,31800,3,170172,65358,0,0
330,30000,31800,3,53001,50185,0,0
331,30000,31800,3,78214,78213,0,0
332,30000,31800,3,134515,50185,0,0
333,30000,31800,3,57768,57792,0,0
334,30000,31800,3,50476,132492,0,0
335,30000,31800,3,69272,69288,0,0
336,30000,31800,3,65134,57792,0,0
337,30000,31800,3,163787,147707,0,0
338,30000,31800,3,52985,50185,0,0
339,30000,31800,3,11446,132492,0,0
340,30000,31800,3,118867,175961,0,0
341,30000,31800,3,112051,161154,0,0
342,30000,31800,3,133219,55506,0,0
343,30000,31800,3,35954,81169,0,0
344,30000,31800,3,161135,132819,0,0
345,30000,31800,3,11439,132492,0,0
346,30000,31800,3,50537,81169,0,0
347,30000,31800,3,65115,37487,0,0
348,30000,31800,3,81023,81193,0,0
349,30000,31800,3,132898,132819,0,0
350,30000,31800,3,69281,126352,0,0
351,30000,31800,3,1501,69169,0,0
352,30000,31800,3,69297,69169,0,0
353,30000,31800,3,112057,55506,0,0
354,30000,31800,3,35906,133231,0,0
355,30000,31800,3,136200,161154,0,0
356,30000,31800,3,52654,81169,0,0
357,30000,31800,3,81076,78213,0,0
358,30000,31800,3,81898,132492,0,0
359,30000,31800,3,81021,81193,0,0
360,30000,31800,3,1508,68974,0,0
361,30000,31800,3,90688,65365,0,0
362,30000,31800,3,81160,78213,0,0
363,30000,31800,3,136207,161154,0,0
364,30000,31800,3,68964,69169,0,0
365,30000,31800,3,28685,50185,0,0
366,30000,31800,3,81869,78213,0,0
367,30000,31800,3,51877,81169,0,0
368,30000,31800,3,11451,78213,0,0
369,30000,31800,3,1905,69169,0,0
370,30000,31800,3,81193,81193,0,0
371,30000,31800,3,136224,136208,0,0
372,30000,31800,3,65119,78213,0,0
373,30000,31800,3,57804,112341,0,0
374,30000,31800,3,133236,69288,0,0
375,30000,31800,3,118872,175961,0,0
376,30000,31800,3,118874,1535,0,0
377,30000,31800,3,7937,132492,0,0
378,30000,31800,3,173580,132492,0,0
379,30000,31800,3,35906,133231,0,0
380,30000,31800,3,90682,90675,0,0
381,30000,31800,3,81184,78213,0,0
382,30000,31800,3,53456,132492,0,0
383,30000,31800,3,132465,53440,0,0
384,30000,31800,3,4090,37487,0,0
385,30000,31800,3,11453,78213,0,0
386,30000,31800,3,174584,50185,0,0
387,30000,31800,3,69855,151326,0,0
388,30000,31800,3,69278,151326,0,0
389,30000,31800,3,50476,132492,0,0
390,30000,31800,3,142594,69288,0,0
391,30000,31800,3,68970,68974,0,0
392,30000,31800,3,81901,132492,0,0
393,30000,31800,3,147713,147707,0,0
394,30000,31800,3,78263,78213,0,0
395,30000,31800,3,136236,143375,0,0
396,30000,31800,3,12605,55506,0,0
397,30000,31800,3,132906,78213,0,0
398,30000,31800,3,68949,68950,0,0
399,30000,31800,3,51786,81169,0,0
400,30000,31800,3,91842,91814,0,0
401,30000,31800,3,68964,69169,0,0
402,30000,31800,3,132534,151326,0,0
403,30000,31800,3,112339,112339,0,0
404,30000,31800,3,81873,132492,0,0
405,30000,31800,3,81933,132492,0,0
406,30000,31800,3,51874,81169,0,0
407,30000,31800,3,65133,57792,0,0
408,30000,31800,3,81070,81193,0,0
409,30000,31800,3,65207,78213,0,0
410,30000,31800,3,52831,81169,0,0
411,30000,31800,3,78261,132492,0,0
412,30000,31800,3,52982,81193,0,0
413,30000,31800,3,112315,90675,0,0
414,30000,31800,3,81056,81193,0,0
415,30000,31800,3,65353,65352,0,0
416,30000,31800,3,136221,136208,0,0
417,30000,31800,3,1798,65174,0,0
418,30000,31800,3,33676,55505,0,0
419,30000,31800,3,112302,90675,0,0
420,30000,31800,3,57780,81169,0,0
421,30000,31800,3,52639,81169,0,0
422,30000,31800,3,162045,81169,0,0
423,30000,31800,3,103220,69288,0,0
424,30000,31800,3,1543,133231,0,0
425,30000,31800,3,33672,69288,0,0
426,30000,31800,3,91842,91814,0,0
427,30000,31800,3,68946,68974,0,0
428,30000,31800,3,133217,55506,0,0
429,30000,31800,3,36189,36023,0,0
430,30000,31800,3,69279,151326,0,0
431,30000,31800,3,78266,78213,0,0
432,30000,31800,3,132473,132492,0,0
433,30000,31800,3,52654,81169,0,0
434,30000,31800,3,81028,112341,0,0
435,30000,31800,3,172316,55505,0,0
436,30000,31800,3,68964,69169,0,0
437,30000,31800,3,65160,69169,0,0
438,30000,31800,3,132546,57792,0,0
439,30000,31800,3,57764,57754,0,0
440,30000,31800,3,81930,132492,0,0
441,30000,31800,3,81089,78213,0,0
442,30000,31800,3,132542,91833,0,0
443,30000,31800,3,1523,65174,0,0
444,30000,31800,3,81910,132492,0,0
445,30000,31800,3,90675,90675,0,0
446,30000,31800,3,12602,133231,0,0
447,30000,31800,3,52989,78213,0,0
448,30000,31800,3,81086,81169,0,0
449,30000,31800,3,112311,57754,0,0
450,30000,31800,3,53464,53440,0,0
451,30000,31800,3,4090,37487,0,0
452,30000,31800,3,158768,69169,0,0
453,30000,31800,3,81076,78213,0,0
454,30000,31800,3,36185,36023,0,0
455,30000,31800,3,112111,69299,0,0
456,30000,31800,3,53443,53440,0,0
457,30000,31800,3,50188,50185,0,0
458,30000,31800,3,12625,112341,0,0
459,30000,31800,3,57824,81169,0,0
460,30000,31800,3,81160,78213,0,0
461,30000,31800,3,65239,37487,0,0
462,30000,31800,3,78371,78213,0,0
463,30000,31800,3,81188,81193,0,0
464,30000,31800,3,18486,69853,0,0
465,30000,31800,3,35905,133231,0,0
466,30000,31800,3,78318,78213,0,0
467,30000,31800,3,78213,78213,0,0
468,30000,31800,3,81899,132492,0,0
469,30000,31800,3,91821,91833,0,0
470,30000,31800,3,112081,126352,0,0
471,30000,31800,3,8633,112341,0,0
472,30000,31800,3,1524,132819,0,0
473,30000,31800,3,166775,65365,0,0
474,30000,31800,3,155312,69299,0,0
475,30000,31800,3,57783,57792,0,0
476,30000,31800,3,57787,57792,0,0
477,30000,31800,3,112081,126352,0,0
478,30000,31800,3,65205,78213,0,0
479,30000,31800,3,166764,69169,0,0
480,30000,31800,3,65117,78213,0,0
481,30000,31800,3,112041,55506,0,0
482,30000,31800,3,69225,1535,0,0
483,30000,31800,3,136211,136208,0,0
484,30000,31800,3,78268,78213,0,0
485,30000,31800,3,134514,112341,0,0
486,30000,31800,3,11455,78213,0,0
487,30000,31800,3,53002,50185,0,0
488,30000,31800,3,112331,90675,0,0
489,30000,31800,3,65405,57754,0,0
490,30000,31800,3,81169,81169,0,0
491,30000,31800,3,112340,112339,0,0
492,30000,31800,3,169467,81169,0,0
493,30000,31800,3,35898,55506,0,0
494,30000,31800,3,81914,132492,0,0
495,30000,31800,3,81078,78213,0,0
496,30000,31800,3,132469,53440,0,0
497,30000,31800,3,136240,35914,0,0
498,30000,31800,3,65362,112339,0,0
499,30000,31800,3,57755,57754,0,0
500,30000,31800,3,175785,55506,0,0
501,30000,31800,3,170170,65358,0,0
502,30000,31800,3,71226,147707,0,0
503,30000,31800,3,51881,81169,0,0
504,30000,31800,3,53683,69169,0,0
505,30000,31800,3,68976,69169,0,0
506,30000,31800,3,132536,151326,0,0
507,30000,31800,3,69303,65365,0,0
508,30000,31800,3,170177,65358,0,0
509,30000,31800,3,1552,68974,0,0
510,30000,31800,3,65204,78213,0,0
511,30000,31800,3,1536,1535,0,0
512,30000,31800,3,50207,50185,0,0
513,30000,31800,3,162045,81169,0,0
514,30000,31800,3,53458,81193,0,0
515,30000,31800,3,51788,81169,0,0
516,30000,31800,3,65155,78213,0,0
517,30000,31800,3,78296,78213,0,0
518,30000,31800,3,52983,81193,0,0
519,30000,31800,3,81881,132492,0,0
520,30000,31800,3,81151,81169,0,0
521,30000,31800,3,112291,57754,0,0
522,30000,31800,3,69150,69288,0,0
523,30000,31800,3,167664,161154,0,0
524,30000,31800,3,65330,124504,0,0
525,30000,31800,3,69225,1535,0,0
526,30000,31800,3,1902,55506,0,0
527,30000,31800,3,136213,136208,0,0
528,30000,31800,3,142378,112341,0,0
529,30000,31800,3,57792,57792,0,0
530,30000,31800,3,81928,132492,0,0
531,30000,31800,3,81205,78213,0,0
532,30000,31800,3,11445,78213,0,0
533,30000,31800,3,50200,50185,0,0
534,30000,31800,3,57787,57792,0,0
535,30000,31800,3,112104,55505,0,0
536,30000,31800,3,50191,50185,0,0
537,30000,31800,3,137901,69288,0,0
538,30000,31800,3,65201,78213,0,0
539,30000,31800,3,69154,136208,0,0
540,30000,31800,3,164530,69288,0,0
541,30000,31800,3,81099,81193,0,0
542,30000,31800,3,81009,81193,0,0
543,30000,31800,3,52645,81169,0,0
544,30000,31800,3,65104,78213,0,0
545,30000,31800,3,78371,78213,0,0
546,30000,31800,3,35955,81169,0,0
547,30000,31800,3,81098,81193,0,0
548,30000,31800,3,132898,132819,0,0
549,30000,31800,3,81010,57792,0,0
550,30000,31800,3,133228,69288,0,0
551,30000,31800,3,1504,69169,0,0
552,30000,31800,3,81165,81169,0,0
553,30000,31800,3,81934,132492,0,0
554,30000,31800,3,65377,69169,0,0
555,30000,31800,3,69277,151326,0,0
556,30000,31800,3,78370,78213,0,0
557,30000,31800,3,69284,69288,0,0
558,30000,31800,3,112112,69299,0,0
559,30000,31800,3,1898,69169,0,0
560,30000,31800,3,69267,1535,0,0
561,30000,31800,3,68971,69169,0,0
562,30000,31800,3,78231,78213,0,0
563,30000,31800,3,170172,65358,0,0
564,30000,31800,3,65157,78213,0,0
565,30000,31800,3,35985,36023,0,0
566,30000,31800,3,50649,112341,0,0
567,30000,31800,3,65129,78213,0,0
568,30000,31800,3,81177,57792,0,0
569,30000,31800,3,136221,136208,0,0
570,30000,31800,3,136207,161154,0,0
571,30000,31800,3,65158,78213,0,0
572,30000,31800,3,8625,53440,0,0
573,30000,31800,3,69146,143375,0,0
574,30000,31800,3,165691,68950,0,0
575,30000,31800,3,133212,55506,0,0
576,30000,31800,3,81104,36023,0,0
577,30000,31800,3,112108,136208,0,0
578,30000,31800,3,65344,91833,0,0
579,30000,31800,3,132466,132492,0,0
580,30000,31800,3,8189,78213,0,0
581,30000,31800,3,172317,69288,0,0
582,30000,31800,3,65576,90675,0,0
583,30000,31800,3,81207,81169,0,0
584,30000,31800,3,112340,112339,0,0
585,30000,31800,3,81019,81193,0,0
586,30000,31800,3,136189,175961,0,0
587,30000,31800,3,81104,36023,0,0
588,30000,31800,3,65125,78213,0,0
589,30000,31800,3,53459,53440,0,0
590,30000,31800,3,158786,69169,0,0
591,30000,31800,3,68950,68950,0,0
592,30000,31800,3,81156,78213,0,0
593,30000,31800,3,134513,132492,0,0
594,30000,31800,3,81190,81169,0,0
595,30000,31800,3,57777,57792,0,0
596,30000,31800,3,133168,132492,0,0
597,30000,31800,3,53000,50185,0,0
598,30000,31800,3,91802,91833,0,0
599,30000,31800,3,69297,69169,0,0
600,30000,31800,3,91837,65352,0,0
601,30000,31800,3,81927,132492,0,0
602,30000,31800,3,65247,37487,0,0
603,30000,31800,3,125306,78213,0,0
604,30000,31800,3,57798,57754,0,0
605,30000,31800,3,65575,90675,0,0
606,30000,31800,3,69261,69288,0,0
607,30000,31800,3,35899,133231,0,0
608,30000,31800,3,81128,112341,0,0
609,30000,31800,3,11454,78213,0,0
610,30000,31800,3,136204,161154,0,0
611,30000,31800,3,118887,161154,0,0
612,30000,31800,3,81003,78213,0,0
613,30000,31800,3,81145,81193,0,0
614,30000,31800,3,65233,37487,0,0
615,30000,31800,3,112032,133231,0,0
616,30000,31800,3,90675,90675,0,0
617,30000,31800,3,81116,57792,0,0
618,30000,31800,3,81087,81169,0,0
619,30000,31800,3,81015,81193,0,0
620,30000,31800,3,4085,133231,0,0
621,30000,31800,3,158773,69169,0,0
622,30000,31800,3,78264,78213,0,0
623,30000,31800,3,81018,81193,0,0
624,30000,31800,3,52654,81169,0,0
625,30000,31800,3,90460,69169,0,0
626,30000,31800,3,69853,69853,0,0
627,30000,31800,3,33664,55505,0,0
628,30000,31800,3,52986,50185,0,0
629,30000,31800,3,52633,132492,0,0
630,30000,31800,3,50479,132492,0,0
631,30000,31800,3,57768,57792,0,0
632,30000,31800,3,133220,55506,0,0
633,30000,31800,3,112042,55506,0,0
634,30000,31800,3,91819,91825,0,0
635,30000,31800,3,155311,69299,0,0
636,30000,31800,3,50552,81169,0,0
637,30000,31800,3,1539,69169,0,0
638,30000,31800,3,161133,112339,0,0
639,30000,31800,3,53468,53440,0,0
640,30000,31800,3,161129,112339,0,0
641,30000,31800,3,172826,50185,0,0
642,30000,31800,3,81161,57792,0,0
643,30000,31800,3,68950,68950,0,0
644,30000,31800,3,81918,132492,0,0
645,30000,31800,3,90678,90675,0,0
646,30000,31800,3,65365,65365,0,0
647,30000,31800,3,136207,161154,0,0
648,30000,31800,3,52643,81169,0,0
649,30000,31800,3,133216,55506,0,0
650,30000,31800,3,65372,124504,0,0
651,30000,31800,3,81022,81193,0,0
652,30000,31800,3,112083,133231,0,0
653,30000,31800,3,53462,50185,0,0
654,30000,31800,3,81050,57792,0,0
655,30000,31800,3,65588,36001,0,0
656,30000,31800,3,50474,132492,0,0
657,30000,31800,3,161130,65365,0,0
658,30000,31800,3,35910,133231,0,0
659,30000,31800,3,53443,53440,0,0
660,30000,31800,3,69296,69169,0,0
661,30000,31800,3,12604,133231,0,0
662,30000,31800,3,132467,132492,0,0
663,30000,31800,3,69223,1535,0,0
664,30000,31800,3,136212,143375,0,0
665,30000,31800,3,65209,78213,0,0
666,30000,31800,3,136230,136208,0,0
667,30000,31800,3,50660,81169,0,0
668,30000,31800,3,132798,37487,0,0
669,30000,31800,3,78263,78213,0,0
670,30000,31800,3,65210,78213,0,0
671,30000,31800,3,118879,175961,0,0
672,30000,31800,3,133221,55506,0,0
673,30000,31800,3,91833,91833,0,0
674,30000,31800,3,172824,50185,0,0
675,30000,31800,3,132903,78213,0,0
676,30000,31800,3,118869,147707,0,0
677,30000,31800,3,81906,132492,0,0
678,30000,31800,3,172843,112341,0,0
679,30000,31800,3,81083,78213,0,0
680,30000,31800,3,132809,91833,0,0
681,30000,31800,3,36190,81169,0,0
682,30000,31800,3,51785,81169,0,0
683,30000,31800,3,1511,65174,0,0
684,30000,31800,3,133215,55506,0,0
685,30000,31800,3,112055,161154,0,0
686,30000,31800,3,91818,91825,0,0
687,30000,31800,3,53445,50185,0,0
688,30000,31800,3,65357,124504,0,0
689,30000,31800,3,1551,68950,0,0
690,30000,31800,3,65330,124504,0,0
691,30000,31800,3,69165,69288,0,0
692,30000,31800,3,2661,1535,0,0
693,30000,31800,3,65379,69169,0,0
694,30000,31800,3,57822,81169,0,0
695,30000,31800,3,78289,78213,0,0
696,30000,31800,3,133169,132492,0,0
697,30000,31800,3,81030,78213,0,0
698,30000,31800,3,52619,50185,0,0
699,30000,31800,3,8187,132492,0,0
700,30000,31800,3,65108,37487,0,0
701,30000,31800,3,81934,132492,0,0
702,30000,31800,3,68974,68974,0,0
703,30000,31800,3,132493,132492,0,0
704,30000,31800,3,133287,37487,0,0
705,30000,31800,3,132485,132492,0,0
706,30000,31800,3,81127,81193,0,0
707,30000,31800,3,52567,50185,0,0
708,30000,31800,3,112316,36001,0,0
709,30000,31800,3,118872,175961,0,0
710,30000,31800,3,65332,124504,0,0
711,30000,31800,3,91842,91814,0,0
712,30000,31800,3,81029,112341,0,0
713,30000,31800,3,65364,91833,0,0
714,30000,31800,3,65179,65352,0,0
715,30000,31800,3,112341,112341,0,0
716,30000,31800,3,175894,147707,0,0
717,30000,31800,3,52828,112341,0,0
718,30000,31800,3,71225,147707,0,0
719,30000,31800,3,18487,175961,0,0
720,30000,31800,3,65342,91833,0,0
721,30000,31800,3,136247,69299,0,0
722,30000,31800,3,81160,78213,0,0
723,30000,31800,3,132801,37487,0,0
724,30000,31800,3,78306,78213,0,0
725,30000,31800,3,81015,81193,0,0
726,30000,31800,3,4087,69169,0,0
727,30000,31800,3,136212,143375,0,0
728,30000,31800,3,65164,69169,0,0
729,30000,31800,3,81928,132492,0,0
730,30000,31800,3,155313,69299,0,0
731,30000,31800,3,1553,68974,0,0
732,30000,31800,3,163788,147707,0,0
733,30000,31800,3,112307,112339,0,0
734,30000,31800,3,142375,112341,0,0
735,30000,31800,3,132778,65352,0,0
736,30000,31800,3,36023,36023,0,0
737,30000,31800,3,33663,55505,0,0
738,30000,31800,3,69267,1535,0,0
739,30000,31800,3,69273,69288,0,0
740,30000,31800,3,167043,37487,0,0
741,30000,31800,3,91838,57792,0,0
742,30000,31800,3,1913,69169,0,0
743,30000,31800,3,57813,81169,0,0
744,30000,31800,3,65332,124504,0,0
745,30000,31800,3,112104,55505,0,0
746,30000,31800,3,51785,81169,0,0
747,30000,31800,3,65235,37487,0,0
748,30000,31800,3,81053,78213,0,0
749,30000,31800,3,12621,91833,0,0
750,30000,31800,3,133220,55506,0,0
751,30000,31800,3,51784,81169,0,0
752,30000,31800,3,52646,81169,0,0
753,30000,31800,3,90688,65365,0,0
754,30000,31800,3,1943,69169,0,0
755,30000,31800,3,35956,81169,0,0
756,30000,31800,3,52656,81169,0,0
757,30000,31800,3,166980,37487,0,0
758,30000,31800,3,65321,91833,0,0
759,30000,31800,3,65338,69299,0,0
760,30000,31800,3,112329,90675,0,0
761,30000,31800,3,132817,37487,0,0
762,30000,31800,3,69169,69169,0,0
763,30000,31800,3,132536,151326,0,0
764,30000,31800,3,112304,91833,0,0
765,30000,31800,3,11439,132492,0,0
766,30000,31800,3,69285,69288,0,0
767,30000,31800,3,81116,57792,0,0
768,30000,31800,3,81160,78213,0,0
769,30000,31800,3,51784,81169,0,0
770,30000,31800,3,81059,78213,0,0
771,30000,31800,3,78250,78213,0,0
772,30000,31800,3,69291,69288,0,0
773,30000,31800,3,132461,132492,0,0
774,30000,31800,3,132476,50185,0,0
775,30000,31800,3,132818,91833,0,0
776,30000,31800,3,81889,132492,0,0
777,30000,31800,3,81882,132492,0,0
778,30000,31800,3,57786,57792,0,0
779,30000,31800,3,81078,78213,0,0
780,30000,31800,3,7968,57792,0,0
781,30000,31800,3,142373,112341,0,0
782,30000,31800,3,81082,81193,0,0
783,30000,31800,3,81924,78213,0,0
784,30000,31800,3,78230,78213,0,0
785,30000,31800,3,51786,81169,0,0
786,30000,31800,3,90678,90675,0,0
787,30000,31800,3,65125,78213,0,0
788,30000,31800,3,81871,78213,0,0
789,30000,31800,3,81901,132492,0,0
790,30000,31800,3,90670,90675,0,0
791,30000,31800,3,65336,124504,0,0
792,30000,31800,3,33685,69288,0,0
793,30000,31800,3,172885,50185,0,0
794,30000,31800,3,65159,69169,0,0
795,30000,31800,3,65354,124504,0,0
796,30000,31800,3,57805,57792,0,0
797,30000,31800,3,81041,81193,0,0
798,30000,31800,3,81126,81193,0,0
799,30000,31800,3,78260,132492,0,0
800,30000,31800,3,53438,81193,0,0
801,30000,31800,3,69854,69853,0,0
802,30000,31800,3,91818,91825,0,0
803,30000,31800,3,90685,90675,0,0
804,30000,31800,3,132550,132492,0,0
805,30000,31800,3,81912,132492,0,0
806,30000,31800,3,136201,136208,0,0
807,30000,31800,3,81906,132492,0,0
808,30000,31800,3,12614,36023,0,0
809,30000,31800,3,112340,112339,0,0
810,30000,31800,3,78248,78213,0,0
811,30000,31800,3,68943,68974,0,0
812,30000,31800,3,65125,78213,0,0
813,30000,31800,3,81932,132492,0,0
814,30000,31800,3,132547,50185,0,0
815,30000,31800,3,1545,133231,0,0
816,30000,31800,3,81903,132492,0,0
817,30000,31800,3,118874,1535,0,0
818,30000,31800,3,50477,132492,0,0
819,30000,31800,3,136196,175961,0,0
820,30000,31800,3,132488,132492,0,0
821,30000,31800,3,112302,90675,0,0
822,30000,31800,3,172486,81169,0,0
823,30000,31800,3,112104,55505,0,0
824,30000,31800,3,53446,53440,0,0
825,30000,31800,3,136205,136208,0,0
826,30000,31800,3,53457,53440,0,0
827,30000,31800,3,112085,136208,0,0
828,30000,31800,3,33663,55505,0,0
829,30000,31800,3,112054,69299,0,0
830,30000,31800,3,81870,78213,0,0
831,30000,31800,3,167937,69288,0,0
832,30000,31800,3,81117,57792,0,0
833,30000,31800,3,91817,81193,0,0
834,30000,31800,3,118867,175961,0,0
835,30000,31800,3,165691,68950,0,0
836,30000,31800,3,52646,81169,0,0
837,30000,31800,3,69276,151326,0,0
838,30000,31800,3,81920,132492,0,0
839,30000,31800,3,12611,36023,0,0
840,30000,31800,3,2662,65358,0,0
841,30000,31800,3,65317,65365,0,0
842,30000,31800,3,174518,50185,0,0
843,30000,31800,3,132784,65352,0,0
844,30000,31800,3,1799,65174,0,0
845,30000,31800,3,81206,78213,0,0
846,30000,31800,3,126343,126352,0,0
847,30000,31800,3,12617,136208,0,0
848,30000,31800,3,65154,69169,0,0
849,30000,31800,3,65357,124504,0,0
850,30000,31800,3,90675,90675,0,0
851,30000,31800,3,134513,132492,0,0
852,30000,31800,3,81104,36023,0,0
853,30000,31800,3,136208,136208,0,0
854,30000,31800,3,52988,78213,0,0
855,30000,31800,3,52827,112341,0,0
856,30000,31800,3,68977,69169,0,0
857,30000,31800,3,69295,69169,0,0
858,30000,31800,3,112298,90675,0,0
859,30000,31800,3,81033,57792,0,0
860,30000,31800,3,51770,81169,0,0
861,30000,31800,3,50539,81169,0,0
862,30000,31800,3,18485,161154,0,0
863,30000,31800,3,53451,81193,0,0
864,30000,31800,3,81929,132492,0,0
865,30000,31800,3,132538,151326,0,0
866,30000,31800,3,112307,112339,0,0
867,30000,31800,3,118861,1535,0,0
868,30000,31800,3,68972,69169,0,0
869,30000,31800,3,78214,78213,0,0
870,30000,31800,3,78229,78213,0,0
871,30000,31800,3,81189,78213,0,0
872,30000,31800,3,11429,132492,0,0
873,30000,31800,3,1909,81193,0,0
874,30000,31800,3,132809,91833,0,0
875,30000,31800,3,65204,78213,0,0
876,30000,31800,3,65175,65174,0,0
877,30000,31800,3,12617,136208,0,0
878,30000,31800,3,172316,55505,0,0
879,30000,31800,3,68963,69169,0,0
880,30000,31800,3,81887,132492,0,0
881,30000,31800,3,1947,37487,0,0
882,30000,31800,3,69286,68950,0,0
883,30000,31800,3,90668,90675,0,0
884,30000,31800,3,27953,151326,0,0
885,30000,31800,3,65367,65365,0,0
886,30000,31800,3,90684,112339,0,0
887,30000,31800,3,136231,143375,0,0
888,30000,31800,3,90682,90675,0,0
889,30000,31800,3,136207,161154,0,0
890,30000,31800,3,132785,37487,0,0
891,30000,31800,3,118893,1535,0,0
892,30000,31800,3,118854,175961,0,0
893,30000,31800,3,1898,69169,0,0
894,30000,31800,3,90688,65365,0,0
895,30000,31800,3,112058,55506,0,0
896,30000,31800,3,132779,65352,0,0
897,30000,31800,3,81881,132492,0,0
898,30000,31800,3,118867,175961,0,0
899,30000,31800,3,132543,91833,0,0
900,30000,31800,3,112311,57754,0,0
901,30000,31800,3,132819,132819,0,0
902,30000,31800,3,91824,91825,0,0
903,30000,31800,3,65157,78213,0,0
904,30000,31800,3,52983,81193,0,0
905,30000,31800,3,78295,78213,0,0
906,30000,31800,3,81044,81193,0,0
907,30000,31800,3,112091,133231,0,0
908,30000,31800,3,65339,161154,0,0
909,30000,31800,3,65404,37487,0,0
910,30000,31800,3,78284,78213,0,0
911,30000,31800,3,50553,81169,0,0
912,30000,31800,3,78296,78213,0,0
913,30000,31800,3,118860,1535,0,0
914,30000,31800,3,65171,65174,0,0
915,30000,31800,3,50652,112341,0,0
916,30000,31800,3,81040,81193,0,0
917,30000,31800,3,81197,78213,0,0
918,30000,31800,3,112110,133231,0,0
919,30000,31800,3,65179,65352,0,0
920,30000,31800,3,2661,1535,0,0
921,30000,31800,3,136196,175961,0,0
922,30000,31800,3,65234,37487,0,0
923,30000,31800,3,112072,55506,0,0
924,30000,31800,3,81916,132492,0,0
925,30000,31800,3,57757,57754,0,0
926,30000,31800,3,65335,124504,0,0
927,30000,31800,3,69269,69288,0,0
928,30000,31800,3,1801,68950,0,0
929,30000,31800,3,65343,91833,0,0
930,30000,31800,3,142385,112341,0,0
931,30000,31800,3,53448,53440,0,0
932,30000,31800,3,78265,78213,0,0
933,30000,31800,3,81883,132492,0,0
934,30000,31800,3,81939,132492,0,0
935,30000,31800,3,78214,78213,0,0
936,30000,31800,3,151327,69288,0,0
937,30000,31800,3,52832,81169,0,0
938,30000,31800,3,65335,124504,0,0
939,30000,31800,3,65355,124504,0,0
940,30000,31800,3,78208,78213,0,0
941,30000,31800,3,69850,55505,0,0
942,30000,31800,3,132811,91833,0,0
943,30000,31800,3,132800,37487,0,0
944,30000,31800,3,91818,91825,0,0
945,30000,31800,3,51773,81169,0,0
946,30000,31800,3,132923,132492,0,0
947,30000,31800,3,69283,68974,0,0
948,30000,31800,3,35908,133231,0,0
949,30000,31800,3,65258,37487,0,0
950,30000,31800,3,170166,112339,0,0
951,30000,31800,3,52651,81169,0,0
952,30000,31800,3,1509,68974,0,0
953,30000,31800,3,68972,69169,0,0
954,30000,31800,3,68946,68974,0,0
955,30000,31800,3,91807,91825,0,0
956,30000,31800,3,91816,91825,0,0
957,30000,31800,3,69277,151326,0,0
958,30000,31800,3,81037,57792,0,0
959,30000,31800,3,81191,81169,0,0
960,30000,31800,3,81022,81193,0,0
961,30000,31800,3,167665,90675,0,0
962,30000,31800,3,50653,112341,0,0
963,30000,31800,3,81111,81193,0,0
964,30000,31800,3,11441,132492,0,0
965,30000,31800,3,33670,69288,0,0
966,30000,31800,3,91804,91833,0,0
967,30000,31800,3,12621,91833,0,0
968,30000,31800,3,163787,147707,0,0
969,30000,31800,3,69224,147707,0,0
970,30000,31800,3,103205,69288,0,0
971,30000,31800,3,1914,69169,0,0
972,30000,31800,3,90672,90675,0,0
973,30000,31800,3,173582,132492,0,0
974,30000,31800,3,68975,69169,0,0
975,30000,31800,3,68943,68974,0,0
976,30000,31800,3,65208,78213,0,0
977,30000,31800,3,126353,151326,0,0
978,30000,31800,3,133218,55506,0,0
979,30000,31800,3,7938,132492,0,0
980,30000,31800,3,81160,78213,0,0
981,30000,31800,3,53457,53440,0,0
982,30000,31800,3,51765,81169,0,0
983,30000,31800,3,51878,81169,0,0
984,30000,31800,3,68971,69169,0,0
985,30000,31800,3,53464,53440,0,0
986,30000,31800,3,52988,78213,0,0
987,30000,31800,3,65258,37487,0,0
988,30000,31800,3,174586,50185,0,0
989,30000,31800,3,136193,136208,0,0
990,30000,31800,3,175961,175961,0,0
991,30000,31800,3,65374,124504,0,0
992,30000,31800,3,118889,161154,0,0
993,30000,31800,3,81057,78213,0,0
994,30000,31800,3,81003,78213,0,0
995,30000,31800,3,132818,91833,0,0
996,30000,31800,3,65180,65352,0,0
997,30000,31800,3,65317,65365,0,0
998,30000,31800,3,126350,69288,0,0
999,30000,31800,3,1950,37487,0,0
1000,30000,31800,3,81883,132492,0,0
