Time,SimulationTime,LinkID,CarTrafficVolume(OD),CarTrafficVolume(DO),CarVelocity(km/h)(OD),CarVelocity(km/h)(DO),CarVelocity(km/h),TrafficVolume,Velocity(km/h),ONodeID,DNodeID,O_Lon,O_Lat,D_Lon,D_Lat
1602145801000,30601,251983,0,0,0,0,30,1,4.02931,175893,175894,139.83040619,35.67544690,139.83058244,35.67554032
1602145801000,30601,251075,0,0,0.00000000,0.00000000,30.00000000,2,3.59058888,173973,173974,139.83935640,35.66908527,139.83933858,35.66896027
1602145801000,30601,250839,0,0,0.00000000,0.00000000,30.00000000,1,3.85157321,173283,173284,139.82189904,35.67434280,139.82148594,35.67432590
1602145801000,30601,250838,0,0,0.00000000,0.00000000,30.00000000,1,4.00138048,173282,173283,139.82516438,35.67332163,139.82194654,35.67433657
1602145801000,30601,249124,0,0,0.00000000,0.00000000,30.00000000,4,3.82498025,170079,170080,139.84152127,35.68154368,139.84157490,35.68171040
1602145801000,30601,246770,0,0,0.00000000,0.00000000,30.00000000,6,3.98237749,164935,175961,139.83756905,35.67544321,139.83786855,35.67537307
1602145801000,30601,246113,0,0,0.00000000,0.00000000,30.00000000,2,3.93777909,163788,175893,139.83005839,35.67577874,139.83033075,35.67545897
1602145801000,30601,245460,0,0,0.00000000,0.00000000,30.00000000,1,2.23228458,162543,168767,139.84441968,35.68179791,139.84376770,35.68186780
1602145801000,30601,244538,0,0,0.00000000,0.00000000,30.00000000,3,3.66689402,161155,161156,139.84082990,35.68520634,139.84083374,35.68513297
1602145801000,30601,244537,0,0,0.00000000,0.00000000,30.00000000,5,3.82770109,161153,161154,139.83968687,35.67874972,139.83969153,35.67878015
1602145801000,30601,242937,0,0,0.00000000,0.00000000,40.00000000,12,2.03831489,158772,158773,139.82493840,35.67796700,139.82479000,35.67803537
1602145801000,30601,242935,0,0,0.00000000,0.00000000,50.00000000,5,1.96425787,158768,158772,139.82486543,35.67802952,139.82493439,35.67797451
1602145801000,30601,242934,0,0,0.00000000,0.00000000,50.00000000,3,0.00000000,158768,158771,139.82470131,35.67816050,139.82474176,35.67812817
1602145801000,30601,242933,0,0,0.00000000,0.00000000,50.00000000,3,0.00000000,158767,158771,139.82456084,35.67828134,139.82450953,35.67832697
1602145801000,30601,242932,0,0,0.00000000,0.00000000,50.00000000,3,3.86807522,158767,158770,139.82451419,35.67833008,139.82439703,35.67850223
1602145801000,30601,241979,0,0,0.00000000,0.00000000,30.00000000,2,3.54876357,157524,157526,139.82148538,35.68487451,139.82137731,35.68486357
1602145801000,30601,241978,0,0,0.00000000,0.00000000,30.00000000,2,4.01167696,157524,157525,139.82149103,35.68487497,139.82242420,35.68492997
1602145801000,30601,235911,0,0,0.00000000,0.00000000,30.00000000,2,3.52837207,151340,175115,139.83570616,35.67438930,139.83558710,35.67438764
1602145801000,30601,232395,0,0,0.00000000,0.00000000,40.00000000,5,4.03380707,147713,163787,139.82984212,35.67644708,139.82977863,35.67614447
1602145801000,30601,232394,0,0,0.00000000,0.00000000,40.00000000,5,3.88780162,147712,147713,139.82994338,35.67658705,139.82985947,35.67648296
1602145801000,30601,232393,0,0,0.00000000,0.00000000,30.00000000,2,3.95187782,147711,147714,139.82645773,35.67717301,139.82588167,35.67732726
1602145801000,30601,232391,0,0,0.00000000,0.00000000,30.00000000,3,3.96203523,147708,163788,139.83006668,35.67598935,139.83004870,35.67580809
1602145801000,30601,232390,0,0,0.00000000,0.00000000,40.00000000,5,3.89240514,147708,163787,139.83002689,35.67604861,139.82981900,35.67609329
1602145801000,30601,232389,0,0,0.00000000,0.00000000,50.00000000,11,3.73284035,147707,147712,139.82979711,35.67675196,139.82992062,35.67673655
1602145801000,30601,227161,0,0,0.00000000,0.00000000,30.00000000,1,3.93954085,142594,142596,139.82536259,35.66618453,139.82479515,35.66616300
1602145801000,30601,227160,0,0,0.00000000,0.00000000,50.00000000,2,3.87532802,142594,142595,139.82549266,35.66622206,139.82558805,35.66654761
1602145801000,30601,220393,0,0,0.00000000,0.00000000,30.00000000,3,3.88118938,136247,155311,139.84274197,35.68475438,139.84268454,35.68525748
1602145801000,30601,220387,0,0,0.00000000,0.00000000,40.00000000,1,3.63912599,136241,136243,139.84325443,35.68415442,139.84326872,35.68421712
1602145801000,30601,220377,0,0,0.00000000,0.00000000,40.00000000,2,3.31560182,136234,136235,139.84207484,35.68142237,139.84201560,35.68143440
1602145801000,30601,220376,0,0,0.00000000,0.00000000,40.00000000,3,3.86296563,136233,136234,139.84203709,35.68115890,139.84211432,35.68136549
1602145801000,30601,220375,0,0,0.00000000,0.00000000,50.00000000,3,3.87445116,136232,162543,139.84443638,35.68162382,139.84446660,35.68174418
1602145801000,30601,220374,0,0,0.00000000,0.00000000,40.00000000,1,3.89472647,136231,136236,139.84311279,35.68120011,139.84247895,35.68134211
1602145801000,30601,220372,0,0,0.00000000,0.00000000,50.00000000,4,3.95937600,136229,136232,139.84430251,35.68113245,139.84441344,35.68153628
1602145801000,30601,220371,0,0,0.00000000,0.00000000,40.00000000,2,3.99036136,136229,136231,139.84423154,35.68109850,139.84313007,35.68119741
1602145801000,30601,220369,0,0,0.00000000,0.00000000,30.00000000,8,0.00000000,136228,143375,139.84517911,35.68148933,139.84515489,35.68149215
1602145801000,30601,220368,0,0,0.00000000,0.00000000,30.00000000,8,3.99389808,136228,136232,139.84506663,35.68150242,139.84448271,35.68157016
1602145801000,30601,220367,0,0,0.00000000,0.00000000,30.00000000,8,4.00658619,136227,143375,139.84510650,35.68087910,139.84520162,35.68144049
1602145801000,30601,220366,0,0,0.00000000,0.00000000,30.00000000,4,3.95004526,136227,143374,139.84509380,35.68078695,139.84503895,35.68033425
1602145801000,30601,220363,0,0,0.00000000,0.00000000,40.00000000,1,3.57109527,136224,136230,139.84212881,35.68108858,139.84226670,35.68105942
1602145801000,30601,220362,0,0,0.00000000,0.00000000,40.00000000,16,3.99388571,136223,167664,139.83905694,35.68036648,139.84021598,35.68059028
1602145801000,30601,220361,0,0,0.00000000,0.00000000,40.00000000,1,3.97791979,136222,136224,139.84199906,35.68054390,139.84205998,35.68104937
1602145801000,30601,220360,0,0,0.00000000,0.00000000,40.00000000,5,3.78464085,136221,136222,139.84196663,35.68030732,139.84198707,35.68045228
1602145801000,30601,220359,0,0,0.00000000,0.00000000,30.00000000,3,3.93067960,136220,136221,139.84295270,35.68018400,139.84201623,35.68025731
1602145801000,30601,220356,0,0,0.00000000,0.00000000,40.00000000,1,3.81717113,136217,136218,139.84163215,35.68016964,139.84142027,35.68041022
1602145801000,30601,220349,0,0,0.00000000,0.00000000,40.00000000,2,3.85007415,136211,136213,139.84276812,35.67909214,139.84279510,35.67936113
1602145801000,30601,220347,0,0,0.00000000,0.00000000,30.00000000,3,3.95811898,136210,136211,139.84376013,35.67898856,139.84281921,35.67904288
1602145801000,30601,220346,0,0,0.00000000,0.00000000,40.00000000,32,4.00696482,136208,136209,139.84171810,35.67855070,139.84083345,35.67862616
1602145801000,30601,220345,0,0,0.00000000,0.00000000,20.00000000,13,4.00369940,136206,136209,139.84068064,35.67813209,139.84076531,35.67858875
1602145801000,30601,220344,0,0,0.00000000,0.00000000,50.00000000,1,3.85837636,136205,136210,139.84373507,35.67860297,139.84381054,35.67893540
1602145801000,30601,220341,0,0,0.00000000,0.00000000,20.00000000,13,4.00332437,136202,136206,139.84350875,35.67789353,139.84073071,35.67808044
1602145801000,30601,220337,0,0,0.00000000,0.00000000,40.00000000,1,3.88173910,136197,136198,139.83858946,35.67766393,139.83814924,35.67768057
1602145801000,30601,220336,0,0,0.00000000,0.00000000,40.00000000,1,4.00139406,136197,136203,139.83871313,35.67764407,139.83894605,35.67758062
1602145801000,30601,220333,0,0,0.00000000,0.00000000,40.00000000,1,3.06640723,136193,136195,139.84240924,35.67625647,139.84239718,35.67621936
1602145801000,30601,220326,0,0,0.00000000,0.00000000,40.00000000,1,3.94961047,136189,136191,139.83799051,35.67586376,139.83806745,35.67688030
1602145801000,30601,217260,0,0,0.00000000,0.00000000,30.00000000,17,3.99218607,133231,174538,139.83919497,35.67394234,139.83895437,35.67381286
1602145801000,30601,217259,0,0,0.00000000,0.00000000,30.00000000,17,3.98968083,133230,174538,139.83888553,35.67364138,139.83893129,35.67378648
1602145801000,30601,217258,0,0,0.00000000,0.00000000,30.00000000,17,4.00399765,133229,133230,139.83944613,35.67340040,139.83891692,35.67358884
1602145801000,30601,217257,0,0,0.00000000,0.00000000,30.00000000,3,3.84537027,133227,133228,139.82879589,35.67280029,139.82868532,35.67252594
1602145801000,30601,217256,0,0,0.00000000,0.00000000,30.00000000,5,3.99934497,133226,133228,139.82713887,35.67284403,139.82861758,35.67249671
1602145801000,30601,217254,0,0,0.00000000,0.00000000,30.00000000,1,3.54797760,133221,133222,139.84066427,35.66801132,139.84067410,35.66810870
1602145801000,30601,217252,0,0,0.00000000,0.00000000,30.00000000,2,3.58671444,133217,133218,139.84057460,35.66797424,139.84046027,35.66798787
1602145801000,30601,217251,0,0,0.00000000,0.00000000,30.00000000,1,0.00000000,133217,133221,139.84068260,35.66796301,139.84060312,35.66797023
1602145801000,30601,217248,0,0,0.00000000,0.00000000,30.00000000,1,3.91436731,133215,133219,139.84035429,35.66694869,139.84031459,35.66705151
1602145801000,30601,217247,0,0,0.00000000,0.00000000,30.00000000,1,3.93911675,133213,133215,139.84035068,35.66666791,139.84036410,35.66687472
1602145801000,30601,217244,0,0,0.00000000,0.00000000,30.00000000,1,3.65139900,133212,133213,139.84058366,35.66658605,139.84039594,35.66661224
1602145801000,30601,216868,0,0,0.00000000,0.00000000,40.00000000,2,4.04848539,132777,132779,139.83134754,35.68580612,139.83170067,35.68582717
1602145801000,30601,208612,0,0,0.00000000,0.00000000,30.00000000,1,3.97926175,126356,175894,139.83092140,35.67524342,139.83065661,35.67552968
1602145801000,30601,208611,0,0,0.00000000,0.00000000,40.00000000,1,3.28139965,126356,132535,139.83101360,35.67524844,139.83104326,35.67529138
1602145801000,30601,208608,0,0,0.00000000,0.00000000,30.00000000,5,3.97178969,126353,151326,139.83306709,35.67200783,139.83317470,35.67216380
1602145801000,30601,208605,0,0,0.00000000,0.00000000,30.00000000,1,3.79871008,126346,126350,139.82902715,35.66997259,139.82887574,35.67006141
1602145801000,30601,208603,0,0,0.00000000,0.00000000,30.00000000,1,3.92772031,126344,126349,139.83655978,35.66925963,139.83694526,35.66987189
1602145801000,30601,208601,0,0,0.00000000,0.00000000,40.00000000,4,4.01010952,126342,126352,139.83529707,35.67052702,139.83486910,35.67079754
1602145801000,30601,208600,0,0,0.00000000,0.00000000,40.00000000,1,4.01610773,126342,126349,139.83537406,35.67049252,139.83693036,35.66995896
1602145801000,30601,208598,0,0,0.00000000,0.00000000,40.00000000,3,3.99313726,126340,126342,139.83416058,35.66839243,139.83528945,35.67044450
1602145801000,30601,208597,0,0,0.00000000,0.00000000,40.00000000,2,3.96735544,126340,126341,139.83418958,35.66833242,139.83497517,35.66806326
1602145801000,30601,206204,0,0,0.00000000,0.00000000,30.00000000,2,4.01988335,124504,124505,139.83643458,35.68467019,139.83717096,35.68457125
1602145801000,30601,198730,0,0,0.00000000,0.00000000,40.00000000,1,3.95645692,118895,147708,139.83134973,35.67584846,139.83013165,35.67603005
1602145801000,30601,198727,0,0,0.00000000,0.00000000,30.00000000,1,3.87163395,118893,118896,139.83128013,35.67902057,139.83094750,35.67901860
1602145801000,30601,198724,0,0,0.00000000,0.00000000,30.00000000,2,3.97111380,118886,118888,139.83604100,35.67944252,139.83636997,35.67943906
1602145801000,30601,198723,0,0,0.00000000,0.00000000,30.00000000,5,4.02699730,118886,118887,139.83598649,35.67948838,139.83599001,35.67964966
1602145801000,30601,198722,0,0,0.00000000,0.00000000,30.00000000,2,3.84329884,118885,118888,139.83643820,35.67903958,139.83642446,35.67939541
1602145801000,30601,198721,0,0,0.00000000,0.00000000,30.00000000,3,3.86473569,118884,118886,139.83598115,35.67924672,139.83598451,35.67939828
1602145801000,30601,198719,0,0,0.00000000,0.00000000,30.00000000,2,3.89769759,118882,118884,139.83588357,35.67905811,139.83597015,35.67920820
1602145801000,30601,198717,0,0,0.00000000,0.00000000,30.00000000,2,3.90022663,118881,118882,139.83583501,35.67879987,139.83584404,35.67895104
1602145801000,30601,198716,0,0,0.00000000,0.00000000,30.00000000,1,3.91887295,118879,118881,139.83582173,35.67858253,139.83582956,35.67870991
1602145801000,30601,198714,0,0,0.00000000,0.00000000,30.00000000,1,4.28543524,118876,118879,139.83597683,35.67851167,139.83586255,35.67853675
1602145801000,30601,198713,0,0,0.00000000,0.00000000,30.00000000,1,3.88519818,118876,118878,139.83607332,35.67849982,139.83641891,35.67849192
1602145801000,30601,198711,0,0,0.00000000,0.00000000,30.00000000,3,4.03261535,118874,118880,139.83483217,35.67859702,139.83462343,35.67865000
1602145801000,30601,198708,0,0,0.00000000,0.00000000,30.00000000,3,3.99938015,118870,118874,139.83474060,35.67810417,139.83486819,35.67853912
1602145801000,30601,198707,0,0,0.00000000,0.00000000,50.00000000,5,4.03532545,118869,147712,139.83122837,35.67658108,139.83005201,35.67672016
1602145801000,30601,198706,0,0,0.00000000,0.00000000,50.00000000,3,4.01282952,118869,118894,139.83133757,35.67656798,139.83175149,35.67651687
1602145801000,30601,198703,0,0,0.00000000,0.00000000,30.00000000,2,3.75566474,118864,118870,139.83464808,35.67778783,139.83471492,35.67801648
1602145801000,30601,198702,0,0,0.00000000,0.00000000,30.00000000,1,3.47348870,118863,118868,139.83506371,35.67770814,139.83508427,35.67779347
1602145801000,30601,198700,0,0,0.00000000,0.00000000,30.00000000,2,4.00384069,118862,118865,139.83287276,35.67741041,139.83238426,35.67757450
1602145801000,30601,198698,0,0,0.00000000,0.00000000,50.00000000,3,3.96388142,118860,118880,139.83414420,35.67722800,139.83455332,35.67861750
1602145801000,30601,198697,0,0,0.00000000,0.00000000,30.00000000,1,4.09294268,118859,118863,139.83498658,35.67738837,139.83504237,35.67761961
1602145801000,30601,198693,0,0,0.00000000,0.00000000,50.00000000,1,2.82275855,118857,151339,139.83510675,35.67610245,139.83514960,35.67609733
1602145801000,30601,198690,0,0,0.00000000,0.00000000,30.00000000,1,3.98279598,118855,118859,139.83491568,35.67709447,139.83496524,35.67729993
1602145801000,30601,198689,0,0,0.00000000,0.00000000,30.00000000,1,3.82298074,118855,118858,139.83485046,35.67705880,139.83451707,35.67711394
1602145801000,30601,198686,0,0,0.00000000,0.00000000,30.00000000,2,4.00543238,118854,118855,139.83510475,35.67701945,139.83495976,35.67704147
1602145801000,30601,198685,0,0,0.00000000,0.00000000,50.00000000,1,4.14227405,118853,151339,139.83537157,35.67607138,139.83525832,35.67608452
1602145801000,30601,198684,0,0,0.00000000,0.00000000,30.00000000,1,3.78075055,118852,118877,139.83594017,35.67836887,139.83567784,35.67840865
1602145801000,30601,198681,0,0,0.00000000,0.00000000,30.00000000,2,4.11966883,118851,118854,139.83543436,35.67699355,139.83522012,35.67700711
1602145801000,30601,198680,0,0,0.00000000,0.00000000,30.00000000,3,4.01177337,118851,118853,139.83548464,35.67693381,139.83544852,35.67619451
1602145801000,30601,198679,0,0,0.00000000,0.00000000,30.00000000,1,4.00768319,118850,118852,139.83599105,35.67693827,139.83599455,35.67830282
1602145801000,30601,198677,0,0,0.00000000,0.00000000,30.00000000,2,3.98287079,118848,118862,139.83400124,35.67725864,139.83289745,35.67740471
1602145801000,30601,189953,0,0,0.00000000,0.00000000,50.00000000,3,4.07165857,112337,143381,139.84523889,35.68657551,139.84524893,35.68635140
1602145801000,30601,189691,0,0,0.00000000,0.00000000,40.00000000,1,3.94371676,112111,112112,139.84145829,35.68463331,139.84258264,35.68467433
1602145801000,30601,189689,0,0,0.00000000,0.00000000,30.00000000,8,3.94234793,112107,143372,139.84122980,35.66880069,139.84128328,35.66832771
1602145801000,30601,189686,0,0,0.00000000,0.00000000,30.00000000,1,3.99026498,112104,112106,139.83719815,35.66888227,139.83656989,35.66758104
1602145801000,30601,189684,0,0,0.00000000,0.00000000,30.00000000,3,3.93437256,112103,133219,139.84035018,35.66748339,139.84030968,35.66708748
1602145801000,30601,189682,0,0,0.00000000,0.00000000,30.00000000,6,4.04127239,112103,133216,139.84041244,35.66752432,139.84053536,35.66751108
1602145801000,30601,189681,0,0,0.00000000,0.00000000,30.00000000,10,3.92164596,112102,112103,139.84012098,35.66755577,139.84029751,35.66753671
1602145801000,30601,189680,0,0,0.00000000,0.00000000,40.00000000,1,3.96930226,112100,112104,139.83776509,35.66865795,139.83727863,35.66890405
1602145801000,30601,189678,0,0,0.00000000,0.00000000,40.00000000,2,3.95883692,112098,136246,139.84144633,35.68444110,139.84249017,35.68440557
1602145801000,30601,189677,0,0,0.00000000,0.00000000,40.00000000,3,4.00078536,112098,112111,139.84139287,35.68448808,139.84139638,35.68455479
1602145801000,30601,189676,0,0,0.00000000,0.00000000,40.00000000,3,3.78544128,112095,136203,139.83907501,35.67771375,139.83901375,35.67760460
1602145801000,30601,189674,0,0,0.00000000,0.00000000,30.00000000,5,3.99965812,112094,161153,139.84046140,35.67861862,139.83973422,35.67869948
1602145801000,30601,189670,0,0,0.00000000,0.00000000,30.00000000,6,4.00837674,112087,133216,139.84089369,35.66747413,139.84064558,35.66749949
1602145801000,30601,189667,0,0,0.00000000,0.00000000,50.00000000,6,3.28972906,112085,136194,139.84318718,35.67626402,139.84333840,35.67696009
1602145801000,30601,189666,0,0,0.00000000,0.00000000,40.00000000,2,3.92319365,112085,136193,139.84312065,35.67622767,139.84246902,35.67628968
1602145801000,30601,189662,0,0,0.00000000,0.00000000,30.00000000,3,3.91634154,112080,133218,139.84020735,35.66801649,139.84035021,35.66800058
1602145801000,30601,189661,0,0,0.00000000,0.00000000,30.00000000,31,4.01646135,112080,112102,139.84014338,35.66797888,139.84007363,35.66760726
1602145801000,30601,189660,0,0,0.00000000,0.00000000,40.00000000,15,3.87256770,112079,143372,139.84097461,35.66830437,139.84122135,35.66827886
1602145801000,30601,189656,0,0,0.00000000,0.00000000,30.00000000,2,3.99372260,112074,112093,139.84265303,35.67377233,139.84208893,35.67383788
1602145801000,30601,189651,0,0,0.00000000,0.00000000,30.00000000,2,3.99693142,112071,133231,139.83947091,35.67540485,139.83921923,35.67397356
1602145801000,30601,189650,0,0,0.00000000,0.00000000,40.00000000,1,3.89771866,112070,136199,139.84018755,35.67697182,139.83949462,35.67694583
1602145801000,30601,189649,0,0,0.00000000,0.00000000,40.00000000,4,3.99365182,112069,112111,139.84139282,35.68506210,139.84139911,35.68470470
1602145801000,30601,189647,0,0,0.00000000,0.00000000,30.00000000,3,3.96690375,112068,161155,139.84133062,35.68527850,139.84088128,35.68525322
1602145801000,30601,189645,0,0,0.00000000,0.00000000,30.00000000,3,3.96357180,112067,155311,139.84201418,35.68527993,139.84262191,35.68529817
1602145801000,30601,189644,0,0,0.00000000,0.00000000,40.00000000,4,3.98243207,112066,112069,139.84139026,35.68520710,139.84139123,35.68515227
1602145801000,30601,189643,0,0,0.00000000,0.00000000,40.00000000,8,0.00000000,112066,112068,139.84138905,35.68529763,139.84138965,35.68523389
1602145801000,30601,189642,0,0,0.00000000,0.00000000,30.00000000,4,3.98805825,112066,112067,139.84144766,35.68525300,139.84190267,35.68527571
1602145801000,30601,189640,0,0,0.00000000,0.00000000,30.00000000,4,3.85254883,112062,173974,139.83911944,35.66893365,139.83927821,35.66892063
1602145801000,30601,189639,0,0,0.00000000,0.00000000,30.00000000,27,4.00043965,112061,112080,139.84021499,35.66835506,139.84016025,35.66806807
1602145801000,30601,189638,0,0,0.00000000,0.00000000,40.00000000,18,4.00598911,112061,112079,139.84027818,35.66839264,139.84086560,35.66831682
1602145801000,30601,189637,0,0,0.00000000,0.00000000,30.00000000,5,3.95897236,112060,112062,139.83901098,35.66860208,139.83905919,35.66889481
1602145801000,30601,189636,0,0,0.00000000,0.00000000,40.00000000,9,4.00458408,112060,112061,139.83905701,35.66855157,139.84016917,35.66840677
1602145801000,30601,189633,0,0,0.00000000,0.00000000,50.00000000,6,3.96976361,112057,112059,139.84215256,35.66929753,139.84211479,35.66885468
1602145801000,30601,189631,0,0,0.00000000,0.00000000,30.00000000,1,3.97095613,112056,112057,139.84291780,35.66931243,139.84221207,35.66934142
1602145801000,30601,189630,0,0,0.00000000,0.00000000,30.00000000,6,3.96172803,112055,170079,139.84109623,35.68158010,139.84145520,35.68151125
1602145801000,30601,189626,0,0,0.00000000,0.00000000,50.00000000,1,2.02001876,112053,162543,139.84452537,35.68198700,139.84448846,35.68183314
1602145801000,30601,189622,0,0,0.00000000,0.00000000,40.00000000,4,4.00520785,112051,112095,139.84029362,35.67765827,139.83914878,35.67773856
1602145801000,30601,189621,0,0,0.00000000,0.00000000,40.00000000,1,3.99298103,112051,112070,139.84034376,35.67760819,139.84025920,35.67701237
1602145801000,30601,189620,0,0,0.00000000,0.00000000,40.00000000,5,4.00807482,112051,112094,139.84035844,35.67770127,139.84050863,35.67856765
1602145801000,30601,189618,0,0,0.00000000,0.00000000,50.00000000,13,4.00274612,112049,136202,139.84346429,35.67748728,139.84355818,35.67783903
1602145801000,30601,189617,0,0,0.00000000,0.00000000,50.00000000,9,3.39832992,112049,136194,139.84343925,35.67738811,139.84335842,35.67704846
1602145801000,30601,189616,0,0,0.00000000,0.00000000,30.00000000,1,1.58889042,112049,112108,139.84351318,35.67743282,139.84397923,35.67739774
1602145801000,30601,189614,0,0,0.00000000,0.00000000,30.00000000,2,3.97490767,112048,112050,139.84189275,35.67749076,139.84156919,35.67629554
1602145801000,30601,189613,0,0,0.00000000,0.00000000,40.00000000,2,4.01116712,112048,112049,139.84195434,35.67753759,139.84338954,35.67744161
1602145801000,30601,189612,0,0,0.00000000,0.00000000,50.00000000,1,3.95501840,112047,112056,139.84304308,35.67009485,139.84297825,35.66935412
1602145801000,30601,189611,0,0,0.00000000,0.00000000,50.00000000,4,3.91447743,112046,112057,139.84217756,35.66964096,139.84215971,35.66938903
1602145801000,30601,189608,0,0,0.00000000,0.00000000,50.00000000,1,3.94382095,112044,112046,139.84222021,35.67014402,139.84218458,35.66973035
1602145801000,30601,189604,0,0,0.00000000,0.00000000,40.00000000,1,1.60899177,112041,112042,139.84108363,35.67028054,139.84108309,35.67028454
1602145801000,30601,189603,0,0,0.00000000,0.00000000,30.00000000,5,2.97286389,112040,112091,139.84158109,35.67333879,139.84077986,35.67344534
1602145801000,30601,189602,0,0,0.00000000,0.00000000,30.00000000,1,3.90678155,112039,112040,139.84155160,35.67288990,139.84162724,35.67328614
1602145801000,30601,189595,0,0,0.00000000,0.00000000,30.00000000,3,4.01597060,112032,112040,139.84173261,35.67383314,139.84164453,35.67337626
1602145801000,30601,189594,0,0,0.00000000,0.00000000,30.00000000,3,3.85008763,112032,112093,139.84179633,35.67387182,139.84197956,35.67385057
1602145801000,30601,68138,0,0,0.00000000,0.00000000,50.00000000,1,3.94480184,35916,165662,139.84522478,35.68527820,139.84524513,35.68574208
1602145801000,30601,68135,0,0,0.00000000,0.00000000,40.00000000,1,3.99685977,35914,136241,139.84487362,35.68389289,139.84329987,35.68410170
1602145801000,30601,68134,0,0,0.00000000,0.00000000,50.00000000,1,3.94960334,35914,136237,139.84491920,35.68384081,139.84478012,35.68317807
1602145801000,30601,68131,0,0,0.00000000,0.00000000,50.00000000,1,1.33251919,35912,35916,139.84514465,35.68484850,139.84521489,35.68519407
1602145801000,30601,68129,0,0,0.00000000,0.00000000,50.00000000,2,4.03035307,35912,35914,139.84510911,35.68468308,139.84493842,35.68392898
1602145801000,30601,68128,0,0,0.00000000,0.00000000,40.00000000,1,3.95975746,35912,35913,139.84505086,35.68476330,139.84376412,35.68471650
1602145801000,30601,68125,0,0,0.00000000,0.00000000,30.00000000,16,4.00873020,35908,133229,139.84066284,35.67327411,139.83953732,35.67338089
1602145801000,30601,68124,0,0,0.00000000,0.00000000,40.00000000,6,4.03688332,35908,112091,139.84072422,35.67332296,139.84071597,35.67339677
1602145801000,30601,68121,0,0,0.00000000,0.00000000,50.00000000,4,3.92290313,35906,35911,139.84095626,35.67139510,139.84092897,35.67163468
1602145801000,30601,68119,0,0,0.00000000,0.00000000,30.00000000,1,3.91952205,35905,112101,139.84092977,35.67102780,139.84007100,35.67111790
1602145801000,30601,68117,0,0,0.00000000,0.00000000,50.00000000,2,3.93647163,35904,35906,139.84099312,35.67107237,139.84096677,35.67130297
1602145801000,30601,68116,0,0,0.00000000,0.00000000,40.00000000,1,0.00000000,35904,35905,139.84100459,35.67098079,139.84099172,35.67107737
1602145801000,30601,68115,0,0,0.00000000,0.00000000,50.00000000,2,3.90393445,35903,112071,139.83994507,35.67547573,139.83954805,35.67552329
1602145801000,30601,68110,0,0,0.00000000,0.00000000,30.00000000,1,3.88378001,35901,112074,139.84328311,35.67370121,139.84276371,35.67375967
1602145801000,30601,68107,0,0,0.00000000,0.00000000,50.00000000,1,3.78764369,35897,170944,139.84285752,35.66619617,139.84288194,35.66622845
1602145801000,30601,68106,0,0,0.00000000,0.00000000,50.00000000,1,4.02790711,35897,35898,139.84269076,35.66606079,139.84213825,35.66611216
1602145801000,30601,68105,0,0,0.00000000,0.00000000,40.00000000,2,2.88634660,35896,69848,139.83798888,35.66868378,139.83789453,35.66970338
1602145801000,30601,68104,0,0,0.00000000,0.00000000,40.00000000,3,4.01476132,35896,112060,139.83805553,35.66862619,139.83895128,35.66856225
1602145801000,30601,68103,0,0,0.00000000,0.00000000,40.00000000,1,0.94667844,35896,112100,139.83792872,35.66863551,139.83781593,35.66864403
1602145801000,30601,68102,0,0,0.00000000,0.00000000,30.00000000,5,4.00268481,35895,112086,139.84102774,35.66632423,139.84101526,35.66649428
1602145801000,30601,68101,0,0,0.00000000,0.00000000,40.00000000,2,3.96925511,35895,35898,139.84107456,35.66626263,139.84195548,35.66613341
1602145801000,30601,68100,0,0,0.00000000,0.00000000,30.00000000,1,3.92810677,35894,112106,139.83637558,35.66716666,139.83653017,35.66749746
1602145801000,30601,64369,0,0,0.00000000,0.00000000,30.00000000,2,3.96625123,33695,167936,139.82226138,35.66602370,139.82321007,35.66604712
1602145801000,30601,64365,0,0,0.00000000,0.00000000,50.00000000,2,0.16506907,33693,69164,139.82572123,35.66974612,139.82573864,35.66978316
1602145801000,30601,64364,0,0,0.00000000,0.00000000,40.00000000,2,4.01056830,33692,33695,139.82208484,35.66774020,139.82220164,35.66606611
1602145801000,30601,64360,0,0,0.00000000,0.00000000,50.00000000,3,2.56230456,33690,142595,139.82562969,35.66790058,139.82559108,35.66656665
1602145801000,30601,64359,0,0,0.00000000,0.00000000,50.00000000,3,4.00230981,33690,33693,139.82563336,35.66799762,139.82571378,35.66971648
1602145801000,30601,64348,0,0,0.00000000,0.00000000,40.00000000,1,3.29764228,33684,69280,139.83257242,35.66714467,139.83298847,35.66807538
1602145801000,30601,64338,0,0,0.00000000,0.00000000,40.00000000,3,4.00583771,33676,35895,139.83811927,35.66661761,139.84096460,35.66627695
1602145801000,30601,64333,0,0,0.00000000,0.00000000,40.00000000,1,3.74014781,33672,33673,139.82923061,35.66816378,139.82909176,35.66806575
1602145801000,30601,64332,0,0,0.00000000,0.00000000,50.00000000,1,3.95824459,33671,33672,139.82961201,35.66795705,139.82930289,35.66816517
1602145801000,30601,64330,0,0,0.00000000,0.00000000,30.00000000,2,3.96300260,33670,33682,139.83029329,35.66674744,139.82931356,35.66707284
1602145801000,30601,64329,0,0,0.00000000,0.00000000,40.00000000,2,3.92118552,33670,33681,139.83039660,35.66671378,139.83082233,35.66657789
1602145801000,30601,64328,0,0,0.00000000,0.00000000,50.00000000,11,3.99455564,33669,173286,139.83065198,35.66768650,139.82984453,35.66795353
1602145801000,30601,64326,0,0,0.00000000,0.00000000,50.00000000,1,0.00000000,33669,33683,139.83079126,35.66764292,139.83073224,35.66766073
1602145801000,30601,64324,0,0,0.00000000,0.00000000,50.00000000,2,0.85917779,33668,33671,139.83063391,35.66759121,139.82969574,35.66791811
1602145801000,30601,64323,0,0,0.00000000,0.00000000,40.00000000,5,1.51407107,33668,33670,139.83070369,35.66751787,139.83036590,35.66677353
1602145801000,30601,64322,0,0,0.00000000,0.00000000,50.00000000,9,0.00000000,33668,33669,139.83070742,35.66765680,139.83071735,35.66759481
1602145801000,30601,64320,0,0,0.00000000,0.00000000,40.00000000,1,0.00141376,33667,33684,139.83253430,35.66705878,139.83253434,35.66705888
1602145801000,30601,64316,0,0,0.00000000,0.00000000,40.00000000,5,1.91448455,33664,33676,139.83800715,35.66614965,139.83805627,35.66657723
1602145801000,30601,64313,0,0,0.00000000,0.00000000,50.00000000,1,0.58198413,33663,33666,139.83783759,35.66597373,139.83709292,35.66589008
1602145801000,30601,64312,0,0,0.00000000,0.00000000,40.00000000,1,3.48285881,33663,33665,139.83789536,35.66591039,139.83785990,35.66584692
1602145801000,30601,64311,0,0,0.00000000,0.00000000,40.00000000,2,0.00000000,33663,33664,139.83798247,35.66606190,139.83795839,35.66602112
1602145801000,30601,54249,0,0,0.00000000,0.00000000,50.00000000,1,3.98897665,27953,69276,139.83281392,35.67284791,139.83260968,35.67214845
1602145801000,30601,54244,0,0,0.00000000,0.00000000,50.00000000,1,3.90485225,27952,27953,139.83294766,35.67331879,139.83283970,35.67293780
1602145801000,30601,4455,0,0,0.00000000,0.00000000,40.00000000,2,3.93852883,1951,132775,139.82306695,35.68614838,139.82312693,35.68541047
1602145801000,30601,4453,0,0,0.00000000,0.00000000,40.00000000,2,3.82332555,1949,1951,139.82310697,35.68625949,139.82307405,35.68618777
1602145801000,30601,4449,0,0,0.00000000,0.00000000,40.00000000,4,3.93748638,1948,1949,139.82307879,35.68655897,139.82311318,35.68632902
1602145801000,30601,4445,0,0,0.00000000,0.00000000,40.00000000,4,3.99919359,1946,1948,139.82421538,35.68673190,139.82313342,35.68660990
1602145801000,30601,4443,0,0,0.00000000,0.00000000,30.00000000,2,3.96526041,1945,68956,139.82377894,35.68019034,139.82412245,35.67978671
1602145801000,30601,4442,0,0,0.00000000,0.00000000,40.00000000,3,0.00000000,1944,4089,139.82450584,35.68096611,139.82451174,35.68094585
1602145801000,30601,4441,0,0,0.00000000,0.00000000,40.00000000,4,3.99994337,1944,68967,139.82452690,35.68087106,139.82459840,35.68033597
1602145801000,30601,4440,0,0,0.00000000,0.00000000,30.00000000,2,3.87274385,1943,68967,139.82420152,35.68027419,139.82454583,35.68028607
1602145801000,30601,4380,0,0,0.00000000,0.00000000,50.00000000,1,3.95255245,1922,65154,139.82233369,35.68093950,139.82310759,35.68006503
1602145801000,30601,4372,0,0,0.00000000,0.00000000,30.00000000,1,3.94333317,1919,68942,139.82317209,35.68089718,139.82277318,35.68139210
1602145801000,30601,4370,0,0,0.00000000,0.00000000,30.00000000,1,3.99269870,1919,1945,139.82325974,35.68079312,139.82368988,35.68029449
1602145801000,30601,4368,0,0,0.00000000,0.00000000,50.00000000,3,0.00000000,1918,65153,139.82330034,35.67996547,139.82323168,35.68005435
1602145801000,30601,4367,0,0,0.00000000,0.00000000,50.00000000,2,3.94342029,1917,1920,139.82272083,35.68064653,139.82235754,35.68102885
1602145801000,30601,4365,0,0,0.00000000,0.00000000,50.00000000,3,3.96863398,1917,1918,139.82278330,35.68057677,139.82324143,35.68003797
1602145801000,30601,4363,0,0,0.00000000,0.00000000,50.00000000,17,4.00342848,1916,158769,139.82447794,35.67857639,139.82459493,35.67844679
1602145801000,30601,4358,0,0,0.00000000,0.00000000,50.00000000,7,4.02222100,1914,65153,139.82366714,35.67953324,139.82331315,35.67994916
1602145801000,30601,4357,0,0,0.00000000,0.00000000,50.00000000,7,2.38967541,1914,1916,139.82373067,35.67945840,139.82439581,35.67867298
1602145801000,30601,4353,0,0,0.00000000,0.00000000,50.00000000,17,3.84272165,1911,158769,139.82480534,35.67821662,139.82478209,35.67824200
1602145801000,30601,4352,0,0,0.00000000,0.00000000,30.00000000,2,3.93551251,1911,1913,139.82490046,35.67811877,139.82549698,35.67774962
1602145801000,30601,4351,0,0,0.00000000,0.00000000,50.00000000,20,4.01013781,1911,1912,139.82489057,35.67812474,139.82584044,35.67748575
1602145801000,30601,4338,0,0,0.00000000,0.00000000,50.00000000,4,3.42980858,1907,65376,139.82446005,35.67528545,139.82330061,35.67546995
1602145801000,30601,4337,0,0,0.00000000,0.00000000,40.00000000,4,2.74429288,1907,65375,139.82449708,35.67520502,139.82430038,35.67447354
1602145801000,30601,4335,0,0,0.00000000,0.00000000,50.00000000,2,3.96283551,1906,68947,139.82688546,35.67480896,139.82820562,35.67449828
1602145801000,30601,4332,0,0,0.00000000,0.00000000,50.00000000,9,3.95615665,1904,1907,139.82492449,35.67519674,139.82457166,35.67526568
1602145801000,30601,4331,0,0,0.00000000,0.00000000,50.00000000,10,3.32132326,1904,1906,139.82503195,35.67517572,139.82669080,35.67485097
1602145801000,30601,4327,0,0,0.00000000,0.00000000,40.00000000,1,3.63642706,1902,35898,139.84212461,35.66598195,139.84208311,35.66604643
1602145801000,30601,4322,0,0,0.00000000,0.00000000,30.00000000,2,3.99578929,1899,1900,139.82587567,35.67755988,139.82697108,35.67725190
1602145801000,30601,4321,0,0,0.00000000,0.00000000,40.00000000,2,4.00691487,1897,1899,139.82566067,35.67849229,139.82577790,35.67761471
1602145801000,30601,4320,0,0,0.00000000,0.00000000,30.00000000,1,0.69719992,1897,69152,139.82571438,35.67854348,139.82571645,35.67854392
1602145801000,30601,4319,0,0,0.00000000,0.00000000,40.00000000,10,3.98460657,1896,68971,139.82454991,35.67881983,139.82457345,35.67924037
1602145801000,30601,4318,0,0,0.00000000,0.00000000,40.00000000,10,0.41362919,1896,1916,139.82453650,35.67873762,139.82452087,35.67869963
1602145801000,30601,4317,0,0,0.00000000,0.00000000,40.00000000,1,3.97791555,1895,1898,139.82556888,35.67897513,139.82515669,35.68107965
1602145801000,30601,4316,0,0,0.00000000,0.00000000,40.00000000,1,3.95133943,1895,1897,139.82558691,35.67888288,139.82564595,35.67858002
1602145801000,30601,4095,0,0,0.00000000,0.00000000,40.00000000,1,0.08514160,1798,65176,139.82654724,35.68574139,139.82649669,35.68573057
1602145801000,30601,4094,0,0,0.00000000,0.00000000,50.00000000,1,4.05732613,1798,1952,139.82659831,35.68589688,139.82655946,35.68641396
1602145801000,30601,3492,0,0,0.00000000,0.00000000,40.00000000,1,0.00000000,1553,68974,139.83071801,35.68163136,139.83076929,35.68163210
1602145801000,30601,3489,0,0,0.00000000,0.00000000,40.00000000,2,3.98862868,1551,68952,139.82860358,35.68386143,139.82904970,35.68388057
1602145801000,30601,3488,0,0,0.00000000,0.00000000,30.00000000,2,3.57080314,1551,68960,139.82851695,35.68377663,139.82846874,35.68352942
1602145801000,30601,3485,0,0,0.00000000,0.00000000,30.00000000,2,3.97912399,1549,1550,139.82867806,35.68537068,139.82709389,35.68528842
1602145801000,30601,3481,0,0,0.00000000,0.00000000,40.00000000,1,3.85713529,1547,69267,139.83013563,35.67955396,139.83062669,35.67961695
1602145801000,30601,3478,0,0,0.00000000,0.00000000,50.00000000,1,3.72880128,1545,112076,139.84205641,35.67468122,139.84229900,35.67459805
1602145801000,30601,3474,0,0,0.00000000,0.00000000,50.00000000,1,4.00198083,1543,35903,139.84049168,35.67541015,139.84005433,35.67546263
1602145801000,30601,3472,0,0,0.00000000,0.00000000,50.00000000,1,3.97401311,1542,1545,139.84117646,35.67523254,139.84198252,35.67471691
1602145801000,30601,3470,0,0,0.00000000,0.00000000,50.00000000,1,4.02284058,1542,1543,139.84094438,35.67535915,139.84060199,35.67539759
1602145801000,30601,3465,0,0,0.00000000,0.00000000,40.00000000,1,3.94569595,1538,1553,139.83126446,35.68163911,139.83082866,35.68163294
1602145801000,30601,3464,0,0,0.00000000,0.00000000,40.00000000,1,3.97451329,1538,1552,139.83137358,35.68164170,139.83293332,35.68169443
1602145801000,30601,3461,0,0,0.00000000,0.00000000,40.00000000,6,0.00000000,1537,2661,139.83499096,35.68013541,139.83493911,35.68012894
1602145801000,30601,3459,0,0,0.00000000,0.00000000,40.00000000,5,4.01574138,1536,118893,139.83133801,35.67938715,139.83133624,35.67906544
1602145801000,30601,3458,0,0,0.00000000,0.00000000,40.00000000,4,3.94861310,1535,69267,139.83127297,35.67969246,139.83073617,35.67963022
1602145801000,30601,3455,0,0,0.00000000,0.00000000,40.00000000,5,4.00791870,1535,1536,139.83133597,35.67964826,139.83133787,35.67947768
1602145801000,30601,3424,0,0,0.00000000,0.00000000,30.00000000,3,4.00308336,1523,65174,139.82663026,35.68709790,139.82845893,35.68716229
1602145801000,30601,3423,0,0,0.00000000,0.00000000,50.00000000,3,1.53073159,1523,65175,139.82658403,35.68697347,139.82667657,35.68588773
1602145801000,30601,3422,0,0,0.00000000,0.00000000,40.00000000,4,4.00518738,1522,1946,139.82535076,35.68688581,139.82432645,35.68674585
1602145801000,30601,3419,0,0,0.00000000,0.00000000,50.00000000,1,1.60658828,1521,1952,139.82651488,35.68697769,139.82655250,35.68650407
1602145801000,30601,3417,0,0,0.00000000,0.00000000,30.00000000,5,0.00000000,1521,1523,139.82660044,35.68712565,139.82648444,35.68699706
1602145801000,30601,3416,0,0,0.00000000,0.00000000,40.00000000,4,1.55132836,1521,1522,139.82645169,35.68701936,139.82546739,35.68690083
1602145801000,30601,3393,0,0,0.00000000,0.00000000,40.00000000,2,3.99993339,1512,68958,139.82369730,35.68491023,139.82394113,35.68384207
1602145801000,30601,3392,0,0,0.00000000,0.00000000,40.00000000,7,4.04402075,1512,68957,139.82363702,35.68495813,139.82294341,35.68492295
1602145801000,30601,3391,0,0,0.00000000,0.00000000,30.00000000,3,3.47345075,1511,1550,139.82677328,35.68516517,139.82704938,35.68527857
1602145801000,30601,3390,0,0,0.00000000,0.00000000,50.00000000,7,2.31698949,1511,65175,139.82669322,35.68520466,139.82668309,35.68569434
1602145801000,30601,3386,0,0,0.00000000,0.00000000,40.00000000,10,4.00149772,1510,1512,139.82448531,35.68499730,139.82374850,35.68496348
1602145801000,30601,3385,0,0,0.00000000,0.00000000,40.00000000,10,3.68087475,1510,1511,139.82459459,35.68500322,139.82660731,35.68512750
1602145801000,30601,3381,0,0,0.00000000,0.00000000,50.00000000,1,4.03586763,1508,1541,139.82767835,35.68097604,139.82761795,35.68042251
1602145801000,30601,3380,0,0,0.00000000,0.00000000,50.00000000,2,3.00833646,1507,68970,139.82754080,35.68156781,139.82740577,35.68200607
1602145801000,30601,3379,0,0,0.00000000,0.00000000,40.00000000,5,3.99758986,1507,68944,139.82765525,35.68154048,139.82807231,35.68154275
1602145801000,30601,3378,0,0,0.00000000,0.00000000,40.00000000,2,3.82715187,1506,1509,139.82749143,35.68142613,139.82722634,35.68138388
1602145801000,30601,3377,0,0,0.00000000,0.00000000,50.00000000,1,3.95558192,1506,1508,139.82759223,35.68139521,139.82767621,35.68101512
1602145801000,30601,3376,0,0,0.00000000,0.00000000,50.00000000,3,0.00000000,1506,1507,139.82756617,35.68148912,139.82757029,35.68147665
1602145801000,30601,3375,0,0,0.00000000,0.00000000,50.00000000,8,3.99686969,1505,1906,139.82698811,35.67613060,139.82679908,35.67491203
1602145801000,30601,3374,0,0,0.00000000,0.00000000,30.00000000,8,3.99866434,1505,147709,139.82709858,35.67616259,139.82791431,35.67586083
1602145801000,30601,3373,0,0,0.00000000,0.00000000,50.00000000,22,3.99810905,1504,69169,139.82738398,35.67705485,139.82852899,35.67690397
1602145801000,30601,3368,0,0,0.00000000,0.00000000,50.00000000,17,4.00261747,1502,158772,139.82585094,35.67742005,139.82496115,35.67795512
1602145801000,30601,3367,0,0,0.00000000,0.00000000,30.00000000,2,3.94219568,1501,147711,139.82692646,35.67706464,139.82656497,35.67714596
1602145801000,30601,3366,0,0,0.00000000,0.00000000,50.00000000,11,3.40890316,1500,1912,139.82691056,35.67715536,139.82589332,35.67746098
1602145801000,30601,3365,0,0,0.00000000,0.00000000,30.00000000,2,0.00000000,1500,1900,139.82698607,35.67724918,139.82699806,35.67723545
1602145801000,30601,3363,0,0,0.00000000,0.00000000,50.00000000,32,4.06414018,1500,1504,139.82722013,35.67707759,139.82727311,35.67707008
1602145801000,30601,3362,0,0,0.00000000,0.00000000,50.00000000,2,3.47182174,1500,1503,139.82714534,35.67723641,139.82743062,35.67918694
1602145801000,30601,3361,0,0,0.00000000,0.00000000,50.00000000,15,2.93799738,1500,1502,139.82687880,35.67715288,139.82590531,35.67739768
1602145801000,30601,3360,0,0,0.00000000,0.00000000,30.00000000,2,0.00000000,1500,1501,139.82686577,35.67704018,139.82698578,35.67706388
1602145801000,30601,6150,0,0,0.00000000,0.00000000,50.00000000,6,3.43480339,2661,118880,139.83500104,35.68007341,139.83457983,35.67870565
1602145801000,30601,6152,0,0,0.00000000,0.00000000,30.00000000,1,1.00112360,2662,170177,139.83515170,35.68116989,139.83486030,35.68120690
1602145801000,30601,6153,0,0,0.00000000,0.00000000,50.00000000,2,2.56247187,2662,65354,139.83522263,35.68120275,139.83614424,35.68432102
1602145801000,30601,9585,0,0,0.00000000,0.00000000,50.00000000,1,3.61550163,4082,4085,139.84340539,35.67154781,139.84093619,35.67190168
1602145801000,30601,9586,0,0,0.00000000,0.00000000,50.00000000,1,3.99709158,4083,170944,139.84329209,35.67076371,139.84289916,35.66627200
1602145801000,30601,9588,0,0,0.00000000,0.00000000,40.00000000,8,4.00921077,4085,35908,139.84088539,35.67199683,139.84073480,35.67323159
1602145801000,30601,9591,0,0,0.00000000,0.00000000,50.00000000,4,0.37506825,4085,35911,139.84090794,35.67181093,139.84091806,35.67172706
1602145801000,30601,9592,0,0,0.00000000,0.00000000,40.00000000,3,1.52771372,4085,133224,139.84099419,35.67185248,139.84107916,35.67180480
1602145801000,30601,9594,0,0,0.00000000,0.00000000,30.00000000,1,3.94680065,4086,69293,139.82321259,35.67917019,139.82357416,35.67873750
1602145801000,30601,9598,0,0,0.00000000,0.00000000,40.00000000,1,3.92839237,4088,4089,139.82435451,35.68147273,139.82448595,35.68103322
1602145801000,30601,9600,0,0,0.00000000,0.00000000,30.00000000,2,3.75523292,4089,68972,139.82455335,35.68100025,139.82476540,35.68104470
1602145801000,30601,9603,0,0,0.00000000,0.00000000,30.00000000,1,3.96076590,4091,68941,139.82273367,35.68246453,139.82400971,35.68247884
1602145801000,30601,27161,0,0,0.00000000,0.00000000,40.00000000,2,3.87150026,12601,12604,139.84226826,35.67160941,139.84172217,35.67170408
1602145801000,30601,27168,0,0,0.00000000,0.00000000,30.00000000,1,3.91906428,12603,112040,139.84254415,35.67320191,139.84169132,35.67332359
1602145801000,30601,27169,0,0,0.00000000,0.00000000,40.00000000,3,3.97788661,12604,133224,139.84161058,35.67172178,139.84112536,35.67178949
1602145801000,30601,27171,0,0,0.00000000,0.00000000,50.00000000,1,3.96026536,12605,112044,139.84227856,35.67092719,139.84222744,35.67023441
1602145801000,30601,27174,0,0,0.00000000,0.00000000,30.00000000,1,3.92045952,12606,12607,139.84191577,35.66718629,139.84103928,35.66722875
1602145801000,30601,27178,0,0,0.00000000,0.00000000,30.00000000,6,3.99757890,12607,112086,139.84098083,35.66718197,139.84100993,35.66658529
1602145801000,30601,27179,0,0,0.00000000,0.00000000,30.00000000,7,4.03615730,12607,112087,139.84097537,35.66727153,139.84096333,35.66743002
1602145801000,30601,27183,0,0,0.00000000,0.00000000,40.00000000,7,3.96769574,12610,143372,139.84199269,35.66822476,139.84133582,35.66826871
1602145801000,30601,27185,0,0,0.00000000,0.00000000,50.00000000,6,2.47199804,12610,112059,139.84205243,35.66826771,139.84210601,35.66876399
1602145801000,30601,27197,0,0,0.00000000,0.00000000,50.00000000,2,3.54560032,12616,12617,139.84296105,35.67513117,139.84294883,35.67506535
1602145801000,30601,27198,0,0,0.00000000,0.00000000,50.00000000,2,0.00000000,12616,12618,139.84297740,35.67522050,139.84297076,35.67518370
1602145801000,30601,27200,0,0,0.00000000,0.00000000,30.00000000,1,3.85004349,12617,112109,139.84299552,35.67501400,139.84342809,35.67496289
1602145801000,30601,27202,0,0,0.00000000,0.00000000,50.00000000,4,3.99061342,12618,112085,139.84298786,35.67527347,139.84316876,35.67617563
1602145801000,30601,38113,0,0,0.00000000,0.00000000,40.00000000,14,2.81145917,18480,18481,139.83731358,35.68009941,139.83838560,35.68021563
1602145801000,30601,38114,0,0,0.00000000,0.00000000,30.00000000,3,3.95407315,18480,18482,139.83725103,35.68014291,139.83717740,35.68098220
1602145801000,30601,38115,0,0,0.00000000,0.00000000,40.00000000,11,0.00000000,18480,18484,139.83719422,35.68009465,139.83726422,35.68009288
1602145801000,30601,38116,0,0,0.00000000,0.00000000,40.00000000,14,3.67813638,18481,69301,139.83856908,35.68024535,139.83887172,35.68031241
1602145801000,30601,38119,0,0,0.00000000,0.00000000,40.00000000,10,3.98843925,18483,18484,139.83646345,35.68010186,139.83715242,35.68009492
1602145801000,30601,38120,0,0,0.00000000,0.00000000,30.00000000,7,3.94032699,18483,18485,139.83640753,35.68005745,139.83639396,35.67973069
1602145801000,30601,38122,0,0,0.00000000,0.00000000,30.00000000,1,3.85829351,18484,161157,139.83720735,35.68004540,139.83723229,35.67966923
1602145801000,30601,38123,0,0,0.00000000,0.00000000,30.00000000,5,3.97798587,18485,118887,139.83633719,35.67968717,139.83604680,35.67969391
1602145801000,30601,38126,0,0,0.00000000,0.00000000,50.00000000,2,3.96200154,18486,18489,139.83570640,35.67282823,139.83448966,35.67306927
1602145801000,30601,38130,0,0,0.00000000,0.00000000,30.00000000,2,4.00859804,18489,69855,139.83440559,35.67299983,139.83359183,35.67184196
1602145801000,30601,38132,0,0,0.00000000,0.00000000,50.00000000,2,0.00000000,18490,18491,139.83678848,35.67590076,139.83684053,35.67589314
1602145801000,30601,38134,0,0,0.00000000,0.00000000,50.00000000,3,3.99706204,18490,18493,139.83689741,35.67588481,139.83752914,35.67579229
1602145801000,30601,38135,0,0,0.00000000,0.00000000,40.00000000,1,1.32492894,18491,136192,139.83681620,35.67603330,139.83723541,35.67693592
1602145801000,30601,38136,0,0,0.00000000,0.00000000,50.00000000,1,1.44864354,18491,69304,139.83673329,35.67590838,139.83637313,35.67595403
1602145801000,30601,38138,0,0,0.00000000,0.00000000,50.00000000,2,3.87525103,18493,136189,139.83763513,35.67577775,139.83791108,35.67574193
1602145801000,30601,38139,0,0,0.00000000,0.00000000,30.00000000,6,4.02661623,18493,164935,139.83755606,35.67565895,139.83752952,35.67549233
1602145801000,30601,38147,0,0,0.00000000,0.00000000,40.00000000,1,1.60890562,18497,18498,139.83482280,35.66634944,139.83482586,35.66635710
1602145801000,30601,38150,0,0,0.00000000,0.00000000,50.00000000,1,4.00844411,18498,18499,139.83489484,35.66638611,139.83645581,35.66598756
1602145801000,30601,38152,0,0,0.00000000,0.00000000,50.00000000,3,3.15998445,18499,33664,139.83650034,35.66598365,139.83790374,35.66608557
1602145801000,30601,102638,0,0,0.00000000,0.00000000,30.00000000,6,4.00979103,55505,55506,139.83882260,35.66771720,139.83975809,35.66759573
1602145801000,30601,102639,0,0,0.00000000,0.00000000,30.00000000,41,4.01534351,55506,112102,139.83986586,35.66758299,139.84001155,35.66756750
1602145801000,30601,102640,0,0,0.00000000,0.00000000,30.00000000,1,3.95103088,55506,133214,139.83980401,35.66754449,139.83965547,35.66674248
1602145801000,30601,118292,0,0,0.00000000,0.00000000,40.00000000,1,0.00000000,65153,65154,139.82314885,35.67997132,139.82336475,35.67994531
1602145801000,30601,118311,0,0,0.00000000,0.00000000,40.00000000,2,3.31334822,65163,65165,139.82187701,35.67821741,139.82183172,35.67783346
1602145801000,30601,118312,0,0,0.00000000,0.00000000,40.00000000,2,3.99555011,65163,69295,139.82193829,35.67825786,139.82296749,35.67816140
1602145801000,30601,118315,0,0,0.00000000,0.00000000,40.00000000,2,3.95152653,65165,68961,139.82182113,35.67774374,139.82178511,35.67743847
1602145801000,30601,118325,0,0,0.00000000,0.00000000,40.00000000,3,3.99581496,65171,65172,139.82867873,35.68566808,139.83104049,35.68579090
1602145801000,30601,118326,0,0,0.00000000,0.00000000,40.00000000,4,4.00373705,65171,65173,139.82856842,35.68566239,139.82703259,35.68558378
1602145801000,30601,118327,0,0,0.00000000,0.00000000,30.00000000,1,4.00039290,65171,65174,139.82862008,35.68571035,139.82851645,35.68711997
1602145801000,30601,118328,0,0,0.00000000,0.00000000,40.00000000,3,3.93583358,65172,132777,139.83115152,35.68579639,139.83123593,35.68580029
1602145801000,30601,118330,0,0,0.00000000,0.00000000,40.00000000,3,3.98342937,65173,132893,139.82698226,35.68560492,139.82681628,35.68582213
1602145801000,30601,118331,0,0,0.00000000,0.00000000,40.00000000,5,0.14722952,65175,132893,139.82674009,35.68584518,139.82677335,35.68584324
1602145801000,30601,118332,0,0,0.00000000,0.00000000,40.00000000,1,3.77575512,65176,132776,139.82646131,35.68570716,139.82636277,35.68554655
1602145801000,30601,118336,0,0,0.00000000,0.00000000,40.00000000,2,3.90944848,65178,65334,139.83385517,35.68594961,139.83444163,35.68598258
1602145801000,30601,118338,0,0,0.00000000,0.00000000,40.00000000,2,3.98979474,65179,132779,139.83225676,35.68586338,139.83181132,35.68583409
1602145801000,30601,118339,0,0,0.00000000,0.00000000,30.00000000,1,3.82681386,65179,132781,139.83230724,35.68591318,139.83227412,35.68616081
1602145801000,30601,118601,0,0,0.00000000,0.00000000,30.00000000,1,3.65428680,65330,65374,139.83634729,35.68575693,139.83634959,35.68568377
1602145801000,30601,118602,0,0,0.00000000,0.00000000,30.00000000,2,3.96331455,65331,124504,139.83654762,35.68558983,139.83638892,35.68472130
1602145801000,30601,118603,0,0,0.00000000,0.00000000,30.00000000,1,3.98411731,65331,65374,139.83649168,35.68564153,139.83640612,35.68563987
1602145801000,30601,118605,0,0,0.00000000,0.00000000,40.00000000,4,3.98556929,65332,65334,139.83625369,35.68609010,139.83455204,35.68598896
1602145801000,30601,118606,0,0,0.00000000,0.00000000,30.00000000,4,3.98081218,65332,65335,139.83630473,35.68613907,139.83625892,35.68687063
1602145801000,30601,118607,0,0,0.00000000,0.00000000,30.00000000,1,3.96145963,65333,65372,139.83651894,35.68615111,139.83637546,35.68747492
1602145801000,30601,118609,0,0,0.00000000,0.00000000,30.00000000,4,1.22862055,65335,65371,139.83625769,35.68695719,139.83627535,35.68747067
1602145801000,30601,118611,0,0,0.00000000,0.00000000,40.00000000,1,3.98313057,65336,65337,139.83881653,35.68453597,139.83727888,35.68446544
1602145801000,30601,118616,0,0,0.00000000,0.00000000,30.00000000,1,0.00000000,65337,124505,139.83721245,35.68454589,139.83721451,35.68454075
1602145801000,30601,118620,0,0,0.00000000,0.00000000,30.00000000,2,1.11648663,65340,166775,139.83894649,35.68591135,139.83884621,35.68593992
1602145801000,30601,118621,0,0,0.00000000,0.00000000,30.00000000,3,3.99925817,65340,69303,139.83903475,35.68590253,139.83936957,35.68591921
1602145801000,30601,118653,0,0,0.00000000,0.00000000,40.00000000,2,0.00000000,65354,65355,139.83625165,35.68441492,139.83615612,35.68440936
1602145801000,30601,118654,0,0,0.00000000,0.00000000,30.00000000,2,0.00000000,65354,65356,139.83609729,35.68451844,139.83612978,35.68447047
1602145801000,30601,118657,0,0,0.00000000,0.00000000,50.00000000,1,3.62547062,65355,118891,139.83621621,35.68432724,139.83515652,35.68060509
1602145801000,30601,118658,0,0,0.00000000,0.00000000,30.00000000,3,3.93852862,65355,124504,139.83629161,35.68450947,139.83636376,35.68464516
1602145801000,30601,118659,0,0,0.00000000,0.00000000,50.00000000,1,3.97869369,65355,132540,139.83625480,35.68447616,139.83647994,35.68548555
1602145801000,30601,118663,0,0,0.00000000,0.00000000,40.00000000,1,4.02455196,65358,68966,139.83476496,35.68421622,139.83455614,35.68331529
1602145801000,30601,118689,0,0,0.00000000,0.00000000,50.00000000,1,3.99992957,65372,132540,139.83637287,35.68747678,139.83648163,35.68550600
1602145801000,30601,118694,0,0,0.00000000,0.00000000,40.00000000,4,3.97780183,65375,69260,139.82421146,35.67441698,139.82333161,35.67472640
1602145801000,30601,118695,0,0,0.00000000,0.00000000,30.00000000,3,3.93075715,65376,69259,139.82322937,35.67540755,139.82308078,35.67490027
1602145801000,30601,118700,0,0,0.00000000,0.00000000,40.00000000,4,3.90225523,65378,65379,139.82459925,35.67780521,139.82459065,35.67759040
1602145801000,30601,118701,0,0,0.00000000,0.00000000,40.00000000,4,2.00194780,65378,65380,139.82460364,35.67791431,139.82460622,35.67797818
1602145801000,30601,118703,0,0,0.00000000,0.00000000,30.00000000,3,3.92528197,65379,69296,139.82452946,35.67754707,139.82408246,35.67758684
1602145801000,30601,118704,0,0,0.00000000,0.00000000,40.00000000,7,1.67341188,65380,158766,139.82453068,35.67802687,139.82416329,35.67806049
1602145801000,30601,118708,0,0,0.00000000,0.00000000,40.00000000,11,0.00000000,65380,158773,139.82478079,35.67804444,139.82475334,35.67804053
1602145801000,30601,124271,0,0,0.00000000,0.00000000,40.00000000,2,3.98376235,68941,68958,139.82406404,35.68252711,139.82395761,35.68374578
1602145801000,30601,124272,0,0,0.00000000,0.00000000,30.00000000,5,0.00000000,68943,68944,139.82813772,35.68155219,139.82814428,35.68157912
1602145801000,30601,124273,0,0,0.00000000,0.00000000,30.00000000,2,3.94829177,68943,68945,139.82815512,35.68163991,139.82822644,35.68206594
1602145801000,30601,124274,0,0,0.00000000,0.00000000,40.00000000,7,4.00981169,68943,68946,139.82821085,35.68158875,139.82994897,35.68161437
1602145801000,30601,124275,0,0,0.00000000,0.00000000,30.00000000,1,3.81676262,68945,69160,139.82824143,35.68215547,139.82825252,35.68222174
1602145801000,30601,124277,0,0,0.00000000,0.00000000,30.00000000,1,3.93776915,68946,69268,139.83000520,35.68156932,139.83000530,35.68068206
1602145801000,30601,124278,0,0,0.00000000,0.00000000,40.00000000,8,3.99543663,68946,68974,139.83005890,35.68161642,139.83065941,35.68163006
1602145801000,30601,124282,0,0,0.00000000,0.00000000,30.00000000,4,3.93345435,68949,68950,139.83065402,35.68389469,139.83066331,35.68378169
1602145801000,30601,124283,0,0,0.00000000,0.00000000,30.00000000,1,3.96273362,68949,68951,139.83064272,35.68404043,139.83054306,35.68540710
1602145801000,30601,124284,0,0,0.00000000,0.00000000,40.00000000,3,3.99148605,68949,68952,139.83059304,35.68396361,139.82915907,35.68388580
1602145801000,30601,124289,0,0,0.00000000,0.00000000,40.00000000,2,3.92901622,68953,68954,139.82200273,35.68424446,139.82255648,35.68481519
1602145801000,30601,124291,0,0,0.00000000,0.00000000,40.00000000,7,4.00201489,68954,68957,139.82261821,35.68486036,139.82282305,35.68490584
1602145801000,30601,124292,0,0,0.00000000,0.00000000,30.00000000,3,3.88250410,68954,157525,139.82254172,35.68488174,139.82245672,35.68492360
1602145801000,30601,124293,0,0,0.00000000,0.00000000,30.00000000,2,3.97804089,68956,68971,139.82418545,35.67971266,139.82447779,35.67936904
1602145801000,30601,124300,0,0,0.00000000,0.00000000,30.00000000,1,3.66455884,68960,165690,139.82851522,35.68347776,139.82871534,35.68345298
1602145801000,30601,124302,0,0,0.00000000,0.00000000,40.00000000,1,3.89513524,68961,68963,139.82177403,35.67734715,139.82170440,35.67678441
1602145801000,30601,124305,0,0,0.00000000,0.00000000,30.00000000,1,4.05374047,68962,68975,139.82290392,35.67722827,139.82296474,35.67764140
1602145801000,30601,124306,0,0,0.00000000,0.00000000,30.00000000,1,3.87251223,68962,68976,139.82289001,35.67712706,139.82283090,35.67666420
1602145801000,30601,124309,0,0,0.00000000,0.00000000,40.00000000,1,3.97508390,68966,170175,139.83453408,35.68322864,139.83410417,35.68168566
1602145801000,30601,124311,0,0,0.00000000,0.00000000,40.00000000,6,3.99375730,68967,68971,139.82460338,35.68023996,139.82457838,35.67939365
1602145801000,30601,124312,0,0,0.00000000,0.00000000,30.00000000,2,3.92893001,68968,69296,139.82401118,35.67702149,139.82402125,35.67754275
1602145801000,30601,124314,0,0,0.00000000,0.00000000,30.00000000,1,3.93349055,68969,69290,139.82703897,35.68198326,139.82646880,35.68189940
1602145801000,30601,124315,0,0,0.00000000,0.00000000,30.00000000,1,4.11995996,68969,68970,139.82715808,35.68200352,139.82730571,35.68203202
1602145801000,30601,124316,0,0,0.00000000,0.00000000,50.00000000,1,4.90604417,68970,69266,139.82737864,35.68209363,139.82736753,35.68212934
1602145801000,30601,124318,0,0,0.00000000,0.00000000,30.00000000,1,3.98992383,68975,69295,139.82297623,35.67773258,139.82301600,35.67811077
1602145801000,30601,124574,0,0,0.00000000,0.00000000,30.00000000,3,3.98940745,69149,69168,139.84491802,35.68020729,139.84471432,35.67944278
1602145801000,30601,124575,0,0,0.00000000,0.00000000,30.00000000,3,0.00000000,69149,143374,139.84502961,35.68030945,139.84501492,35.68030135
1602145801000,30601,124576,0,0,0.00000000,0.00000000,50.00000000,6,3.26459956,69150,69166,139.82641364,35.67283475,139.82611309,35.67149205
1602145801000,30601,124577,0,0,0.00000000,0.00000000,30.00000000,6,4.01918244,69150,133226,139.82651868,35.67286632,139.82711221,35.67284753
1602145801000,30601,124579,0,0,0.00000000,0.00000000,40.00000000,9,4.00913626,69153,69154,139.84124956,35.68059739,139.84141413,35.68122558
1602145801000,30601,124580,0,0,0.00000000,0.00000000,40.00000000,9,3.92664983,69153,69155,139.84129998,35.68054301,139.84135208,35.68054023
1602145801000,30601,124581,0,0,0.00000000,0.00000000,40.00000000,18,4.00852887,69153,69156,139.84122412,35.68049624,139.84092533,35.67925548
1602145801000,30601,124583,0,0,0.00000000,0.00000000,40.00000000,3,3.93429668,69154,136233,139.84148546,35.68125895,139.84196694,35.68112925
1602145801000,30601,124584,0,0,0.00000000,0.00000000,40.00000000,6,4.02776055,69154,69158,139.84137955,35.68128721,139.84106593,35.68136989
1602145801000,30601,124585,0,0,0.00000000,0.00000000,40.00000000,3,3.67750172,69155,136218,139.84140492,35.68048490,139.84141006,35.68043289
1602145801000,30601,124586,0,0,0.00000000,0.00000000,40.00000000,6,4.01025253,69155,136222,139.84146442,35.68053344,139.84193664,35.68050235
1602145801000,30601,124587,0,0,0.00000000,0.00000000,40.00000000,25,3.99266561,69156,136209,139.84090385,35.67916682,139.84078503,35.67867978
1602145801000,30601,124588,0,0,0.00000000,0.00000000,30.00000000,7,3.99317160,69156,136211,139.84097366,35.67920198,139.84270721,35.67905100
1602145801000,30601,124590,0,0,0.00000000,0.00000000,40.00000000,6,4.00695996,69157,69159,139.84084928,35.68051863,139.84054925,35.67879882
1602145801000,30601,124591,0,0,0.00000000,0.00000000,40.00000000,17,3.98117801,69157,167664,139.84079738,35.68056999,139.84024763,35.68059264
1602145801000,30601,124592,0,0,0.00000000,0.00000000,40.00000000,6,3.98155029,69158,112055,139.84100970,35.68142352,139.84102883,35.68154211
1602145801000,30601,124594,0,0,0.00000000,0.00000000,30.00000000,7,3.98858050,69159,161154,139.84048428,35.67876071,139.83975173,35.67881941
1602145801000,30601,124596,0,0,0.00000000,0.00000000,40.00000000,1,3.87459923,69160,69162,139.82820100,35.68227283,139.82769061,35.68229702
1602145801000,30601,124598,0,0,0.00000000,0.00000000,50.00000000,3,0.00000000,69163,69164,139.82578619,35.66991563,139.82578902,35.66994126
1602145801000,30601,124599,0,0,0.00000000,0.00000000,50.00000000,4,4.01957483,69163,69165,139.82589063,35.66998931,139.82728580,35.66993705
1602145801000,30601,124601,0,0,0.00000000,0.00000000,50.00000000,1,0.87522487,69163,69236,139.82572195,35.66999162,139.82511522,35.66998092
1602145801000,30601,124603,0,0,0.00000000,0.00000000,50.00000000,1,1.65345974,69164,172318,139.82583876,35.66987222,139.82731272,35.66980554
1602145801000,30601,124604,0,0,0.00000000,0.00000000,50.00000000,4,3.96868726,69165,69287,139.82732447,35.66992998,139.82795658,35.66971478
1602145801000,30601,124605,0,0,0.00000000,0.00000000,30.00000000,8,3.96385349,69166,69272,139.82619454,35.67143370,139.82665659,35.67133590
1602145801000,30601,124608,0,0,0.00000000,0.00000000,30.00000000,2,3.91875839,69168,136212,139.84468924,35.67935303,139.84458165,35.67898062
1602145801000,30601,124609,0,0,0.00000000,0.00000000,30.00000000,5,3.99467811,69169,147709,139.82855318,35.67675838,139.82798597,35.67588085
1602145801000,30601,124686,0,0,0.00000000,0.00000000,40.00000000,3,3.98860593,69223,69224,139.83133147,35.67817048,139.83132893,35.67770781
1602145801000,30601,124687,0,0,0.00000000,0.00000000,40.00000000,2,0.00000000,69223,69225,139.83133199,35.67826072,139.83133157,35.67819157
1602145801000,30601,124688,0,0,0.00000000,0.00000000,30.00000000,1,3.97709503,69223,69226,139.83127343,35.67821596,139.82843520,35.67835540
1602145801000,30601,124689,0,0,0.00000000,0.00000000,40.00000000,2,3.90117806,69224,118869,139.83132755,35.67761810,139.83130577,35.67670507
1602145801000,30601,124690,0,0,0.00000000,0.00000000,30.00000000,2,3.96697775,69224,118865,139.83138767,35.67766211,139.83226061,35.67759861
1602145801000,30601,124691,0,0,0.00000000,0.00000000,40.00000000,4,4.00532179,69225,118893,139.83133210,35.67828342,139.83133576,35.67897531
1602145801000,30601,124692,0,0,0.00000000,0.00000000,30.00000000,1,3.95108456,69225,118873,139.83139776,35.67823552,139.83271670,35.67801760
1602145801000,30601,124759,0,0,0.00000000,0.00000000,30.00000000,2,3.91689585,69260,161162,139.82324586,35.67467792,139.82297620,35.67416410
1602145801000,30601,124760,0,0,0.00000000,0.00000000,30.00000000,1,4.00803145,69261,173282,139.82524400,35.67223821,139.82519966,35.67328116
1602145801000,30601,124772,0,0,0.00000000,0.00000000,40.00000000,1,1.03760040,69269,69270,139.82843611,35.66947063,139.82853248,35.66948800
1602145801000,30601,124773,0,0,0.00000000,0.00000000,50.00000000,8,3.43266136,69269,69271,139.82840214,35.66940155,139.82933053,35.66827082
1602145801000,30601,124774,0,0,0.00000000,0.00000000,50.00000000,10,3.95448921,69269,69287,139.82833622,35.66947084,139.82803908,35.66967628
1602145801000,30601,124776,0,0,0.00000000,0.00000000,50.00000000,8,3.96740576,69271,173286,139.82935678,35.66824823,139.82981932,35.66796515
1602145801000,30601,124777,0,0,0.00000000,0.00000000,30.00000000,5,3.99194001,69272,69284,139.82676558,35.67131039,139.82850816,35.67086815
1602145801000,30601,124782,0,0,0.00000000,0.00000000,30.00000000,1,3.46297540,69274,133223,139.83202192,35.66846535,139.83204893,35.66853111
1602145801000,30601,124784,0,0,0.00000000,0.00000000,50.00000000,1,0.80498628,69275,69277,139.83246760,35.67155757,139.83246541,35.67149512
1602145801000,30601,124785,0,0,0.00000000,0.00000000,40.00000000,2,3.87082254,69275,69278,139.83255655,35.67162292,139.83274314,35.67156000
1602145801000,30601,124786,0,0,0.00000000,0.00000000,40.00000000,1,2.77189416,69275,69279,139.83240414,35.67167539,139.83165494,35.67194017
1602145801000,30601,124787,0,0,0.00000000,0.00000000,30.00000000,2,3.92899079,69276,126353,139.83265940,35.67209053,139.83298194,35.67198050
1602145801000,30601,124788,0,0,0.00000000,0.00000000,30.00000000,3,3.94108486,69278,126353,139.83282899,35.67161107,139.83301043,35.67191942
1602145801000,30601,124792,0,0,0.00000000,0.00000000,40.00000000,2,3.65446244,69280,69281,139.83302327,35.66816488,139.83306043,35.66827515
1602145801000,30601,124794,0,0,0.00000000,0.00000000,40.00000000,3,4.00331036,69281,71228,139.83309114,35.66835999,139.83376728,35.67010917
1602145801000,30601,124795,0,0,0.00000000,0.00000000,30.00000000,1,4.00891830,69281,133223,139.83302209,35.66833051,139.83211768,35.66855982
1602145801000,30601,124798,0,0,0.00000000,0.00000000,30.00000000,5,4.02019024,69284,69289,139.82854280,35.67080790,139.82828643,35.67030192
1602145801000,30601,124800,0,0,0.00000000,0.00000000,30.00000000,14,4.00138074,69287,69288,139.82802954,35.66974052,139.82824054,35.67019867
1602145801000,30601,124801,0,0,0.00000000,0.00000000,30.00000000,5,0.00000000,69288,69289,139.82827548,35.67028154,139.82824901,35.67021270
1602145801000,30601,124802,0,0,0.00000000,0.00000000,30.00000000,2,3.97729311,69288,126350,139.82831083,35.67022527,139.82879162,35.67009550
1602145801000,30601,124806,0,0,0.00000000,0.00000000,50.00000000,2,3.91623366,69292,158770,139.82410713,35.67888346,139.82433928,35.67858563
1602145801000,30601,124807,0,0,0.00000000,0.00000000,30.00000000,1,3.99845021,69293,158766,139.82366961,35.67862328,139.82407055,35.67814361
1602145801000,30601,124808,0,0,0.00000000,0.00000000,40.00000000,4,3.99043829,69295,69297,139.82307663,35.67815175,139.82398108,35.67807650
1602145801000,30601,124810,0,0,0.00000000,0.00000000,40.00000000,4,0.00000000,69297,158766,139.82409176,35.67806693,139.82401893,35.67807342
1602145801000,30601,124811,0,0,0.00000000,0.00000000,30.00000000,8,3.99416661,69298,69299,139.84257792,35.68618110,139.84141520,35.68611049
1602145801000,30601,124812,0,0,0.00000000,0.00000000,30.00000000,3,4.03184879,69298,69300,139.84263716,35.68613878,139.84265225,35.68592716
1602145801000,30601,124813,0,0,0.00000000,0.00000000,30.00000000,3,4.00502969,69298,143381,139.84268908,35.68618709,139.84519216,35.68630454
1602145801000,30601,124814,0,0,0.00000000,0.00000000,30.00000000,3,3.98990002,69299,112096,139.84130446,35.68610337,139.83976699,35.68599955
1602145801000,30601,124815,0,0,0.00000000,0.00000000,40.00000000,12,4.01666385,69299,112068,139.84136423,35.68605964,139.84138781,35.68532497
1602145801000,30601,124817,0,0,0.00000000,0.00000000,30.00000000,1,3.94761792,69300,155314,139.84270780,35.68588472,139.84362844,35.68589027
1602145801000,30601,124818,0,0,0.00000000,0.00000000,40.00000000,14,0.00000000,69301,136223,139.83898680,35.68036361,139.83897695,35.68032419
1602145801000,30601,124821,0,0,0.00000000,0.00000000,40.00000000,2,3.95274998,69302,69306,139.83714998,35.67770777,139.83672132,35.67689946
1602145801000,30601,124822,0,0,0.00000000,0.00000000,30.00000000,3,1.56920575,69303,112096,139.83946919,35.68593117,139.83974521,35.68599628
1602145801000,30601,124823,0,0,0.00000000,0.00000000,50.00000000,8,4.22852921,69304,69305,139.83626409,35.67596755,139.83622392,35.67597205
1602145801000,30601,124824,0,0,0.00000000,0.00000000,40.00000000,3,3.99546706,69304,69306,139.83634523,35.67609470,139.83667870,35.67681170
1602145801000,30601,124825,0,0,0.00000000,0.00000000,50.00000000,4,4.01244613,69305,118853,139.83611507,35.67598457,139.83548133,35.67605862
1602145801000,30601,124826,0,0,0.00000000,0.00000000,30.00000000,3,4.00355284,69305,151340,139.83614706,35.67584990,139.83575914,35.67442458
1602145801000,30601,124827,0,0,0.00000000,0.00000000,30.00000000,1,4.03797702,69306,118850,139.83662779,35.67687275,139.83604552,35.67687901
1602145801000,30601,125559,0,0,0.00000000,0.00000000,40.00000000,1,1.94235283,69848,69849,139.83787615,35.66987220,139.83781838,35.67033665
1602145801000,30601,125560,0,0,0.00000000,0.00000000,40.00000000,1,2.23543090,69848,69850,139.83780691,35.66979650,139.83759710,35.66982457
1602145801000,30601,125570,0,0,0.00000000,0.00000000,40.00000000,2,3.98624565,69853,69854,139.83454558,35.67138033,139.83435554,35.67107853
1602145801000,30601,125571,0,0,0.00000000,0.00000000,30.00000000,2,3.99344993,69853,69855,139.83451941,35.67144191,139.83361677,35.67177856
1602145801000,30601,125572,0,0,0.00000000,0.00000000,40.00000000,2,0.00000000,69854,71227,139.83426965,35.67102587,139.83432352,35.67100830
1602145801000,30601,125573,0,0,0.00000000,0.00000000,40.00000000,2,4.03078324,69854,126352,139.83436956,35.67099176,139.83475543,35.67085545
1602145801000,30601,125575,0,0,0.00000000,0.00000000,40.00000000,3,0.00000000,69856,69857,139.84118313,35.66938161,139.84117963,35.66941754
1602145801000,30601,125576,0,0,0.00000000,0.00000000,40.00000000,3,2.53607432,69856,69858,139.84116737,35.66952927,139.84114863,35.66969364
1602145801000,30601,125577,0,0,0.00000000,0.00000000,40.00000000,6,4.01840596,69857,112107,139.84118735,35.66932780,139.84122084,35.66889271
1602145801000,30601,125579,0,0,0.00000000,0.00000000,40.00000000,1,4.07078107,69858,112041,139.84113845,35.66978480,139.84109437,35.67019087
1602145801000,30601,127734,0,0,0.00000000,0.00000000,50.00000000,1,3.97015007,71223,71226,139.83369388,35.67626606,139.83202166,35.67648318
1602145801000,30601,127736,0,0,0.00000000,0.00000000,50.00000000,1,3.93560426,71224,118848,139.83388334,35.67663791,139.83404616,35.67720386
1602145801000,30601,127741,0,0,0.00000000,0.00000000,50.00000000,3,0.60735676,71226,118894,139.83191320,35.67649698,139.83186712,35.67650260
1602145801000,30601,127743,0,0,0.00000000,0.00000000,40.00000000,2,2.10682641,71227,71228,139.83423893,35.67095727,139.83377208,35.67011940
1602146401000,31201,246770,0,0,0.00000000,0.00000000,30.00000000,10,3.90579331,164935,175961,139.83756905,35.67544321,139.83786855,35.67537307
1602146401000,31201,220362,0,0,0.00000000,0.00000000,40.00000000,1,4.00160585,136223,167664,139.83905694,35.68036648,139.84021598,35.68059028
1602146401000,31201,220346,0,0,0.00000000,0.00000000,40.00000000,8,3.98458915,136208,136209,139.84171810,35.67855070,139.84083345,35.67862616
1602146401000,31201,220345,0,0,0.00000000,0.00000000,20.00000000,2,4.01039455,136206,136209,139.84068064,35.67813209,139.84076531,35.67858875
1602146401000,31201,220341,0,0,0.00000000,0.00000000,20.00000000,1,4.00196777,136202,136206,139.84350875,35.67789353,139.84073071,35.67808044
1602146401000,31201,189950,0,0,0.00000000,0.00000000,40.00000000,3,4.02264545,112335,161134,139.84397910,35.68654752,139.84356055,35.68652214
1602146401000,31201,189949,0,0,0.00000000,0.00000000,40.00000000,3,4.00283595,112335,112337,139.84408932,35.68655413,139.84517968,35.68661881
1602146401000,31201,189682,0,0,0.00000000,0.00000000,30.00000000,6,4.04127239,112103,133216,139.84041244,35.66752432,139.84053536,35.66751108
1602146401000,31201,189681,0,0,0.00000000,0.00000000,30.00000000,6,4.14574001,112102,112103,139.84012098,35.66755577,139.84029751,35.66753671
1602146401000,31201,189670,0,0,0.00000000,0.00000000,30.00000000,6,4.07518301,112087,133216,139.84089369,35.66747413,139.84064558,35.66749949
1602146401000,31201,68102,0,0,0.00000000,0.00000000,30.00000000,4,4.00268481,35895,112086,139.84102774,35.66632423,139.84101526,35.66649428
1602146401000,31201,68101,0,0,0.00000000,0.00000000,40.00000000,1,3.99644179,35895,35898,139.84107456,35.66626263,139.84195548,35.66613341
1602146401000,31201,64365,0,0,0.00000000,0.00000000,50.00000000,6,0.09652770,33693,69164,139.82572123,35.66974612,139.82573864,35.66978316
1602146401000,31201,64362,0,0,0.00000000,0.00000000,50.00000000,1,1.18623373,33691,69164,139.82572183,35.66799963,139.82578022,35.66982841
1602146401000,31201,64359,0,0,0.00000000,0.00000000,50.00000000,3,4.01791336,33690,33693,139.82563336,35.66799762,139.82571378,35.66971648
1602146401000,31201,64358,0,0,0.00000000,0.00000000,40.00000000,2,2.37554429,33690,33692,139.82557135,35.66794664,139.82213685,35.66778775
1602146401000,31201,64338,0,0,0.00000000,0.00000000,40.00000000,3,4.00583771,33676,35895,139.83811927,35.66661761,139.84096460,35.66627695
1602146401000,31201,64316,0,0,0.00000000,0.00000000,40.00000000,1,1.49163318,33664,33676,139.83800715,35.66614965,139.83805627,35.66657723
1602146401000,31201,3490,0,0,0.00000000,0.00000000,40.00000000,3,4.00276721,1551,1799,139.82845853,35.68385574,139.82694918,35.68380178
1602146401000,31201,3489,0,0,0.00000000,0.00000000,40.00000000,3,3.93472829,1551,68952,139.82860358,35.68386143,139.82904970,35.68388057
1602146401000,31201,3456,0,0,0.00000000,0.00000000,40.00000000,6,4.00701995,1535,1537,139.83139820,35.67970718,139.83482917,35.68011568
1602146401000,31201,3424,0,0,0.00000000,0.00000000,30.00000000,17,4.00308336,1523,65174,139.82663026,35.68709790,139.82845893,35.68716229
1602146401000,31201,3423,0,0,0.00000000,0.00000000,50.00000000,12,1.90322264,1523,65175,139.82658403,35.68697347,139.82667657,35.68588773
1602146401000,31201,3390,0,0,0.00000000,0.00000000,50.00000000,9,1.80943578,1511,65175,139.82669322,35.68520466,139.82668309,35.68569434
1602146401000,31201,3389,0,0,0.00000000,0.00000000,50.00000000,3,4.03203610,1511,1799,139.82669951,35.68508898,139.82683265,35.68387239
1602146401000,31201,3375,0,0,0.00000000,0.00000000,50.00000000,4,3.98874597,1505,1906,139.82698811,35.67613060,139.82679908,35.67491203
1602146401000,31201,3374,0,0,0.00000000,0.00000000,30.00000000,4,3.99866434,1505,147709,139.82709858,35.67616259,139.82791431,35.67586083
1602146401000,31201,3373,0,0,0.00000000,0.00000000,50.00000000,22,3.98469900,1504,69169,139.82738398,35.67705485,139.82852899,35.67690397
1602146401000,31201,3366,0,0,0.00000000,0.00000000,50.00000000,9,1.90622119,1500,1912,139.82691056,35.67715536,139.82589332,35.67746098
1602146401000,31201,3363,0,0,0.00000000,0.00000000,50.00000000,12,4.38165114,1500,1504,139.82722013,35.67707759,139.82727311,35.67707008
1602146401000,31201,3361,0,0,0.00000000,0.00000000,50.00000000,3,2.08801072,1500,1502,139.82687880,35.67715288,139.82590531,35.67739768
1602146401000,31201,27178,0,0,0.00000000,0.00000000,30.00000000,4,4.04274928,12607,112086,139.84098083,35.66718197,139.84100993,35.66658529
1602146401000,31201,27179,0,0,0.00000000,0.00000000,30.00000000,4,3.96408306,12607,112087,139.84097537,35.66727153,139.84096333,35.66743002
1602146401000,31201,38132,0,0,0.00000000,0.00000000,50.00000000,10,0.00000000,18490,18491,139.83678848,35.67590076,139.83684053,35.67589314
1602146401000,31201,38134,0,0,0.00000000,0.00000000,50.00000000,10,4.02268424,18490,18493,139.83689741,35.67588481,139.83752914,35.67579229
1602146401000,31201,38136,0,0,0.00000000,0.00000000,50.00000000,10,0.28958745,18491,69304,139.83673329,35.67590838,139.83637313,35.67595403
1602146401000,31201,38139,0,0,0.00000000,0.00000000,30.00000000,10,4.19439190,18493,164935,139.83755606,35.67565895,139.83752952,35.67549233
1602146401000,31201,102638,0,0,0.00000000,0.00000000,30.00000000,9,4.00979103,55505,55506,139.83882260,35.66771720,139.83975809,35.66759573
1602146401000,31201,102639,0,0,0.00000000,0.00000000,30.00000000,6,3.99085970,55506,112102,139.83986586,35.66758299,139.84001155,35.66756750
1602146401000,31201,118637,0,0,0.00000000,0.00000000,40.00000000,3,3.98777767,65347,65348,139.84234135,35.68644938,139.84305333,35.68649152
1602146401000,31201,118639,0,0,0.00000000,0.00000000,40.00000000,3,4.00903366,65347,65365,139.84221615,35.68644187,139.84130839,35.68638542
1602146401000,31201,118640,0,0,0.00000000,0.00000000,40.00000000,3,3.95412917,65348,161134,139.84316379,35.68649814,139.84345017,35.68651546
1602146401000,31201,118653,0,0,0.00000000,0.00000000,40.00000000,1,0.00000000,65354,65355,139.83625165,35.68441492,139.83615612,35.68440936
1602146401000,31201,118655,0,0,0.00000000,0.00000000,50.00000000,4,1.55695741,65354,65357,139.83619984,35.68453154,139.83642930,35.68548390
1602146401000,31201,118656,0,0,0.00000000,0.00000000,40.00000000,7,3.99049031,65354,65358,139.83607236,35.68440261,139.83486547,35.68430931
1602146401000,31201,118661,0,0,0.00000000,0.00000000,50.00000000,4,4.01280562,65357,65371,139.83643120,35.68550730,139.83628052,35.68747253
1602146401000,31201,124282,0,0,0.00000000,0.00000000,30.00000000,3,4.11224773,68949,68950,139.83065402,35.68389469,139.83066331,35.68378169
1602146401000,31201,124284,0,0,0.00000000,0.00000000,40.00000000,3,4.00285780,68949,68952,139.83059304,35.68396361,139.82915907,35.68388580
1602146401000,31201,124576,0,0,0.00000000,0.00000000,50.00000000,1,4.00873622,69150,69166,139.82641364,35.67283475,139.82611309,35.67149205
1602146401000,31201,124590,0,0,0.00000000,0.00000000,40.00000000,13,4.01082023,69157,69159,139.84084928,35.68051863,139.84054925,35.67879882
1602146401000,31201,124591,0,0,0.00000000,0.00000000,40.00000000,1,3.98638217,69157,167664,139.84079738,35.68056999,139.84024763,35.68059264
1602146401000,31201,124594,0,0,0.00000000,0.00000000,30.00000000,14,3.99807712,69159,161154,139.84048428,35.67876071,139.83975173,35.67881941
1602146401000,31201,124598,0,0,0.00000000,0.00000000,50.00000000,7,0.00000000,69163,69164,139.82578619,35.66991563,139.82578902,35.66994126
1602146401000,31201,124599,0,0,0.00000000,0.00000000,50.00000000,7,4.01830762,69163,69165,139.82589063,35.66998931,139.82728580,35.66993705
1602146401000,31201,124600,0,0,0.00000000,0.00000000,50.00000000,1,2.88229549,69163,69166,139.82580711,35.67005141,139.82609361,35.67140237
1602146401000,31201,124601,0,0,0.00000000,0.00000000,50.00000000,1,3.35255626,69163,69236,139.82572195,35.66999162,139.82511522,35.66998092
1602146401000,31201,124604,0,0,0.00000000,0.00000000,50.00000000,8,3.98640462,69165,69287,139.82732447,35.66992998,139.82795658,35.66971478
1602146401000,31201,124609,0,0,0.00000000,0.00000000,30.00000000,8,4.00274816,69169,147709,139.82855318,35.67675838,139.82798597,35.67588085
1602146401000,31201,124610,0,0,0.00000000,0.00000000,50.00000000,1,3.98699155,69169,147707,139.82864171,35.67688916,139.82967072,35.67676698
1602146401000,31201,124713,0,0,0.00000000,0.00000000,30.00000000,1,3.53630351,69236,69261,139.82505822,35.67005614,139.82524380,35.67222880
1602146401000,31201,124773,0,0,0.00000000,0.00000000,50.00000000,4,4.01216046,69269,69271,139.82840214,35.66940155,139.82933053,35.66827082
1602146401000,31201,124774,0,0,0.00000000,0.00000000,50.00000000,4,3.96684699,69269,69287,139.82833622,35.66947084,139.82803908,35.66967628
1602146401000,31201,124776,0,0,0.00000000,0.00000000,50.00000000,4,3.96740576,69271,173286,139.82935678,35.66824823,139.82981932,35.66796515
1602146401000,31201,124777,0,0,0.00000000,0.00000000,30.00000000,3,3.99194001,69272,69284,139.82676558,35.67131039,139.82850816,35.67086815
1602146401000,31201,124798,0,0,0.00000000,0.00000000,30.00000000,3,4.04996943,69284,69289,139.82854280,35.67080790,139.82828643,35.67030192
1602146401000,31201,124800,0,0,0.00000000,0.00000000,30.00000000,13,4.01492638,69287,69288,139.82802954,35.66974052,139.82824054,35.67019867
1602146401000,31201,124801,0,0,0.00000000,0.00000000,30.00000000,3,0.00000000,69288,69289,139.82827548,35.67028154,139.82824901,35.67021270
1602146401000,31201,125572,0,0,0.00000000,0.00000000,40.00000000,1,0.00000000,69854,71227,139.83426965,35.67102587,139.83432352,35.67100830
1602146401000,31201,125573,0,0,0.00000000,0.00000000,40.00000000,1,4.03078324,69854,126352,139.83436956,35.67099176,139.83475543,35.67085545
1602146401000,31201,127743,0,0,0.00000000,0.00000000,40.00000000,1,1.20538101,71227,71228,139.83423893,35.67095727,139.83377208,35.67011940
1602147001000,31801,4336,0,0,0.00000000,0.00000000,50.00000000,1,3.79608663,1906,68948,139.82677336,35.67474904,139.82660705,35.67371247
1602147001000,31801,3375,0,0,0.00000000,0.00000000,50.00000000,1,3.98874597,1505,1906,139.82698811,35.67613060,139.82679908,35.67491203
1602147001000,31801,3374,0,0,0.00000000,0.00000000,30.00000000,1,4.05420135,1505,147709,139.82709858,35.67616259,139.82791431,35.67586083
1602147001000,31801,124280,0,0,0.00000000,0.00000000,50.00000000,1,2.37835100,68948,69150,139.82657250,35.67353336,139.82643394,35.67292452
1602147001000,31801,124609,0,0,0.00000000,0.00000000,30.00000000,1,4.00274816,69169,147709,139.82855318,35.67675838,139.82798597,35.67588085
