Time,SimulationTime,AgentID,Mode,Lon,Lat,Velocity(km/h),Acceleration(m/s),LinkID,LaneID,X,InNodeLane,CarFollowing,SignalStop,Transportation
1602165672000,50472,1,3,132.78292582,33.85275520,0.84454903,0.46919391,94362,-2,5.52134436,0,0,0,0
1602165673000,50473,1,3,132.78293109,33.85275505,2.66681222,0.54317456,94362,-2,6.00903109,0,0,0,0
1602165674000,50474,1,3,132.78294087,33.85275477,3.85430526,0.82325699,94362,-2,6.91473624,0,0,0,0
1602165675000,50475,1,3,132.78295243,33.85275443,3.85430546,0.65180118,94362,-2,7.98536666,0,0,0,0
1602165676000,50476,1,3,132.78296399,33.85275407,3.85430569,0.65180100,94362,-2,9.05599161,0,0,0,0
1602165677000,50477,1,3,132.78297555,33.85275371,3.85430592,0.65180079,94362,-2,10.12661122,0,0,0,0
1602165678000,50478,1,3,132.78298712,33.85275334,3.85430615,0.65180064,94362,-2,11.19722714,0,0,0,0
1602165679000,50479,1,3,132.78299868,33.85275297,3.85430638,0.65180053,94362,-2,12.26784068,0,0,0,0
1602165680000,50480,1,3,132.78301024,33.85275260,3.85430660,0.65180043,94362,-2,13.33845273,0,0,0,0
1602165681000,50481,1,3,132.78302180,33.85275222,3.85430683,0.65180034,94362,-2,14.40906388,0,0,0,0
1602165681000,50481,2,0,132.78293284,33.85279562,4.50917267,2.50509593,94362,1,6.03032037,0,0,0,0
1602165682000,50482,1,3,132.78303336,33.85275185,3.85430706,0.65180026,94362,-2,15.47967450,0,0,0,0
1602165682000,50482,2,0,132.78295685,33.85279499,11.49839031,1.37780276,94362,1,8.25359301,0,0,0,0
1602165683000,50483,1,3,132.78304492,33.85275147,3.85430729,0.65180019,94362,-2,16.55028483,0,0,0,0
1602165683000,50483,2,0,132.78299813,33.85279391,16.01883591,1.13355591,94362,1,12.07542998,0,0,0,0
1602165684000,50484,1,3,132.78305648,33.85275110,3.85430752,0.65180012,94362,-2,17.62089500,0,0,0,0
1602165684000,50484,2,0,132.78305150,33.85279251,19.55346364,0.83012616,94362,1,17.01602714,0,0,0,0
1602165685000,50485,1,3,132.78306804,33.85275072,3.85430775,0.65180005,94362,-2,18.69150510,0,0,0,0
1602165685000,50485,2,0,132.78311409,33.85279088,22.17557573,0.62660278,94362,1,22.81172706,0,0,0,0
1602165686000,50486,1,3,132.78307960,33.85275035,3.85430798,0.65179998,94362,-2,19.76211518,0,0,0,0
1602165686000,50486,2,0,132.78318359,33.85278906,24.14793154,0.46915045,94362,1,29.24554751,0,0,0,0
1602165687000,50487,1,3,132.78309116,33.85274997,3.85430821,0.65179991,94362,-2,20.83272529,0,0,0,0
1602165687000,50487,2,0,132.78325825,33.85278711,25.62604404,0.35202316,94362,1,36.15859967,0,0,0,0
1602165688000,50488,1,3,132.78310272,33.85274960,3.85430844,0.65179984,94362,-2,21.90333543,0,0,0,0
1602165688000,50488,2,0,132.78333680,33.85278506,26.73485929,0.26398531,94362,1,43.43094736,0,0,0,0
1602165689000,50489,1,3,132.78311428,33.85274922,3.85430866,0.65179977,94362,-2,22.97394563,0,0,0,0
1602165689000,50489,2,0,132.78341826,33.85278293,27.56642456,0.19799539,94362,1,50.97279234,0,0,0,0
1602165690000,50490,1,3,132.78312585,33.85274884,3.85430889,0.65179970,94362,-2,24.04455588,0,0,0,0
1602165690000,50490,2,0,132.78350227,33.85277948,28.19010774,0.14849526,1000011,-1,4.73015172,1,0,0,0
1602165691000,50491,1,3,132.78313741,33.85274847,3.85430912,0.65179964,94362,-2,25.11516620,0,0,0,0
1602165691000,50491,2,0,132.78358744,33.85277518,28.65786828,0.11137170,1000011,-1,12.62570395,1,0,0,0
1602165692000,50492,1,3,132.78314897,33.85274809,3.85430935,0.65179957,94362,-2,26.18577659,0,0,0,0
1602165692000,50492,2,0,132.78367399,33.85276965,29.00868906,0.08352873,1000011,-1,42.63095247,0,0,0,0
1602165693000,50493,1,3,132.78316053,33.85274772,3.85430958,0.65179950,94362,-2,27.25638704,0,0,0,0
1602165693000,50493,2,0,132.78376117,33.85276396,29.25345922,0.05245470,1000011,-1,34.53898744,0,0,0,0
1602165694000,50494,1,3,132.78317209,33.85274734,3.85430981,0.65179943,94362,-2,28.32699756,0,0,0,0
1602165694000,50494,2,0,132.78384896,33.85275823,29.42236059,0.04137939,1000011,-1,26.38956802,0,0,0,0
1602165695000,50495,1,3,132.78318365,33.85274697,3.85431004,0.65179936,94362,-2,29.39760815,0,0,0,0
1602165695000,50495,2,0,132.78393721,33.85275246,29.55197187,0.03062687,1000011,-1,18.19868851,0,0,0,0
1602165696000,50496,1,3,132.78319521,33.85274659,3.85431027,0.65179930,94362,-2,30.46821881,0,0,0,0
1602165696000,50496,2,0,132.78402579,33.85274668,29.64859328,0.02305169,1000011,-1,9.97638779,0,0,0,0
1602165697000,50497,1,3,132.78320677,33.85274622,3.85431050,0.65179923,94362,-2,31.53882954,0,0,0,0
1602165697000,50497,2,0,132.78411491,33.85271461,29.72117674,0.01727246,1000010,-1,0.86535795,1,0,0,0
1602165698000,50498,1,3,132.78321833,33.85274584,3.85431073,0.65179916,94362,-2,32.60944034,0,0,0,0
1602165698000,50498,2,0,132.78414424,33.85275974,5.69209979,1.99214541,1000010,-1,25.09769054,0,0,0,0
1602165699000,50499,1,3,132.78322989,33.85274546,3.85431095,0.65179909,94362,-2,33.68005121,0,0,0,0
1602165699000,50499,2,0,132.78416101,33.85277665,11.83921537,1.42291880,1000010,-1,22.66278566,0,0,0,0
1602165700000,50500,1,3,132.78324145,33.85274509,3.85431118,0.65179902,94362,-2,34.75066216,0,0,0,0
1602165700000,50500,2,0,132.78418797,33.85280385,16.34703808,1.08142715,1000010,-1,18.74802824,0,0,0,0
1602165701000,50501,1,3,132.78325301,33.85274471,3.85431141,0.65179896,94362,-2,35.82127317,0,0,0,0
1602165701000,50501,2,0,132.78422250,33.85283868,19.74840791,0.80822275,1000010,-1,13.73477185,0,0,0,0
1602165702000,50502,1,3,132.78326457,33.85274434,3.85431164,0.65179889,94362,-2,36.89188426,0,0,0,0
1602165702000,50502,2,0,132.78426273,33.85287924,22.29533472,0.60673659,1000010,-1,7.89536315,0,0,0,0
1602165703000,50503,1,3,132.78327614,33.85274396,3.85431187,0.65179882,94362,-2,37.96249541,0,0,0,0
1602165703000,50503,2,0,132.78433242,33.85289899,24.20634994,0.45493854,104487,-1,3.56117054,1,0,0,0
1602165704000,50504,1,3,132.78328770,33.85274359,3.85431210,0.65179875,94362,-2,39.03310664,0,0,0,0
1602165704000,50504,2,0,132.78437084,33.85290709,7.69416235,1.23443814,104487,-1,7.99179725,1,0,0,0
1602165705000,50505,1,3,132.78329926,33.85274321,3.85431233,0.65179868,94362,-2,40.10371794,0,0,0,0
1602165705000,50505,2,0,132.78439360,33.85293095,6.14794296,0.37542737,104487,-1,24.66626182,0,0,0,0
1602165706000,50506,1,3,132.78331082,33.85274283,3.85431256,0.65179861,94362,-2,41.17432931,0,0,0,0
1602165706000,50506,2,0,132.78441784,33.85292784,10.18961733,1.86994728,104487,-1,22.39715622,0,0,0,0
1602165707000,50507,1,3,132.78332238,33.85274246,3.85431279,0.65179855,94362,-2,42.24494075,0,0,0,0
1602165707000,50507,2,0,132.78445596,33.85292296,15.50813564,1.08478511,104487,-1,18.82802386,0,0,0,0
1602165708000,50508,1,3,132.78333394,33.85274208,3.85431301,0.65179848,94362,-2,43.31555226,0,0,0,0
1602165708000,50508,2,0,132.78450721,33.85291639,19.03957186,0.87712390,104487,-1,14.02973115,0,0,0,0
1602165709000,50509,1,3,132.78334550,33.85274171,3.85431324,0.65179841,94362,-2,44.38616384,0,0,0,0
1602165709000,50509,2,0,132.78456776,33.85290863,21.77963953,0.64513591,104487,-1,8.36039624,0,0,0,0
1602165710000,50510,1,3,132.78335706,33.85274133,3.85431347,0.65179834,94362,-2,45.45677550,0,0,0,0
1602165710000,50510,2,0,132.78464029,33.85288590,23.81639218,0.48639334,104491,1,3.52828860,1,0,0,0
1602165711000,50511,1,3,132.78336862,33.85274096,3.85431370,0.65179827,94362,-2,46.52738722,0,0,0,0
1602165711000,50511,2,0,132.78465033,33.85292803,5.73264390,1.35596509,104491,1,4.68564844,0,0,0,0
1602165712000,50512,1,3,132.78338018,33.85274058,3.85431393,0.65179820,94362,-2,47.59799902,0,0,0,0
1602165712000,50512,2,0,132.78465607,33.85294855,11.09043600,1.62058607,104491,1,7.02218731,0,0,0,0
1602165713000,50513,1,3,132.78339174,33.85274021,3.85431416,0.65179813,94362,-2,48.66861089,0,0,0,0
1602165713000,50513,2,0,132.78466531,33.85298156,15.97798173,1.09471711,104491,1,10.78168978,0,0,0,0
1602165714000,50514,1,3,132.78340330,33.85273983,3.85431439,0.65179807,94362,-2,49.73922283,0,0,0,0
1602165714000,50514,2,0,132.78467741,33.85302478,19.46980069,0.84518232,104491,1,15.70499289,0,0,0,0
1602165715000,50515,1,3,132.78341486,33.85273945,3.85431462,0.65179800,94362,-2,50.80983485,0,0,0,0
1602165715000,50515,2,0,132.78469160,33.85307550,22.12343298,0.62905784,104491,1,21.48183090,0,0,0,0
1602165716000,50516,1,3,132.78342643,33.85273908,3.85431485,0.65179793,94362,-2,51.88044693,0,0,0,0
1602165716000,50516,2,0,132.78470738,33.85313187,24.10670358,0.47275916,104491,1,27.90268320,0,0,0,0
1602165717000,50517,1,3,132.78343799,33.85273870,3.85431508,0.65179786,94362,-2,52.95105909,0,0,0,0
1602165717000,50517,2,0,132.78472434,33.85319248,25.59554726,0.35437621,104491,1,34.80577359,0,0,0,0
1602165718000,50518,1,3,132.78344952,33.85273833,3.85431530,0.65179779,1000012,-1,0.03506789,1,0,0,0
1602165718000,50518,2,0,132.78474219,33.85325627,26.71190187,0.26582079,104491,1,42.07069708,0,0,0,0
1602165719000,50519,1,3,132.78346108,33.85273795,3.85431553,0.65179772,1000012,-1,1.10568019,1,0,0,0
1602165719000,50519,2,0,132.78476071,33.85332243,27.54922346,0.19935787,104491,1,49.60696449,0,0,0,0
1602165720000,50520,1,3,132.78347364,33.85274235,3.85431576,0.65179765,1000012,-1,2.17629256,1,0,0,0
1602165720000,50520,2,0,132.78477973,33.85339039,28.17720352,0.14951995,104491,1,57.34674601,0,0,0,0
1602165721000,50521,1,3,132.78348277,33.85274829,3.85431603,0.65179758,1000012,-1,3.24690501,1,0,0,0
1602165721000,50521,2,0,132.78479912,33.85345968,28.64819080,0.11213965,104491,1,65.23916189,0,0,0,0
1602165722000,50522,1,3,132.78349189,33.85275422,3.85431625,0.65179750,1000012,-1,4.31751754,1,0,0,0
1602165722000,50522,2,0,132.78486516,33.85350546,29.00143081,0.08410480,105548,1,5.97630882,1,0,0,0
1602165723000,50523,1,3,132.78350101,33.85276016,3.85431646,0.65179744,1000012,-1,5.38813014,1,0,0,0
1602165723000,50523,2,0,132.78490853,33.85352317,6.99974787,1.85360909,105548,1,7.33445516,0,0,0,0
1602165724000,50524,1,3,132.78351013,33.85276610,3.85431667,0.65179737,1000012,-1,6.45874281,1,0,0,0
1602165724000,50524,2,0,132.78493824,33.85352351,12.79450581,1.36570088,105548,1,10.08365706,0,0,0,0
1602165725000,50525,1,3,132.78351925,33.85277204,3.85431688,0.65179731,1000012,-1,7.52935554,1,0,0,0
1602165725000,50525,2,0,132.78498311,33.85352401,17.10528572,1.02917685,105548,1,14.23640588,0,0,0,0
1602165726000,50526,1,3,132.78352838,33.85277797,3.85431710,0.65179724,1000012,-1,8.59996834,1,0,0,0
1602165726000,50526,2,0,132.78503931,33.85352465,20.34542836,0.77090240,105548,1,19.43789395,0,0,0,0
1602165727000,50527,1,3,132.78353750,33.85278391,3.85431731,0.65179718,1000012,-1,9.67058121,1,0,0,0
1602165727000,50527,2,0,132.78510402,33.85352538,22.77412379,0.57837285,105548,1,25.42672064,0,0,0,0
1602165728000,50528,1,3,132.78354662,33.85278985,3.85431752,0.65179711,1000012,-1,10.74119415,1,0,0,0
1602165728000,50528,2,0,132.78517511,33.85352619,24.59592768,0.43374042,105548,1,32.00589445,0,0,0,0
1602165729000,50529,1,3,132.78355574,33.85279579,3.85431773,0.65179705,1000012,-1,11.81180715,1,0,0,0
1602165729000,50529,2,0,132.78525099,33.85352705,25.96222413,0.32531316,105548,1,39.02785998,0,0,0,0
1602165730000,50530,1,3,132.78356487,33.85280172,3.85431795,0.65179698,1000012,-1,12.88242023,1,0,0,0
1602165730000,50530,2,0,132.78533045,33.85352795,26.98695777,0.24398330,105548,1,46.38191302,0,0,0,0
1602165731000,50531,1,3,132.78357399,33.85280766,3.85431816,0.65179692,1000012,-1,13.95303337,1,0,0,0
1602165731000,50531,2,0,132.78541260,33.85352888,27.75550573,0.18298779,105548,1,53.98503295,0,0,0,0
1602165732000,50532,1,3,132.78358311,33.85281360,3.85431837,0.65179685,1000012,-1,15.02364658,1,0,0,0
1602165732000,50532,2,0,132.78549492,33.85350246,28.33191716,0.13724078,105046,-1,0.69304398,1,0,0,0
1602165733000,50533,1,3,132.78359223,33.85281953,3.85431858,0.65179679,1000012,-1,9.95777963,0,0,0,0
1602165733000,50533,2,0,132.78552339,33.85348629,5.69209979,1.92272775,105046,-1,5.41860189,1,0,0,0
1602165734000,50534,1,3,132.78360135,33.85282547,3.85431880,0.65179672,1000012,-1,11.02839298,0,0,0,0
1602165734000,50534,2,0,132.78552674,33.85347931,2.90971945,0.37696090,105046,-1,6.61329901,1,0,0,0
1602165735000,50535,1,3,132.78361048,33.85283141,3.85431901,0.65179666,1000012,-1,12.09900640,0,0,0,0
1602165735000,50535,2,0,132.78552792,33.85347351,3.81121991,0.12387269,105046,-1,7.54676281,1,0,0,0
1602165736000,50536,1,3,132.78361960,33.85283735,3.85431922,0.65179659,1000012,-1,13.16961989,0,0,0,0
1602165736000,50536,2,0,132.78552761,33.85346646,4.25860414,0.12467411,105046,-1,8.66757171,1,0,0,0
1602165737000,50537,1,3,132.78362872,33.85284328,3.85431943,0.65179653,1000012,-1,14.24023345,0,0,0,0
1602165737000,50537,2,0,132.78555542,33.85344923,4.63989054,0.08715166,105046,-1,37.64013902,0,0,0,0
1602165738000,50538,1,3,132.78363784,33.85284922,3.85431965,0.65179646,1000012,-1,15.31084707,0,0,0,0
1602165738000,50538,2,0,132.78554882,33.85343366,8.54454539,2.08210103,105046,-1,35.80896737,0,0,0,0
1602165739000,50539,1,3,132.78364696,33.85285516,3.85431986,0.65179640,1000012,-1,16.38146077,0,0,0,0
1602165739000,50539,2,0,132.78553735,33.85340660,14.37713820,1.15822831,105046,-1,32.62540020,0,0,0,0
1602165740000,50540,1,3,132.78365609,33.85286110,3.85432007,0.65179633,1000012,-1,17.45207453,0,0,0,0
1602165740000,50540,2,0,132.78552106,33.85336818,18.17076248,0.94934073,105046,-1,28.10485844,0,0,0,0
1602165741000,50541,1,3,132.78366521,33.85286703,3.85432028,0.65179627,1000012,-1,18.52268837,0,0,0,0
1602165741000,50541,2,0,132.78550139,33.85332178,21.13214475,0.69587165,105046,-1,22.64612132,0,0,0,0
1602165742000,50542,1,3,132.78367433,33.85287297,3.85432049,0.65179620,1000012,-1,19.59330227,0,0,0,0
1602165742000,50542,2,0,132.78547913,33.85326929,23.32994865,0.52513052,105046,-1,16.47083057,0,0,0,0
1602165743000,50543,1,3,132.78368345,33.85287891,3.85432071,0.65179613,1000012,-1,20.66391625,0,0,0,0
1602165743000,50543,2,0,132.78545495,33.85321226,24.98294813,0.39320253,105046,-1,9.76070602,0,0,0,0
1602165744000,50544,1,3,132.78369258,33.85288485,3.85432092,0.65179607,1000012,-1,21.73453029,0,0,0,0
1602165744000,50544,2,0,132.78543069,33.85315205,26.22176843,0.29503097,104842,-1,2.54873059,1,0,0,0
1602165745000,50545,1,3,132.78370170,33.85289078,3.85432113,0.65179600,1000012,-1,22.80514441,0,0,0,0
1602165745000,50545,2,0,132.78540760,33.85308900,26.42593681,0.40845785,104842,-1,9.86091188,1,0,0,0
1602165746000,50546,1,3,132.78371082,33.85289672,3.85432134,0.65179594,1000012,-1,23.87575860,0,0,0,0
1602165746000,50546,2,0,132.78538725,33.85302428,27.48587585,0.18039717,104842,-1,15.52597100,0,0,0,0
1602165747000,50547,1,3,132.78371994,33.85290266,3.85432156,0.65179587,1000012,-1,24.94637285,0,0,0,0
1602165747000,50547,2,0,132.78536634,33.85295692,28.08112224,0.15029527,104842,-1,7.80833238,0,0,0,0
1602165748000,50548,1,3,132.78372906,33.85290860,3.85432177,0.65179580,1000012,-1,26.01698718,0,0,0,0
1602165748000,50548,2,0,132.78530082,33.85291903,28.54915327,0.10972197,104680,-1,5.34491847,1,0,0,0
1602165749000,50549,1,3,132.78373819,33.85291453,3.85432198,0.65179574,1000012,-1,27.08760157,0,0,0,0
1602165749000,50549,2,0,132.78524992,33.85289918,5.69209979,1.86674194,104680,-1,47.38543022,0,0,0,0
1602165750000,50550,1,3,132.78374731,33.85292047,3.85432219,0.65179567,1000012,-1,28.15821604,0,0,0,0
1602165750000,50550,2,0,132.78522508,33.85290581,11.68120699,1.46053984,104680,-1,44.97247094,0,0,0,0
1602165751000,50551,1,3,132.78375643,33.85292641,3.85432241,0.65179560,1000012,-1,29.22883058,0,0,0,0
1602165751000,50551,2,0,132.78518513,33.85291646,16.26013347,1.08330820,104680,-1,41.09172921,0,0,0,0
1602165752000,50552,1,3,132.78376555,33.85293234,3.85432262,0.65179554,1000012,-1,30.29944519,0,0,0,0
1602165752000,50552,2,0,132.78513376,33.85293016,19.67690912,0.81490049,104680,-1,36.10047330,0,0,0,0
1602165753000,50553,1,3,132.78377467,33.85293828,3.85432283,0.65179547,1000012,-1,31.37005987,0,0,0,0
1602165753000,50553,2,0,132.78507383,33.85294614,22.24297470,0.61069150,104680,-1,30.27826721,0,0,0,0
1602165754000,50554,1,3,132.78378380,33.85294422,3.85432304,0.65179540,1000012,-1,32.44067462,0,0,0,0
1602165754000,50554,2,0,132.78500748,33.85296383,24.16682711,0.45811540,104680,-1,23.83246141,0,0,0,0
1602165755000,50555,1,3,132.78379292,33.85295016,3.85432326,0.65179534,1000012,-1,33.51128944,0,0,0,0
1602165755000,50555,2,0,132.78493632,33.85298281,25.60985578,0.34356719,104680,-1,16.91903323,0,0,0,0
1602165756000,50556,1,3,132.78380204,33.85295609,3.85432347,0.65179527,1000012,-1,34.58190434,0,0,0,0
1602165756000,50556,2,0,132.78486155,33.85300275,26.69209940,0.25767927,104680,-1,9.65487279,0,0,0,0
1602165757000,50557,1,3,132.78381116,33.85296203,3.85432368,0.65179520,1000012,-1,35.65251930,0,0,0,0
1602165757000,50557,2,0,132.78478407,33.85302341,27.50378770,0.19325868,104680,-1,2.12766624,0,0,0,0
1602165758000,50558,1,3,132.78382028,33.85296797,3.85432389,0.65179514,1000012,-1,36.72313434,0,0,0,0
1602165759000,50559,1,3,132.78382941,33.85297391,3.85432411,0.65179507,1000012,-1,37.79374945,0,0,0,0
1602165760000,50560,1,3,132.78383853,33.85297985,3.85432432,0.65179500,1000012,-1,38.86436463,0,0,0,0
1602165761000,50561,1,3,132.78384765,33.85298578,3.85432453,0.65179494,1000012,-1,39.93497989,0,0,0,0
1602165762000,50562,1,3,132.78385677,33.85299172,3.85432474,0.65179487,1000012,-1,41.00559521,0,0,0,0
1602165763000,50563,1,3,132.78385986,33.85299537,3.85432495,0.65179480,1000013,-1,1.05714152,1,0,0,0
1602165764000,50564,1,3,132.78387120,33.85299345,3.85432504,0.65179473,1000013,-1,2.12775697,1,0,0,0
1602165765000,50565,1,3,132.78388254,33.85299153,3.85432525,0.65179470,1000013,-1,2.27771034,0,0,0,0
1602165766000,50566,1,3,132.78389388,33.85298961,3.85432547,0.65179463,1000013,-1,3.34832592,0,0,0,0
1602165767000,50567,1,3,132.78390521,33.85298768,3.85432569,0.65179456,1000013,-1,4.41894158,0,0,0,0
1602165768000,50568,1,3,132.78391655,33.85298576,3.85432590,0.65179450,1000013,-1,5.48955731,0,0,0,0
1602165769000,50569,1,3,132.78392789,33.85298384,3.85432612,0.65179443,1000013,-1,6.56017311,0,0,0,0
1602165770000,50570,1,3,132.78393923,33.85298192,3.85432634,0.65179436,1000013,-1,7.63078899,0,0,0,0
1602165771000,50571,1,3,132.78395057,33.85298000,3.85432655,0.65179429,1000013,-1,8.70140495,0,0,0,0
1602165772000,50572,1,3,132.78396191,33.85297808,3.85432677,0.65179422,1000013,-1,9.77202098,0,0,0,0
1602165773000,50573,1,3,132.78397324,33.85297616,3.85432698,0.65179415,1000013,-1,10.84263709,0,0,0,0
1602165774000,50574,1,3,132.78398458,33.85297424,3.85432720,0.65179408,1000013,-1,11.91325327,0,0,0,0
1602165775000,50575,1,3,132.78399592,33.85297232,3.85432742,0.65179401,1000013,-1,12.98386952,0,0,0,0
1602165776000,50576,1,3,132.78400726,33.85297040,3.85432763,0.65179394,1000013,-1,14.05448586,0,0,0,0
1602165777000,50577,1,3,132.78401860,33.85296848,3.85432785,0.65179387,1000013,-1,15.12510227,0,0,0,0
1602165778000,50578,1,3,132.78402994,33.85296656,3.85432807,0.65179380,1000013,-1,16.19571875,0,0,0,0
1602165779000,50579,1,3,132.78404127,33.85296464,3.85432828,0.65179373,1000013,-1,17.26633532,0,0,0,0
1602165780000,50580,1,3,132.78405261,33.85296272,3.85432850,0.65179366,1000013,-1,18.33695196,0,0,0,0
1602165781000,50581,1,3,132.78406395,33.85296080,3.85432872,0.65179359,1000013,-1,19.40756867,0,0,0,0
1602165782000,50582,1,3,132.78407529,33.85295888,3.85432893,0.65179351,1000013,-1,20.47818546,0,0,0,0
1602165783000,50583,1,3,132.78408663,33.85295696,3.85432915,0.65179344,1000013,-1,21.54880234,0,0,0,0
1602165784000,50584,1,3,132.78409797,33.85295504,3.85432937,0.65179337,1000013,-1,22.61941928,0,0,0,0
1602165785000,50585,1,3,132.78410930,33.85295312,3.85432958,0.65179330,1000013,-1,23.69003631,0,0,0,0
1602165786000,50586,1,3,132.78412064,33.85295120,3.85432980,0.65179323,1000013,-1,24.76065341,0,0,0,0
1602165787000,50587,1,3,132.78413198,33.85294928,3.85433002,0.65179316,1000013,-1,25.83127060,0,0,0,0
1602165788000,50588,1,3,132.78414332,33.85294736,3.85433023,0.65179309,1000013,-1,26.90188786,0,0,0,0
1602165789000,50589,1,3,132.78415466,33.85294544,3.85433045,0.65179301,1000013,-1,27.97250520,0,0,0,0
1602165790000,50590,1,3,132.78416600,33.85294352,3.85433067,0.65179294,1000013,-1,29.04312262,0,0,0,0
1602165791000,50591,1,3,132.78417734,33.85294160,3.85433088,0.65179287,1000013,-1,30.11374011,0,0,0,0
1602165792000,50592,1,3,132.78418867,33.85293968,3.85433110,0.65179280,1000013,-1,31.18435769,0,0,0,0
1602165793000,50593,1,3,132.78420001,33.85293776,3.85433132,0.65179273,1000013,-1,32.25497535,0,0,0,0
1602165794000,50594,1,3,132.78421135,33.85293584,3.85433153,0.65179265,1000013,-1,33.32559309,0,0,0,0
1602165795000,50595,1,3,132.78422269,33.85293392,3.85433175,0.65179258,1000013,-1,34.39621090,0,0,0,0
1602165796000,50596,1,3,132.78423403,33.85293200,3.85433197,0.65179251,1000013,-1,35.46682880,0,0,0,0
1602165797000,50597,1,3,132.78424537,33.85293008,3.85433218,0.65179243,1000013,-1,36.53744678,0,0,0,0
1602165798000,50598,1,3,132.78425430,33.85292858,3.85433240,0.65179236,104487,2,0.10087959,1,0,0,0
1602165799000,50599,1,3,132.78426484,33.85292460,3.85433257,0.65179229,104487,2,1.17149773,1,0,0,0
1602165800000,50600,1,3,132.78427538,33.85292061,3.85433276,0.65179222,104487,2,2.24211594,1,0,0,0
1602165801000,50601,1,3,132.78428592,33.85291663,3.85433295,0.65179216,104487,2,3.31273422,1,0,0,0
1602165802000,50602,1,3,132.78429646,33.85291265,3.85433314,0.65179209,104487,2,4.38335258,1,0,0,0
1602165803000,50603,1,3,132.78430700,33.85290867,3.85433333,0.65179202,104487,2,5.45397101,1,0,0,0
1602165804000,50604,1,3,132.78431754,33.85290469,3.85433352,0.65179196,104487,2,6.52458952,1,0,0,0
1602165805000,50605,1,3,132.78432808,33.85290071,3.85433371,0.65179189,104487,2,7.59520811,1,0,0,0
1602165806000,50606,1,3,132.78433862,33.85289673,3.85433390,0.65179182,104487,2,8.66582677,1,0,0,0
1602165807000,50607,1,3,132.78434916,33.85289275,3.85433409,0.65179175,104487,2,9.73644551,1,0,0,0
1602165808000,50608,1,3,132.78435970,33.85288877,3.85433428,0.65179168,104487,2,10.80706432,1,0,0,0
1602165809000,50609,1,3,132.78437024,33.85288479,3.85433447,0.65179162,104487,2,11.87768322,1,0,0,0
1602165810000,50610,1,3,132.78438414,33.85288113,3.85433466,0.65179155,104487,2,24.69309384,0,0,0,0
1602165811000,50611,1,3,132.78439556,33.85287959,3.85433492,0.64159991,104487,2,23.62247487,0,0,0,0
1602165812000,50612,1,3,132.78440698,33.85287805,3.85433514,0.64159981,104487,2,22.55185603,0,0,0,0
1602165813000,50613,1,3,132.78441840,33.85287652,3.85433536,0.64159972,104487,2,21.48123734,0,0,0,0
1602165814000,50614,1,3,132.78442982,33.85287498,3.85433558,0.64159964,104487,2,20.41061870,0,0,0,0
1602165815000,50615,1,3,132.78444125,33.85287344,3.85433580,0.64159956,104487,2,19.34000005,0,0,0,0
1602165816000,50616,1,3,132.78445267,33.85287191,3.85433602,0.64159948,104487,2,18.26938136,0,0,0,0
1602165817000,50617,1,3,132.78446409,33.85287037,3.85433624,0.64159939,104487,2,17.19876261,0,0,0,0
1602165818000,50618,1,3,132.78447551,33.85286883,3.85433646,0.64159931,104487,2,16.12814379,0,0,0,0
1602165819000,50619,1,3,132.78448693,33.85286729,3.85433669,0.64159923,104487,2,15.05752488,0,0,0,0
1602165820000,50620,1,3,132.78449836,33.85286576,3.85433691,0.64159915,104487,2,13.98690589,0,0,0,0
1602165821000,50621,1,3,132.78450978,33.85286422,3.85433713,0.64159907,104487,2,12.91628681,0,0,0,0
1602165822000,50622,1,3,132.78452120,33.85286268,3.85433735,0.64159899,104487,2,11.84566764,0,0,0,0
1602165823000,50623,1,3,132.78453262,33.85286115,3.85433757,0.64159891,104487,2,10.77504838,0,0,0,0
1602165824000,50624,1,3,132.78454405,33.85285961,3.85433779,0.64159882,104487,2,9.70442902,0,0,0,0
1602165825000,50625,1,3,132.78455547,33.85285807,3.85433801,0.64159874,104487,2,8.63380957,0,0,0,0
1602165826000,50626,1,3,132.78456689,33.85285654,3.85433823,0.64159866,104487,2,7.56319002,0,0,0,0
1602165827000,50627,1,3,132.78457831,33.85285500,3.85433845,0.64159858,104487,2,6.49257037,0,0,0,0
1602165828000,50628,1,3,132.78459798,33.85287395,3.85433867,0.64159849,104489,2,0.13395202,1,0,0,0
1602165829000,50629,1,3,132.78460821,33.85286944,3.85433916,0.65178998,104489,2,1.20454905,1,0,0,0
1602165830000,50630,1,3,132.78461845,33.85286495,3.85433934,0.65178846,104489,2,2.27513378,1,0,0,0
1602165831000,50631,1,3,132.78462868,33.85286044,3.85433952,0.65178890,104489,2,3.34573481,1,0,0,0
1602165832000,50632,1,3,132.78463890,33.85285593,3.85433970,0.65178917,104489,2,4.41634482,1,0,0,0
1602165833000,50633,1,3,132.78464913,33.85285141,3.85433988,0.65178930,104489,2,5.48695973,1,0,0,0
1602165834000,50634,1,3,132.78465935,33.85284688,3.85434006,0.65178935,104489,2,6.55757740,1,0,0,0
1602165835000,50635,1,3,132.78466957,33.85284236,3.85434024,0.65178934,104489,2,7.62819669,1,0,0,0
1602165836000,50636,1,3,132.78468369,33.85282328,3.85434043,0.65178931,104489,2,5.80717006,0,0,0,0
1602165837000,50637,1,3,132.78468083,33.85281393,3.85434061,0.65178926,104489,2,6.87779091,0,0,0,0
1602165838000,50638,1,3,132.78467796,33.85280458,3.85434051,0.65178920,104489,2,7.94841211,0,0,0,0
1602165839000,50639,1,3,132.78467509,33.85279522,3.85434040,0.65178921,104489,2,9.01903349,0,0,0,0
1602165840000,50640,1,3,132.78467223,33.85278587,3.85434030,0.65178921,104489,2,10.08965499,0,0,0,0
1602165841000,50641,1,3,132.78466936,33.85277652,3.85434019,0.65178922,104489,2,11.16027656,0,0,0,0
1602165842000,50642,1,3,132.78466649,33.85276717,3.85434009,0.65178922,104489,2,12.23089819,0,0,0,0
1602165843000,50643,1,3,132.78466363,33.85275782,3.85433998,0.65178922,104489,2,13.30151985,0,0,0,0
1602165844000,50644,1,3,132.78463356,33.85275092,3.85433988,0.65178922,104908,2,0.63455884,1,0,0,0
1602165845000,50645,1,3,132.78463397,33.85274127,3.85433924,0.65178922,104908,2,1.70518048,1,0,0,0
1602165846000,50646,1,3,132.78463438,33.85273162,3.85433920,0.65178936,104908,2,2.77580209,1,0,0,0
1602165847000,50647,1,3,132.78463479,33.85272198,3.85433916,0.65178934,104908,2,3.84642373,1,0,0,0
1602165848000,50648,1,3,132.78463521,33.85271233,3.85433912,0.65178932,104908,2,4.91704542,1,0,0,0
1602165849000,50649,1,3,132.78463562,33.85270268,3.85433908,0.65178930,104908,2,5.98766715,1,0,0,0
1602165850000,50650,1,3,132.78463603,33.85269304,3.85433904,0.65178927,104908,2,7.05828892,1,0,0,0
1602165851000,50651,1,3,132.78463644,33.85268339,3.85433900,0.65178925,104908,2,8.12891074,1,0,0,0
1602165852000,50652,1,3,132.78465326,33.85266619,3.85433895,0.65178922,104908,2,5.83400733,0,0,0,0
1602165853000,50653,1,3,132.78466397,33.85266254,3.85433920,0.64159761,104908,2,4.76338546,0,0,0,0
1602165854000,50654,1,3,132.78467469,33.85265890,3.85433940,0.64159749,104908,2,3.69276369,0,0,0,0
1602165855000,50655,1,3,132.78468540,33.85265525,3.85433959,0.64159738,104908,2,2.62214202,0,0,0,0
1602165856000,50656,1,3,132.78469611,33.85265161,3.85433979,0.64159728,104908,2,1.55152035,0,0,0,0
1602165857000,50657,1,3,132.78470683,33.85264796,3.85433998,0.64159718,1000023,1,0.76635204,1,0,0,0
1602165858000,50658,1,3,132.78471753,33.85264430,3.85434018,0.65178867,1000023,1,1.83695220,1,0,0,0
1602165859000,50659,1,3,132.78471530,33.85265913,3.85434037,0.65178669,1000023,1,2.90754082,1,0,0,0
1602165860000,50660,1,3,132.78471676,33.85266870,3.85434041,0.65178729,1000023,1,3.97814516,1,0,0,0
1602165861000,50661,1,3,132.78471823,33.85267828,3.85434048,0.65178771,1000023,1,5.04875811,1,0,0,0
1602165862000,50662,1,3,132.78474120,33.85269641,3.85434056,0.65178792,1000023,1,0.87549779,0,0,0,0
1602165863000,50663,1,3,132.78475268,33.85269517,3.85434111,0.65178802,1000023,1,1.94611794,0,0,0,0
1602165864000,50664,1,3,132.78476415,33.85269394,3.85434134,0.65178791,1000023,1,3.01673961,0,0,0,0
1602165865000,50665,1,3,132.78477563,33.85269270,3.85434156,0.65178786,1000023,1,4.08736218,0,0,0,0
1602165866000,50666,1,3,132.78478710,33.85269147,3.85434178,0.65178777,1000023,1,5.15798532,0,0,0,0
1602165867000,50667,1,3,132.78479858,33.85269023,3.85434200,0.65178767,1000023,1,6.22860884,0,0,0,0
1602165868000,50668,1,3,132.78481005,33.85268899,3.85434223,0.65178757,1000023,1,7.29923265,0,0,0,0
1602165869000,50669,1,3,132.78482152,33.85268776,3.85434245,0.65178745,1000023,1,8.36985668,0,0,0,0
1602165870000,50670,1,3,132.78483300,33.85268652,3.85434267,0.65178733,1000023,1,9.44048091,0,0,0,0
1602165871000,50671,1,3,132.78484447,33.85268528,3.85434290,0.65178721,1000023,1,10.51110532,0,0,0,0
1602165872000,50672,1,3,132.78485595,33.85268404,3.85434312,0.65178709,1000023,1,11.58172990,0,0,0,0
1602165873000,50673,1,3,132.78486742,33.85268280,3.85434334,0.65178696,1000023,1,12.65235465,0,0,0,0
1602165874000,50674,1,3,132.78487889,33.85268157,3.85434356,0.65178683,1000023,1,13.72297957,0,0,0,0
1602165875000,50675,1,3,132.78489037,33.85268033,3.85434379,0.65178670,1000023,1,14.79360466,0,0,0,0
1602165876000,50676,1,3,132.78490184,33.85267909,3.85434401,0.65178657,1000023,1,15.86422992,0,0,0,0
1602165877000,50677,1,3,132.78491332,33.85267785,3.85434423,0.65178643,1000023,1,16.93485536,0,0,0,0
1602165878000,50678,1,3,132.78492479,33.85267661,3.85434446,0.65178629,1000023,1,18.00548098,0,0,0,0
1602165879000,50679,1,3,132.78493626,33.85267537,3.85434468,0.65178615,1000023,1,19.07610678,0,0,0,0
1602165880000,50680,1,3,132.78494774,33.85267414,3.85434490,0.65178601,1000023,1,20.14673276,0,0,0,0
1602165881000,50681,1,3,132.78495921,33.85267290,3.85434512,0.65178586,1000023,1,21.21735893,0,0,0,0
1602165882000,50682,1,3,132.78497069,33.85267166,3.85434535,0.65178571,1000023,1,22.28798530,0,0,0,0
1602165883000,50683,1,3,132.78498216,33.85267042,3.85434557,0.65178556,1000023,1,23.35861187,0,0,0,0
1602165884000,50684,1,3,132.78499363,33.85266918,3.85434579,0.65178541,1000023,1,24.42923863,0,0,0,0
1602165885000,50685,1,3,132.78500511,33.85266794,3.85434602,0.65178525,1000023,1,25.49986561,0,0,0,0
1602165886000,50686,1,3,132.78501658,33.85266670,3.85434624,0.65178509,1000023,1,26.57049280,0,0,0,0
1602165887000,50687,1,3,132.78502806,33.85266546,3.85434646,0.65178492,1000023,1,27.64112020,0,0,0,0
1602165888000,50688,1,3,132.78503953,33.85266422,3.85434668,0.65178475,1000023,1,28.71174783,0,0,0,0
1602165889000,50689,1,3,132.78505100,33.85266298,3.85434691,0.65178458,1000023,1,29.78237569,0,0,0,0
1602165890000,50690,1,3,132.78506248,33.85266174,3.85434713,0.65178440,1000023,1,30.85300378,0,0,0,0
1602165891000,50691,1,3,132.78507395,33.85266050,3.85434735,0.65178422,1000023,1,31.92363211,0,0,0,0
1602165892000,50692,1,3,132.78508542,33.85265925,3.85434757,0.65178403,1000023,1,32.99426070,0,0,0,0
1602165893000,50693,1,3,132.78509690,33.85265801,3.85434780,0.65178384,1000023,1,34.06488954,0,0,0,0
1602165894000,50694,1,3,132.78510837,33.85265677,3.85434802,0.65178364,1000023,1,35.13551864,0,0,0,0
1602165895000,50695,1,3,132.78511984,33.85265553,3.85434824,0.65178344,1000023,1,36.20614801,0,0,0,0
1602165896000,50696,1,3,132.78513132,33.85265429,3.85434847,0.65178323,1000023,1,37.27677766,0,0,0,0
1602165897000,50697,1,3,132.78514279,33.85265304,3.85434869,0.65178302,1000023,1,38.34740760,0,0,0,0
1602165898000,50698,1,3,132.78515426,33.85265180,3.85434891,0.65178280,1000023,1,39.41803784,0,0,0,0
1602165899000,50699,1,3,132.78516574,33.85265056,3.85434913,0.65178257,1000023,1,40.48866839,0,0,0,0
1602165900000,50700,1,3,132.78517721,33.85264931,3.85434936,0.65178233,1000023,1,41.55929925,0,0,0,0
1602165901000,50701,1,3,132.78518868,33.85264807,3.85434958,0.65178209,1000023,1,42.62993044,0,0,0,0
1602165902000,50702,1,3,132.78519722,33.85261486,3.85434980,0.65178184,104844,2,0.62062268,1,0,0,0
1602165903000,50703,1,3,132.78520878,33.85261465,3.85434980,0.65178158,104844,2,1.69125454,1,0,0,0
1602165904000,50704,1,3,132.78522035,33.85261443,3.85435003,0.65178137,104844,2,2.76188673,1,0,0,0
1602165905000,50705,1,3,132.78523192,33.85261421,3.85435026,0.65178109,104844,2,3.83251931,1,0,0,0
1602165906000,50706,1,3,132.78524348,33.85261399,3.85435049,0.65178080,104844,2,4.90315228,1,0,0,0
1602165907000,50707,1,3,132.78525505,33.85261378,3.85435072,0.65178050,104844,2,5.97378566,1,0,0,0
1602165908000,50708,1,3,132.78526662,33.85261356,3.85435095,0.65178019,104844,2,7.04441947,1,0,0,0
1602165909000,50709,1,3,132.78529692,33.85262682,3.85435118,0.65177986,104844,2,29.18118286,0,0,0,0
1602165910000,50710,1,3,132.78530004,33.85263612,3.85435186,0.64158783,104844,2,28.11054813,0,0,0,0
1602165911000,50711,1,3,132.78530316,33.85264541,3.85435197,0.64158733,104844,2,27.03991301,0,0,0,0
1602165912000,50712,1,3,132.78530628,33.85265471,3.85435208,0.64158695,104844,2,25.96927754,0,0,0,0
1602165913000,50713,1,3,132.78530940,33.85266401,3.85435218,0.64158658,104844,2,24.89864162,0,0,0,0
1602165914000,50714,1,3,132.78531252,33.85267330,3.85435229,0.64158619,104844,2,23.82800520,0,0,0,0
1602165915000,50715,1,3,132.78531563,33.85268260,3.85435240,0.64158580,104844,2,22.75736822,0,0,0,0
1602165916000,50716,1,3,132.78531875,33.85269189,3.85435251,0.64158542,104844,2,21.68673066,0,0,0,0
1602165917000,50717,1,3,132.78532186,33.85270119,3.85435262,0.64158555,104844,2,20.61609259,0,0,0,0
1602165918000,50718,1,3,132.78532498,33.85271049,3.85435273,0.64158564,104844,2,19.54545421,0,0,0,0
1602165919000,50719,1,3,132.78532809,33.85271978,3.85435284,0.64158566,104844,2,18.47481569,0,0,0,0
1602165920000,50720,1,3,132.78533121,33.85272908,3.85435295,0.64158564,104844,2,17.40417711,0,0,0,0
1602165921000,50721,1,3,132.78533432,33.85273838,3.85435306,0.64158562,104844,2,16.33353849,0,0,0,0
1602165922000,50722,1,3,132.78533744,33.85274767,3.85435317,0.64158559,104844,2,15.26289984,0,0,0,0
1602165923000,50723,1,3,132.78534055,33.85275697,3.85435328,0.64158556,104844,2,14.19226117,0,0,0,0
1602165924000,50724,1,3,132.78534366,33.85276627,3.85435339,0.64158552,104844,2,13.12162246,0,0,0,0
1602165925000,50725,1,3,132.78534678,33.85277556,3.85435350,0.64158549,104844,2,12.05098372,0,0,0,0
1602165926000,50726,1,3,132.78534989,33.85278486,3.85435361,0.64158546,104844,2,10.98034496,0,0,0,0
1602165927000,50727,1,3,132.78535301,33.85279416,3.85435372,0.64158543,104844,2,9.90970616,0,0,0,0
1602165928000,50728,1,3,132.78535612,33.85280345,3.85435383,0.64158540,104844,2,8.83906733,0,0,0,0
1602165929000,50729,1,3,132.78535924,33.85281275,3.85435394,0.64158537,104844,2,7.76842847,0,0,0,0
1602165930000,50730,1,3,132.78536235,33.85282205,3.85435405,0.64158534,104844,2,6.69778958,0,0,0,0
1602165931000,50731,1,3,132.78536546,33.85283134,3.85435416,0.64158531,104844,2,5.62715066,0,0,0,0
1602165932000,50732,1,3,132.78533444,33.85282859,3.85435427,0.64158528,104680,-2,0.23725618,1,0,0,0
1602165933000,50733,1,3,132.78532429,33.85283321,3.85435363,0.65177697,104680,-2,1.30788356,1,0,0,0
1602165934000,50734,1,3,132.78531415,33.85283787,3.85435345,0.65177268,104680,-2,2.37850552,1,0,0,0
1602165935000,50735,1,3,132.78530401,33.85284252,3.85435327,0.65177468,104680,-2,3.44913734,1,0,0,0
1602165936000,50736,1,3,132.78529388,33.85284717,3.85435310,0.65177637,104680,-2,4.51977413,1,0,0,0
1602165937000,50737,1,3,132.78528374,33.85285182,3.85435292,0.65177713,104680,-2,5.59041254,1,0,0,0
1602165938000,50738,1,3,132.78527360,33.85285648,3.85435274,0.65177739,104680,-2,6.66105135,1,0,0,0
1602165939000,50739,1,3,132.78526347,33.85286113,3.85435256,0.65177748,104680,-2,7.73169018,1,0,0,0
1602165940000,50740,1,3,132.78525706,33.85286415,3.85435238,0.65177754,104680,-2,49.19847775,0,0,0,0
1602165941000,50741,1,3,132.78524604,33.85286709,3.85435227,0.64158587,104680,-2,48.12783905,0,0,0,0
1602165942000,50742,1,3,132.78523502,33.85287003,3.85435206,0.64158587,104680,-2,47.05720051,0,0,0,0
1602165943000,50743,1,3,132.78522400,33.85287297,3.85435186,0.64158589,104680,-2,45.98656213,0,0,0,0
1602165944000,50744,1,3,132.78521298,33.85287590,3.85435165,0.64158593,104680,-2,44.91592384,0,0,0,0
1602165945000,50745,1,3,132.78520196,33.85287884,3.85435145,0.64158598,104680,-2,43.84528563,0,0,0,0
1602165946000,50746,1,3,132.78519094,33.85288178,3.85435124,0.64158603,104680,-2,42.77464747,0,0,0,0
1602165947000,50747,1,3,132.78517992,33.85288472,3.85435104,0.64158609,104680,-2,41.70400938,0,0,0,0
1602165948000,50748,1,3,132.78516890,33.85288766,3.85435083,0.64158615,104680,-2,40.63337134,0,0,0,0
1602165949000,50749,1,3,132.78515788,33.85289060,3.85435063,0.64158620,104680,-2,39.56273335,0,0,0,0
1602165950000,50750,1,3,132.78514686,33.85289354,3.85435042,0.64158626,104680,-2,38.49209543,0,0,0,0
1602165951000,50751,1,3,132.78513584,33.85289648,3.85435022,0.64158632,104680,-2,37.42145756,0,0,0,0
1602165952000,50752,1,3,132.78512482,33.85289941,3.85435001,0.64158638,104680,-2,36.35081974,0,0,0,0
1602165953000,50753,1,3,132.78511380,33.85290235,3.85434981,0.64158643,104680,-2,35.28018199,0,0,0,0
1602165954000,50754,1,3,132.78510278,33.85290529,3.85434960,0.64158649,104680,-2,34.20954429,0,0,0,0
1602165955000,50755,1,3,132.78509176,33.85290823,3.85434940,0.64158655,104680,-2,33.13890665,0,0,0,0
1602165956000,50756,1,3,132.78508074,33.85291117,3.85434919,0.64158660,104680,-2,32.06826906,0,0,0,0
1602165957000,50757,1,3,132.78506972,33.85291411,3.85434899,0.64158666,104680,-2,30.99763154,0,0,0,0
1602165958000,50758,1,3,132.78505870,33.85291705,3.85434878,0.64158672,104680,-2,29.92699407,0,0,0,0
1602165959000,50759,1,3,132.78504768,33.85291999,3.85434858,0.64158677,104680,-2,28.85635665,0,0,0,0
1602165960000,50760,1,3,132.78503666,33.85292292,3.85434837,0.64158683,104680,-2,27.78571930,0,0,0,0
1602165961000,50761,1,3,132.78502564,33.85292586,3.85434817,0.64158689,104680,-2,26.71508200,0,0,0,0
1602165962000,50762,1,3,132.78501462,33.85292880,3.85434796,0.64158695,104680,-2,25.64444475,0,0,0,0
1602165963000,50763,1,3,132.78500360,33.85293174,3.85434776,0.64158700,104680,-2,24.57380757,0,0,0,0
1602165964000,50764,1,3,132.78499258,33.85293468,3.85434755,0.64158706,104680,-2,23.50317044,0,0,0,0
1602165965000,50765,1,3,132.78498155,33.85293762,3.85434735,0.64158712,104680,-2,22.43253337,0,0,0,0
1602165966000,50766,1,3,132.78497053,33.85294056,3.85434714,0.64158717,104680,-2,21.36189635,0,0,0,0
1602165967000,50767,1,3,132.78495951,33.85294349,3.85434694,0.64158723,104680,-2,20.29125940,0,0,0,0
1602165968000,50768,1,3,132.78494849,33.85294643,3.85434673,0.64158729,104680,-2,19.22062250,0,0,0,0
1602165969000,50769,1,3,132.78493747,33.85294937,3.85434653,0.64158734,104680,-2,18.14998565,0,0,0,0
1602165970000,50770,1,3,132.78492645,33.85295231,3.85434632,0.64158740,104680,-2,17.07934886,0,0,0,0
1602165971000,50771,1,3,132.78491543,33.85295525,3.85434611,0.64158746,104680,-2,16.00871213,0,0,0,0
1602165972000,50772,1,3,132.78490441,33.85295819,3.85434591,0.64158752,104680,-2,14.93807546,0,0,0,0
1602165973000,50773,1,3,132.78489339,33.85296113,3.85434570,0.64158757,104680,-2,13.86743885,0,0,0,0
1602165974000,50774,1,3,132.78488237,33.85296407,3.85434550,0.64158763,104680,-2,12.79680229,0,0,0,0
1602165975000,50775,1,3,132.78487135,33.85296700,3.85434529,0.64158769,104680,-2,11.72616578,0,0,0,0
1602165976000,50776,1,3,132.78486033,33.85296994,3.85434509,0.64158774,104680,-2,10.65552934,0,0,0,0
1602165977000,50777,1,3,132.78484931,33.85297288,3.85434488,0.64158780,104680,-2,9.58489295,0,0,0,0
1602165978000,50778,1,3,132.78483829,33.85297582,3.85434468,0.64158786,104680,-2,8.51425662,0,0,0,0
1602165979000,50779,1,3,132.78482727,33.85297876,3.85434447,0.64158791,104680,-2,7.44362035,0,0,0,0
1602165980000,50780,1,3,132.78481625,33.85298170,3.85434427,0.64158797,104680,-2,6.37298413,0,0,0,0
1602165981000,50781,1,3,132.78480523,33.85298464,3.85434406,0.64158803,104680,-2,5.30234797,0,0,0,0
1602165982000,50782,1,3,132.78479421,33.85298757,3.85434386,0.64158808,104680,-2,4.23171187,0,0,0,0
1602165983000,50783,1,3,132.78478319,33.85299051,3.85434365,0.64158814,104680,-2,3.16107582,0,0,0,0
1602165984000,50784,1,3,132.78477217,33.85299345,3.85434345,0.64158820,104680,-2,2.09043983,0,0,0,0
1602165985000,50785,1,3,132.78476115,33.85299639,3.85434324,0.64158826,104680,-2,1.01980390,0,0,0,0
