ID,ONodeID,DNodeID,Velocity,LeftCarNum,LeftPedNum,LeftBeltNum,RightCarNum,RightPedNum,RightBeltNum
89978,37114,37113,30,1,1,0,1,1,0
89979,37113,37115,30,1,1,0,1,1,0
89994,37127,37114,30,1,1,0,1,1,0
89995,37128,37127,30,1,1,0,1,1,0
90056,37114,37181,30,1,1,0,1,1,0
90060,37114,37183,30,1,1,0,1,1,0
90105,37212,37213,30,1,1,0,1,1,0
90109,37212,37215,30,1,1,0,1,1,0
90111,37212,37216,30,1,1,0,1,1,0
90113,37217,37218,30,1,1,0,1,1,0
90115,37217,37219,30,1,1,0,1,1,0
90117,37217,37220,30,1,1,0,1,1,0
90119,37217,37221,30,1,1,0,1,1,0
90121,37222,37223,30,1,1,0,1,1,0
90123,37222,37224,30,1,1,0,1,1,0
90125,37222,37225,30,1,1,0,1,1,0
90127,37226,37227,30,1,1,0,1,1,0
90128,37226,37228,30,1,1,0,1,1,0
90129,37229,37226,30,1,1,0,1,1,0
90130,37230,37231,30,1,1,0,1,1,0
90132,37230,37232,30,1,1,0,1,1,0
90134,37230,37220,30,1,1,0,1,1,0
90136,37230,37202,30,1,1,0,1,1,0
90144,37227,37228,30,1,1,0,1,1,0
90146,37227,37237,30,1,1,0,1,1,0
90163,37251,37252,30,1,1,0,1,1,0
90166,37251,37254,30,1,1,0,1,1,0
90168,37251,37255,30,1,1,0,1,1,0
90170,37256,37236,30,1,1,0,1,1,0
90171,37256,37257,30,1,1,0,1,1,0
90173,37256,37258,30,1,1,0,1,1,0
90181,37228,37263,30,1,1,0,1,1,0
90205,37237,37277,30,1,1,0,1,1,0
90206,37237,37278,30,1,1,0,1,1,0
90220,37286,37288,30,1,1,0,1,1,0
90222,37286,37289,30,1,1,0,1,1,0
90224,37290,37291,30,1,1,0,1,1,0
90226,37290,37292,30,1,1,0,1,1,0
90228,37290,37293,30,1,1,0,1,1,0
90244,37303,37304,30,1,1,0,1,1,0
90246,37303,37305,30,1,1,0,1,1,0
90248,37303,37306,30,1,1,0,1,1,0
90250,37307,37308,30,1,1,0,1,1,0
90252,37307,37309,30,1,1,0,1,1,0
90254,37307,37310,30,1,1,0,1,1,0
90256,37307,37311,30,1,1,0,1,1,0
90258,37312,37313,30,1,1,0,1,1,0
90259,37312,37314,30,1,1,0,1,1,0
90261,37312,37315,30,1,1,0,1,1,0
90274,37322,37325,30,1,1,0,1,1,0
90278,37327,37328,30,1,1,0,1,1,0
90280,37327,37329,30,1,1,0,1,1,0
90282,37327,37330,30,1,1,0,1,1,0
90292,37328,37336,30,1,1,0,1,1,0
90294,37328,37337,30,1,1,0,1,1,0
90296,37336,37338,30,1,1,0,1,1,0
90305,37304,37343,30,1,1,0,1,1,0
90307,37304,37344,30,1,1,0,1,1,0
90309,37304,37311,30,1,1,0,1,1,0
90324,37308,37306,30,1,1,0,1,1,0
90326,37308,37353,30,1,1,0,1,1,0
90328,37354,37355,30,1,1,0,1,1,0
90330,37354,37356,30,1,1,0,1,1,0
90332,37354,37357,30,1,1,0,1,1,0
90338,37355,37360,30,1,1,0,1,1,0
90340,37355,37361,30,1,1,0,1,1,0
90350,37338,37365,30,1,1,0,1,1,0
90352,37338,37366,30,1,1,0,1,1,0
90354,37338,37367,30,1,1,0,1,1,0
90356,37369,37368,30,1,1,0,1,1,0
90359,37368,37371,30,1,1,0,1,1,0
90363,37373,37374,30,1,1,0,1,1,0
90365,37373,37375,30,1,1,0,1,1,0
90367,37373,37376,30,1,1,0,1,1,0
90369,37377,37378,30,1,1,0,1,1,0
90371,37377,37379,30,1,1,0,1,1,0
90373,37377,37380,30,1,1,0,1,1,0
90375,37382,37381,30,1,1,0,1,1,0
90376,37381,37383,30,1,1,0,1,1,0
90377,37384,37385,30,1,1,0,1,1,0
90379,37384,37386,30,1,1,0,1,1,0
90381,37384,37387,30,1,1,0,1,1,0
90383,37388,37389,30,1,1,0,1,1,0
90385,37388,37390,30,1,1,0,1,1,0
90387,37388,37391,30,0,1,0,0,1,0
90389,37392,37393,30,1,1,0,1,1,0
90390,37392,37383,30,1,1,0,1,1,0
90392,37395,37392,30,1,1,0,1,1,0
90393,37369,37396,30,1,1,0,1,1,0
90395,37398,37397,30,1,1,0,1,1,0
90396,37397,37399,30,1,1,0,1,1,0
90397,37400,37397,30,1,1,0,1,1,0
90398,37397,37401,30,1,1,0,1,1,0
90400,37402,37403,30,1,1,0,1,1,0
90402,37402,37404,30,1,1,0,1,1,0
90404,37402,37405,30,1,1,0,1,1,0
90406,37402,37406,30,1,1,0,1,1,0
90408,37407,37408,30,1,1,0,1,1,0
90410,37407,37409,30,1,1,0,1,1,0
90412,37407,37410,30,1,1,0,1,1,0
90416,37389,37411,30,1,1,0,1,1,0
90417,37398,37399,30,1,1,0,1,1,0
90419,37398,37412,30,1,1,0,1,1,0
90420,37413,37398,30,1,1,0,1,1,0
90421,37414,37415,30,1,1,0,1,1,0
90423,37412,37414,30,1,1,0,1,1,0
90424,37414,37416,30,1,1,0,1,1,0
90426,37414,37417,30,1,1,0,1,1,0
90427,37393,37382,30,1,1,0,1,1,0
90428,37418,37419,30,1,1,0,1,1,0
90430,37418,37420,30,1,1,0,1,1,0
90432,37418,37421,30,1,1,0,1,1,0
90434,37418,37422,30,1,1,0,1,1,0
90436,37403,37371,30,1,1,0,1,1,0
90438,37403,37423,30,1,1,0,1,1,0
90440,37390,37424,30,1,1,0,1,1,0
90442,37390,37425,30,1,1,0,1,1,0
90444,37382,37426,30,1,1,0,1,1,0
90446,37382,37427,30,1,1,0,1,1,0
90448,37382,37428,30,1,1,0,1,1,0
90450,37399,37429,30,1,1,0,1,1,0
90451,37399,37430,30,1,1,0,1,1,0
90453,37383,37432,30,1,1,0,1,1,0
90454,37383,37433,30,1,1,0,1,1,0
90456,37434,37408,30,1,1,0,1,1,0
90458,37434,37401,30,1,1,0,1,1,0
90460,37434,37435,30,1,1,0,1,1,0
90462,37419,37436,30,1,1,0,1,1,0
90464,37419,37437,30,1,1,0,1,1,0
90466,37419,37375,30,1,1,0,1,1,0
90468,37385,37438,30,1,1,0,1,1,0
90470,37385,37439,30,1,1,0,1,1,0
90472,37415,37440,30,1,1,0,1,1,0
90473,37441,37415,30,1,1,0,1,1,0
90474,37415,37442,30,1,1,0,1,1,0
90476,37378,37443,30,1,1,0,1,1,0
90478,37378,37444,30,1,1,0,1,1,0
90480,37378,37445,30,1,1,0,1,1,0
90482,37446,37379,30,1,1,0,1,1,0
90484,37446,37447,30,1,1,0,1,1,0
90486,37446,37416,30,1,1,0,1,1,0
90488,37436,37448,30,1,1,0,1,1,0
90490,37436,37374,30,1,1,0,1,1,0
90492,37436,37449,30,1,1,0,1,1,0
90494,37450,37451,30,1,1,0,1,1,0
90496,37450,37452,30,1,1,0,1,1,0
90498,37450,37453,30,1,1,0,1,1,0
90588,37511,37512,30,1,1,0,1,1,0
90590,37511,37513,30,1,1,0,1,1,0
90592,37514,37515,30,1,1,0,1,1,0
90594,37514,37512,30,1,1,0,1,1,0
90596,37514,37516,30,1,1,0,1,1,0
90598,37517,37518,30,1,1,0,1,1,0
90600,37517,37519,30,1,1,0,1,1,0
90602,37517,37520,30,1,1,0,1,1,0
90604,37521,37522,30,1,1,0,1,1,0
90606,37521,37523,30,1,1,0,1,1,0
90608,37521,37524,30,1,1,0,1,1,0
90610,37521,37525,30,1,1,0,1,1,0
90779,37627,37628,30,1,1,0,1,1,0
90781,37627,37617,30,1,1,0,1,1,0
90783,37627,37629,30,1,1,0,1,1,0
91221,37882,37883,30,1,1,0,1,1,0
91223,37882,37884,30,1,1,0,1,1,0
91225,37882,37885,30,1,1,0,1,1,0
91232,37889,37890,30,1,1,0,1,1,0
91234,37889,37891,30,1,1,0,1,1,0
91236,37889,37892,30,1,1,0,1,1,0
91238,37889,37893,30,1,1,0,1,1,0
91271,37628,37608,30,1,1,0,1,1,0
91273,37628,37913,30,1,1,0,1,1,0
91285,37920,37921,30,1,1,0,1,1,0
91287,37920,37361,30,1,1,0,1,1,0
91289,37920,37922,30,1,1,0,1,1,0
93426,37128,37115,30,1,1,0,1,1,0
93428,37155,37128,30,1,1,0,1,1,0
93429,38836,37128,30,1,1,0,1,1,0
93445,37181,37356,30,1,1,0,1,1,0
93447,37181,38843,30,1,1,0,1,1,0
93479,37213,38854,30,1,1,0,1,1,0
93510,37115,37125,30,1,1,0,1,1,0
93511,37115,38863,30,1,1,0,1,1,0
93515,37155,37125,30,1,1,0,1,1,0
93524,37125,38867,30,1,1,0,1,1,0
93527,37183,38854,30,1,1,0,1,1,0
93529,37183,38868,30,1,1,0,1,1,0
93537,38854,38870,30,1,1,0,1,1,0
93544,37231,37890,30,1,1,0,1,1,0
93546,37231,38871,30,1,1,0,1,1,0
93562,38877,38878,30,1,1,0,1,1,0
93564,38877,37215,30,1,1,0,1,1,0
93566,38877,38879,30,1,1,0,1,1,0
93586,38878,37257,30,1,1,0,1,1,0
93588,38878,38890,30,1,1,0,1,1,0
93592,37223,38891,30,1,1,0,1,1,0
93594,37223,38892,30,1,1,0,1,1,0
93603,37219,38896,30,1,1,0,1,1,0
93605,37219,38897,30,1,1,0,1,1,0
93607,38896,38898,30,1,1,0,1,1,0
93609,38896,38897,30,1,1,0,1,1,0
93613,37277,37229,30,1,1,0,1,1,0
93615,37277,38900,30,1,1,0,1,1,0
93616,37277,38901,30,1,1,0,1,1,0
93626,38898,38904,30,1,1,0,1,1,0
93645,37236,37254,30,1,1,0,1,1,0
93646,38912,37236,30,1,1,0,1,1,0
93647,37257,38913,30,1,1,0,1,1,0
93653,37232,38916,30,1,1,0,1,1,0
93655,38917,38918,30,1,1,0,1,1,0
93657,38917,38919,30,1,1,0,1,1,0
93659,37252,38920,30,1,1,0,1,1,0
93661,37252,38921,30,1,1,0,1,1,0
93676,37258,37254,30,1,1,0,1,1,0
93678,37258,38926,30,1,1,0,1,1,0
93685,37278,38891,30,1,1,0,1,1,0
93687,37278,38928,30,1,1,0,1,1,0
93689,37278,38929,30,1,1,0,1,1,0
93697,37220,38932,30,1,1,0,1,1,0
93703,37224,38904,30,1,1,0,1,1,0
93705,37224,38934,30,1,1,0,1,1,0
93718,38935,38920,30,1,1,0,1,1,0
93720,38935,37263,30,1,1,0,1,1,0
93729,38920,38938,30,1,1,0,1,1,0
93731,38920,38939,30,1,1,0,1,1,0
93742,37202,38944,30,1,1,0,1,1,0
93744,37202,38932,30,1,1,0,1,1,0
93751,38918,38946,30,1,1,0,1,1,0
93753,38918,38947,30,1,1,0,1,1,0
93757,38904,38949,30,1,1,0,1,1,0
93759,38950,37229,30,1,1,0,1,1,0
93760,38951,37229,30,1,1,0,1,1,0
93767,38891,38953,30,1,1,0,1,1,0
93771,37225,38946,30,1,1,0,1,1,0
93773,38916,38955,30,1,1,0,1,1,0
93775,38916,38956,30,1,1,0,1,1,0
93792,37263,38951,30,1,1,0,1,1,0
93796,38946,38961,30,1,1,0,1,1,0
93802,38964,37291,30,1,1,0,1,1,0
93804,38964,37288,30,1,1,0,1,1,0
93806,38964,38965,30,1,1,0,1,1,0
93812,37291,38968,30,1,1,0,1,1,0
93814,37883,38969,30,1,1,0,1,1,0
93816,37883,38970,30,1,1,0,1,1,0
93818,37884,38971,30,1,1,0,1,1,0
93830,38969,37891,30,1,1,0,1,1,0
93832,38969,38977,30,1,1,0,1,1,0
93834,37890,38978,30,1,1,0,1,1,0
93836,38971,37292,30,1,1,0,1,1,0
93998,37305,39053,30,1,1,0,1,1,0
94000,37305,39054,30,1,1,0,1,1,0
94002,37305,39055,30,1,1,0,1,1,0
94006,37329,39057,30,1,1,0,1,1,0
94008,37360,39059,30,1,1,0,1,1,0
94012,37921,39062,30,1,1,0,1,1,0
94014,37921,39063,30,1,1,0,1,1,0
94016,39062,39064,30,1,1,0,1,1,0
94018,39065,39066,30,1,1,0,1,1,0
94020,39065,39067,30,1,1,0,1,1,0
94025,39059,39069,30,1,1,0,1,1,0
94027,39059,39063,30,1,1,0,1,1,0
94037,37306,37311,30,1,1,0,1,1,0
94039,37306,39074,30,1,1,0,1,1,0
94045,39076,37309,30,1,1,0,1,1,0
94047,39076,39057,30,1,1,0,1,1,0
94049,39066,39077,30,1,1,0,1,1,0
94051,39066,39078,30,1,1,0,1,1,0
94053,39066,39079,30,1,1,0,1,1,0
94059,39081,39082,30,1,1,0,1,1,0
94061,39081,39083,30,1,1,0,1,1,0
94064,39085,37366,30,1,1,0,1,1,0
94066,39085,37314,30,1,1,0,1,1,0
94068,39085,39086,30,1,1,0,1,1,0
94072,37309,39088,30,1,1,0,1,1,0
94078,37365,39069,30,1,1,0,1,1,0
94080,37365,39091,30,1,1,0,1,1,0
94084,39064,39092,30,1,1,0,1,1,0
94086,39064,39093,30,1,1,0,1,1,0
94088,39094,37344,30,1,1,0,1,1,0
94090,39094,37359,30,1,1,0,1,1,0
94092,39094,39095,30,1,1,0,1,1,0
94098,37310,39082,30,1,1,0,1,1,0
94100,37310,39098,30,1,1,0,1,1,0
94102,37310,39088,30,1,1,0,1,1,0
94104,39067,39099,30,1,1,0,1,1,0
94106,39067,39100,30,1,1,0,1,1,0
94108,39101,39102,30,1,1,0,1,1,0
94110,39101,37353,30,1,1,0,1,1,0
94112,37356,39103,30,1,1,0,1,1,0
94116,39053,39105,30,1,1,0,1,1,0
94118,39053,39106,30,1,1,0,1,1,0
94120,37343,37321,30,1,1,0,1,1,0
94122,37343,39107,30,1,1,0,1,1,0
94124,37343,39108,30,1,1,0,1,1,0
94146,39077,39102,30,1,1,0,1,1,0
94148,39077,39115,30,1,1,0,1,1,0
94150,39082,39078,30,1,1,0,1,1,0
94152,39082,39116,30,1,1,0,1,1,0
94156,39102,39118,30,1,1,0,1,1,0
94158,39083,39119,30,1,1,0,1,1,0
94160,39083,39120,30,1,1,0,1,1,0
94162,37366,39091,30,1,1,0,1,1,0
94170,39057,39123,30,1,1,0,1,1,0
94172,37314,37330,30,1,1,0,1,1,0
94177,37353,39125,30,1,1,0,1,1,0
94179,37311,39126,30,1,1,0,1,1,0
94181,39127,39128,30,1,1,0,1,1,0
94183,39127,37437,30,1,1,0,1,1,0
94185,39127,39129,30,1,1,0,1,1,0
94187,38959,39131,30,1,1,0,1,1,0
94189,39132,39133,30,1,1,0,1,1,0
94191,39132,39134,30,1,1,0,1,1,0
94193,39132,39135,30,1,1,0,1,1,0
94195,39132,39136,30,1,1,0,1,1,0
94197,39137,37421,30,1,1,0,1,1,0
94199,39137,39138,30,1,1,0,1,1,0
94201,37404,37396,30,1,1,0,1,1,0
94203,37404,39139,30,1,1,0,1,1,0
94205,39140,39141,30,1,1,0,1,1,0
94207,39140,39142,30,1,1,0,1,1,0
94209,39140,39143,30,1,1,0,1,1,0
94211,39144,39145,30,1,1,0,1,1,0
94213,39144,39146,30,1,1,0,1,1,0
94215,39144,39147,30,1,1,0,1,1,0
94217,39148,39149,30,1,1,0,1,1,0
94219,39148,39150,30,1,1,0,1,1,0
94221,37420,39138,30,1,1,0,1,1,0
94223,37420,37426,30,1,1,0,1,1,0
94225,37420,39151,30,1,1,0,1,1,0
94227,39099,39133,30,1,1,0,1,1,0
94229,39099,39152,30,1,1,0,1,1,0
94231,39153,37422,30,1,1,0,1,1,0
94233,39153,39154,30,1,1,0,1,1,0
94237,38919,39149,30,1,1,0,1,1,0
94239,38919,39157,30,1,1,0,1,1,0
94241,37396,37371,30,1,1,0,1,1,0
94243,39158,39159,30,1,1,0,1,1,0
94244,37429,39158,30,1,1,0,1,1,0
94245,39158,37413,30,1,1,0,1,1,0
94247,39158,39160,30,1,1,0,1,1,0
94249,37421,37448,30,1,1,0,1,1,0
94251,39138,37433,30,1,1,0,1,1,0
94253,39119,39161,30,1,1,0,1,1,0
94255,37448,39162,30,1,1,0,1,1,0
94257,37395,37432,30,1,1,0,1,1,0
94259,39163,37395,30,1,1,0,1,1,0
94260,39164,39165,30,1,1,0,1,1,0
94262,39164,38955,30,1,1,0,1,1,0
94264,39164,39166,30,1,1,0,1,1,0
94266,37439,37386,30,1,1,0,1,1,0
94267,37386,39167,30,1,1,0,1,1,0
94269,37440,37400,30,1,1,0,1,1,0
94270,39168,39170,30,1,1,0,1,1,0
94272,38950,38900,30,1,1,0,1,1,0
94274,39171,38950,30,1,1,0,1,1,0
94275,37387,39172,30,1,1,0,1,1,0
94277,37387,39173,30,1,1,0,1,1,0
94279,39174,39175,30,1,1,0,1,1,0
94281,39174,39141,30,1,1,0,1,1,0
94283,39176,39177,30,1,1,0,1,1,0
94285,39176,39167,30,1,1,0,1,1,0
94287,39176,39178,30,1,1,0,1,1,0
94289,39176,39179,30,1,1,0,1,1,0
94291,37432,39180,30,1,1,0,1,1,0
94292,39180,39163,30,1,1,0,1,1,0
94294,39180,39181,30,1,1,0,1,1,0
94295,39180,39182,30,1,1,0,1,1,0
94297,39183,37447,30,1,1,0,1,1,0
94299,39183,39150,30,1,1,0,1,1,0
94301,37432,39184,30,1,1,0,1,1,0
94303,39185,39186,30,1,1,0,1,1,0
94305,39185,37439,30,1,1,0,1,1,0
94307,39185,39187,30,1,1,0,1,1,0
94309,39188,39165,30,1,1,0,1,1,0
94311,39188,37428,30,1,1,0,1,1,0
94313,39190,39191,30,1,1,0,1,1,0
94315,39190,39192,30,1,1,0,1,1,0
94317,39190,39193,30,1,1,0,1,1,0
94319,39194,39134,30,1,1,0,1,1,0
94321,39194,39195,30,1,1,0,1,1,0
94323,39194,39196,30,1,1,0,1,1,0
94325,39197,39163,30,1,1,0,1,1,0
94326,37417,39197,30,1,1,0,1,1,0
94327,39175,39198,30,1,1,0,1,1,0
94329,37412,37440,30,1,1,0,1,1,0
94331,39172,37435,30,1,1,0,1,1,0
94333,38955,39130,30,1,1,0,1,1,0
94335,37408,39200,30,1,1,0,1,1,0
94337,39163,39201,30,1,1,0,1,1,0
94339,37440,39202,30,1,1,0,1,1,0
94341,37401,39203,30,1,1,0,1,1,0
94343,37401,39204,30,1,1,0,1,1,0
94345,37374,39205,30,1,1,0,1,1,0
94347,39159,39206,30,1,1,0,1,1,0
94348,39145,39186,30,1,1,0,1,1,0
94350,39145,39207,30,1,1,0,1,1,0
94352,39145,39179,30,1,1,0,1,1,0
94354,37429,39208,30,1,1,0,1,1,0
94356,39149,39209,30,1,1,0,1,1,0
94358,39149,39210,30,1,1,0,1,1,0
94360,39154,39211,30,1,1,0,1,1,0
94362,39154,39128,30,1,1,0,1,1,0
94364,39154,39212,30,1,1,0,1,1,0
94366,39141,39196,30,1,1,0,1,1,0
94368,39141,39213,30,1,1,0,1,1,0
94370,39214,39215,30,1,1,0,1,1,0
94372,37438,37405,30,1,1,0,1,1,0
94374,39198,39177,30,1,1,0,1,1,0
94376,39198,39216,30,1,1,0,1,1,0
94378,39198,39217,30,1,1,0,1,1,0
94380,39186,39167,30,1,1,0,1,1,0
94382,37405,39218,30,1,1,0,1,1,0
94384,39211,39219,30,1,1,0,1,1,0
94386,38900,37413,30,1,1,0,1,1,0
94387,38900,39220,30,1,1,0,1,1,0
94389,39161,39142,30,1,1,0,1,1,0
94391,39161,39135,30,1,1,0,1,1,0
94393,39161,39221,30,1,1,0,1,1,0
94395,39134,39222,30,1,1,0,1,1,0
94397,39177,39223,30,1,1,0,1,1,0
94399,37433,39224,30,1,1,0,1,1,0
94401,39128,39225,30,1,1,0,1,1,0
94407,39206,39171,30,1,1,0,1,1,0
94408,37427,39228,30,1,1,0,1,1,0
94410,37427,39229,30,1,1,0,1,1,0
94412,37427,39230,30,1,1,0,1,1,0
94414,37424,39231,30,1,1,0,1,1,0
94416,37424,39232,30,1,1,0,1,1,0
94418,39191,39195,30,1,1,0,1,1,0
94420,39150,39233,30,1,1,0,1,1,0
94422,39150,37443,30,1,1,0,1,1,0
94424,39169,39170,30,1,1,0,1,1,0
94426,39167,39173,30,1,1,0,1,1,0
94428,39192,39146,30,1,1,0,1,1,0
94430,39192,39234,30,1,1,0,1,1,0
94432,39146,39216,30,1,1,0,1,1,0
94434,37435,39235,30,1,1,0,1,1,0
94436,39195,39236,30,1,1,0,1,1,0
94438,39181,37441,30,1,1,0,1,1,0
94439,37416,39237,30,1,1,0,1,1,0
94441,37428,39238,30,1,1,0,1,1,0
94443,39239,39240,30,1,1,0,1,1,0
94445,39239,39241,30,1,1,0,1,1,0
94447,39239,39242,30,1,1,0,1,1,0
94449,39239,39243,30,1,1,0,1,1,0
94451,37289,39244,30,1,1,0,1,1,0
94453,37289,39245,30,1,1,0,1,1,0
94455,37289,39246,30,1,1,0,1,1,0
94457,39244,39247,30,1,1,0,1,1,0
94459,39244,39248,30,1,1,0,1,1,0
94461,39240,39249,30,1,1,0,1,1,0
94463,39250,39251,30,1,1,0,1,1,0
94465,39250,39252,30,1,1,0,1,1,0
94469,37451,39253,30,1,1,0,1,1,0
94471,37451,39254,30,1,1,0,1,1,0
94473,39225,39255,30,1,1,0,1,1,0
94475,39247,39256,30,1,1,0,1,1,0
94477,39247,39257,30,1,1,0,1,1,0
94479,39258,39219,30,1,1,0,1,1,0
94481,39258,39253,30,1,1,0,1,1,0
94483,39258,39259,30,1,1,0,1,1,0
94485,39251,39260,30,1,1,0,1,1,0
94487,39251,39261,30,1,1,0,1,1,0
94489,39249,39262,30,1,1,0,1,1,0
94491,39249,39263,30,1,1,0,1,1,0
94493,39219,39264,30,1,1,0,1,1,0
94495,39253,39265,30,1,1,0,1,1,0
94497,39255,39266,30,1,1,0,1,1,0
94499,39262,39267,30,1,1,0,1,1,0
94501,39268,39256,30,1,1,0,1,1,0
94503,39268,39241,30,1,1,0,1,1,0
94505,39268,39269,30,1,1,0,1,1,0
94507,39266,39252,30,1,1,0,1,1,0
94509,39266,39270,30,1,1,0,1,1,0
94511,39231,39271,30,1,1,0,1,1,0
94513,39231,39272,30,1,1,0,1,1,0
94515,39273,39267,30,1,1,0,1,1,0
94517,39273,39228,30,1,1,0,1,1,0
94519,39267,39274,30,1,1,0,1,1,0
94521,39267,39275,30,1,1,0,1,1,0
94523,39256,39276,30,1,1,0,1,1,0
94525,39228,39277,30,1,1,0,1,1,0
94527,39228,39278,30,1,1,0,1,1,0
94529,39260,39271,30,1,1,0,1,1,0
94531,39260,39279,30,1,1,0,1,1,0
94533,39241,39280,30,1,1,0,1,1,0
94535,39241,39281,30,1,1,0,1,1,0
94537,39271,39282,30,1,1,0,1,1,0
94539,39252,39283,30,1,1,0,1,1,0
94695,39348,39349,30,1,1,0,1,1,0
94697,39348,39350,30,1,1,0,1,1,0
94707,39356,39357,30,1,1,0,1,1,0
94709,39356,39358,30,1,1,0,1,1,0
94711,39359,39360,30,1,1,0,1,1,0
94713,39359,39361,30,1,1,0,1,1,0
94715,39359,39362,30,1,1,0,1,1,0
94717,39363,39357,30,1,1,0,1,1,0
94719,39363,39350,30,1,1,0,1,1,0
94721,39363,39364,30,1,1,0,1,1,0
94739,39349,39372,30,1,1,0,1,1,0
94741,39349,39373,30,1,1,0,1,1,0
94743,39349,39374,30,1,1,0,1,1,0
94760,39350,39381,30,1,1,0,1,1,0
94764,39372,39360,30,1,1,0,1,1,0
94766,39372,39382,30,1,1,0,1,1,0
94770,39358,39105,30,1,1,0,1,1,0
94772,39105,39384,30,1,1,0,1,1,0
94774,39105,39385,30,1,1,0,1,1,0
94781,39360,39387,30,1,1,0,1,1,0
94783,39360,39388,30,1,1,0,1,1,0
94785,39389,39390,30,1,1,0,1,1,0
94787,39389,37516,30,1,1,0,1,1,0
94789,39389,39391,30,1,1,0,1,1,0
94791,37518,39392,30,1,1,0,1,1,0
94793,37518,39393,30,1,1,0,1,1,0
94795,39394,39395,30,1,1,0,1,1,0
94797,39394,37423,30,1,1,0,1,1,0
94799,39394,39396,30,1,1,0,1,1,0
94801,39394,39397,30,1,1,0,1,1,0
94803,39390,39398,30,1,1,0,1,1,0
94805,37515,39399,30,1,1,0,1,1,0
94807,39400,39401,30,1,1,0,1,1,0
94809,39400,39402,30,1,1,0,1,1,0
94811,39403,39404,30,1,1,0,1,1,0
94813,39403,39361,30,1,1,0,1,1,0
94815,39398,39405,30,1,1,0,1,1,0
94817,39398,39406,30,1,1,0,1,1,0
94819,37519,37524,30,1,1,0,1,1,0
94825,37522,39402,30,1,1,0,1,1,0
94827,39401,39409,30,1,1,0,1,1,0
94829,39405,39410,30,1,1,0,1,1,0
94831,39405,39411,30,1,1,0,1,1,0
94833,39395,39412,30,1,1,0,1,1,0
94837,37512,39413,30,1,1,0,1,1,0
94839,37523,39408,30,1,1,0,1,1,0
94841,37523,39414,30,1,1,0,1,1,0
94843,39402,39415,30,1,1,0,1,1,0
94845,39399,39412,30,1,1,0,1,1,0
94847,39399,39416,30,1,1,0,1,1,0
94849,37524,39417,30,1,1,0,1,1,0
94851,39404,39409,30,1,1,0,1,1,0
94853,39404,39418,30,1,1,0,1,1,0
94855,39419,39420,30,1,1,0,1,1,0
94857,39419,39392,30,1,1,0,1,1,0
94859,39419,39421,30,1,1,0,1,1,0
94861,39408,39422,30,1,1,0,1,1,0
94867,39420,39410,30,1,1,0,1,1,0
94869,39420,39424,30,1,1,0,1,1,0
94871,39361,39425,30,1,1,0,1,1,0
94873,39410,39426,30,1,1,0,1,1,0
95281,39593,39594,30,1,1,0,1,1,0
95283,39593,39595,30,1,1,0,1,1,0
95285,39593,39596,30,1,1,0,1,1,0
95287,37520,39597,30,1,1,0,1,1,0
95289,37520,39598,30,1,1,0,1,1,0
95307,39594,39608,30,1,1,0,1,1,0
95309,39594,39609,30,1,1,0,1,1,0
95311,39594,39610,30,1,1,0,1,1,0
95381,39597,39642,30,1,1,0,1,1,0
95383,39597,39643,30,1,1,0,1,1,0
95417,39595,39642,30,1,1,0,1,1,0
95419,39595,39657,30,1,1,0,1,1,0
95423,39608,37629,30,1,1,0,1,1,0
95425,39608,39659,30,1,1,0,1,1,0
95483,37629,39675,30,1,1,0,1,1,0
95485,37629,39676,30,1,1,0,1,1,0
96539,37516,40108,30,1,1,0,1,1,0
96721,37361,37922,30,1,1,0,1,1,0
102991,39103,42601,30,1,1,0,1,1,0
102998,42602,38867,30,1,1,0,1,1,0
103012,42606,42607,30,1,1,0,1,1,0
103014,42606,42608,30,1,1,0,1,1,0
103016,42606,37216,30,1,1,0,1,1,0
103032,42610,42611,30,1,1,0,1,1,0
103034,42612,42613,30,1,1,0,1,1,0
103036,42612,42614,30,1,1,0,1,1,0
103038,42612,42615,30,1,1,0,1,1,0
103052,42611,42602,30,1,1,0,1,1,0
103054,42611,37922,30,1,1,0,1,1,0
103056,42621,42607,30,1,1,0,1,1,0
103057,42621,42601,30,1,1,0,1,1,0
103059,38843,42621,30,1,1,0,1,1,0
103080,38863,42602,30,1,1,0,1,1,0
103092,42607,42625,30,1,1,0,1,1,0
103095,38868,38870,30,1,1,0,1,1,0
103097,38868,38843,30,1,1,0,1,1,0
103102,42601,38843,30,1,1,0,1,1,0
103104,42608,38870,30,1,1,0,1,1,0
103111,42613,42626,30,1,1,0,1,1,0
103113,42613,42627,30,1,1,0,1,1,0
103121,42630,42631,30,1,1,0,1,1,0
103122,42625,42630,30,1,1,0,1,1,0
103123,42630,38890,30,1,1,0,1,1,0
103125,38871,42632,30,1,1,0,1,1,0
103127,38871,38956,30,1,1,0,1,1,0
103129,38879,42633,30,1,1,0,1,1,0
103131,38879,38890,30,1,1,0,1,1,0
103133,42631,42634,30,1,1,0,1,1,0
103134,42631,42635,30,1,1,0,1,1,0
103136,42636,38897,30,1,1,0,1,1,0
103138,42636,39131,30,1,1,0,1,1,0
103140,42637,42638,30,1,1,0,1,1,0
103141,42637,42639,30,1,1,0,1,1,0
103143,42640,42637,30,1,1,0,1,1,0
103144,42637,42641,30,1,1,0,1,1,0
103146,42642,42643,30,1,1,0,1,1,0
103148,42642,38921,30,1,1,0,1,1,0
103170,42652,42653,30,1,1,0,1,1,0
103172,42652,42654,30,1,1,0,1,1,0
103179,42658,38953,30,1,1,0,1,1,0
103187,42653,38953,30,1,1,0,1,1,0
103189,42653,42661,30,1,1,0,1,1,0
103210,38926,42639,30,1,1,0,1,1,0
103212,38926,42664,30,1,1,0,1,1,0
103214,38947,42665,30,1,1,0,1,1,0
103216,42633,42625,30,1,1,0,1,1,0
103218,42633,37216,30,1,1,0,1,1,0
103220,42625,42666,30,1,1,0,1,1,0
103222,38944,42667,30,1,1,0,1,1,0
103224,42668,38934,30,1,1,0,1,1,0
103226,42668,42669,30,1,1,0,1,1,0
103232,42671,38951,30,1,1,0,1,1,0
103233,38951,42672,30,1,1,0,1,1,0
103241,42681,42671,30,1,1,0,1,1,0
103243,42681,42682,30,1,1,0,1,1,0
103245,42683,38956,30,1,1,0,1,1,0
103265,42690,39210,30,1,1,0,1,1,0
103277,38938,42682,30,1,1,0,1,1,0
103285,42638,42643,30,1,1,0,1,1,0
103286,42643,42695,30,1,1,0,1,1,0
103293,38913,42634,30,1,1,0,1,1,0
103295,38913,38890,30,1,1,0,1,1,0
103301,38932,37221,30,1,1,0,1,1,0
103305,42695,42671,30,1,1,0,1,1,0
103306,42671,42696,30,1,1,0,1,1,0
103308,42638,42641,30,1,1,0,1,1,0
103312,42697,38911,30,1,1,0,1,1,0
103314,42639,37255,30,1,1,0,1,1,0
103318,38921,37255,30,1,1,0,1,1,0
103326,38956,42701,30,1,1,0,1,1,0
103329,42634,42702,30,1,1,0,1,1,0
103332,42695,42703,30,1,1,0,1,1,0
103334,42694,38911,30,1,1,0,1,1,0
103345,42664,42640,30,1,1,0,1,1,0
103346,42640,42705,30,1,1,0,1,1,0
103348,38929,42706,30,1,1,0,1,1,0
103350,38934,42707,30,1,1,0,1,1,0
103352,42702,42664,30,1,1,0,1,1,0
103353,42708,38901,30,1,1,0,1,1,0
103355,42708,42706,30,1,1,0,1,1,0
103363,42654,42713,30,1,1,0,1,1,0
103369,38901,42713,30,1,1,0,1,1,0
103371,38901,39220,30,1,1,0,1,1,0
103375,42718,42719,30,1,1,0,1,1,0
103377,42718,42720,30,1,1,0,1,1,0
103379,42718,42721,30,1,1,0,1,1,0
103401,42719,42735,30,1,1,0,1,1,0
103403,42719,42736,30,1,1,0,1,1,0
103409,42740,42741,30,1,1,0,1,1,0
103415,42743,42744,30,1,1,0,1,1,0
103417,42743,42745,30,1,1,0,1,1,0
103419,42743,42746,30,1,1,0,1,1,0
103421,42716,42747,30,1,1,0,1,1,0
103423,42716,37892,30,1,1,0,1,1,0
103431,42750,42741,30,1,1,0,1,1,0
103443,42747,42744,30,1,1,0,1,1,0
103445,42758,42759,30,1,1,0,1,1,0
103447,42758,38970,30,1,1,0,1,1,0
103449,42758,42721,30,1,1,0,1,1,0
103463,38965,42767,30,1,1,0,1,1,0
103467,38968,42770,30,1,1,0,1,1,0
103469,38968,42771,30,1,1,0,1,1,0
103481,42667,37893,30,1,1,0,1,1,0
103493,42786,42766,30,1,1,0,1,1,0
103495,42786,42787,30,1,1,0,1,1,0
103501,42720,37893,30,1,1,0,1,1,0
103515,42794,42795,30,1,1,0,1,1,0
103525,37885,38977,30,1,1,0,1,1,0
103527,42744,42799,30,1,1,0,1,1,0
103533,42766,42800,30,1,1,0,1,1,0
103541,42741,42804,30,1,1,0,1,1,0
103569,42795,42804,30,1,1,0,1,1,0
103571,42795,42814,30,1,1,0,1,1,0
103577,37293,42816,30,1,1,0,1,1,0
103579,37293,42817,30,1,1,0,1,1,0
103593,42800,42771,30,1,1,0,1,1,0
103595,38977,42816,30,1,1,0,1,1,0
103597,38977,42823,30,1,1,0,1,1,0
103615,42804,42816,30,1,1,0,1,1,0
103617,42823,42826,30,1,1,0,1,1,0
103619,42823,42827,30,1,1,0,1,1,0
104121,42614,42615,30,1,1,0,1,1,0
104123,43062,43063,30,1,1,0,1,1,0
104125,43062,39063,30,1,1,0,1,1,0
104133,37315,43068,30,1,1,0,1,1,0
104135,37315,43069,30,1,1,0,1,1,0
104137,39078,39098,30,1,1,0,1,1,0
104139,43070,43071,30,1,1,0,1,1,0
104141,43070,39382,30,1,1,0,1,1,0
104143,43072,43073,30,1,1,0,1,1,0
104151,43076,43077,30,1,1,0,1,1,0
104153,43076,43078,30,1,1,0,1,1,0
104155,43063,43079,30,1,1,0,1,1,0
104157,43063,43080,30,1,1,0,1,1,0
104161,39107,43083,30,1,1,0,1,1,0
104171,43086,43087,30,1,1,0,1,1,0
104173,43086,39074,30,1,1,0,1,1,0
104175,39091,43088,30,1,1,0,1,1,0
104177,43087,43089,30,1,1,0,1,1,0
104179,43087,43090,30,1,1,0,1,1,0
104181,43087,43091,30,1,1,0,1,1,0
104187,37357,43093,30,1,1,0,1,1,0
104189,37357,43094,30,1,1,0,1,1,0
104193,39092,43079,30,1,1,0,1,1,0
104195,39063,43077,30,1,1,0,1,1,0
104203,37337,43099,30,1,1,0,1,1,0
104205,43071,39054,30,1,1,0,1,1,0
104207,39086,43103,30,1,1,0,1,1,0
104209,37316,43104,30,1,1,0,1,1,0
104211,37316,43105,30,1,1,0,1,1,0
104217,43108,43109,30,1,1,0,1,1,0
104219,43108,43099,30,1,1,0,1,1,0
104221,43108,43110,30,1,1,0,1,1,0
104225,43112,43109,30,1,1,0,1,1,0
104227,43112,43113,30,1,1,0,1,1,0
104229,43112,43114,30,1,1,0,1,1,0
104231,43109,43117,30,1,1,0,1,1,0
104233,43109,43118,30,1,1,0,1,1,0
104235,43119,43120,30,1,1,0,1,1,0
104237,42626,42627,30,1,1,0,1,1,0
104239,42626,42615,30,1,1,0,1,1,0
104241,43079,43121,30,1,1,0,1,1,0
104243,43068,43122,30,1,1,0,1,1,0
104245,43068,43123,30,1,1,0,1,1,0
104247,43124,43089,30,1,1,0,1,1,0
104249,43124,43125,30,1,1,0,1,1,0
104251,43124,43126,30,1,1,0,1,1,0
104257,43130,43131,30,1,1,0,1,1,0
104259,43130,43132,30,1,1,0,1,1,0
104261,43130,43133,30,1,1,0,1,1,0
104273,43138,43116,30,1,1,0,1,1,0
104275,43138,43131,30,1,1,0,1,1,0
104277,43138,39123,30,1,1,0,1,1,0
104279,39079,43139,30,1,1,0,1,1,0
104281,43140,43141,30,1,1,0,1,1,0
104283,43140,43110,30,1,1,0,1,1,0
104287,43142,43143,30,1,1,0,1,1,0
104289,43142,43131,30,1,1,0,1,1,0
104291,43142,43144,30,1,1,0,1,1,0
104293,37325,43145,30,1,1,0,1,1,0
104295,37325,43146,30,1,1,0,1,1,0
104299,43116,39126,30,1,1,0,1,1,0
104301,43077,43123,30,1,1,0,1,1,0
104303,43093,43117,30,1,1,0,1,1,0
104305,43093,43149,30,1,1,0,1,1,0
104307,43089,43150,30,1,1,0,1,1,0
104309,43143,43151,30,1,1,0,1,1,0
104311,43143,43152,30,1,1,0,1,1,0
104317,43156,43157,30,1,1,0,1,1,0
104319,39098,39115,30,1,1,0,1,1,0
104321,39108,39054,30,1,1,0,1,1,0
104323,43131,43151,30,1,1,0,1,1,0
104325,43080,43121,30,1,1,0,1,1,0
104327,43080,43123,30,1,1,0,1,1,0
104337,43121,39096,30,1,1,0,1,1,0
104343,43088,43103,30,1,1,0,1,1,0
104349,39088,39116,30,1,1,0,1,1,0
104355,43122,43078,30,1,1,0,1,1,0
104357,43090,39106,30,1,1,0,1,1,0
104359,39125,43091,30,1,1,0,1,1,0
104365,39074,39055,30,1,1,0,1,1,0
104369,43114,43099,30,1,1,0,1,1,0
104371,43114,37367,30,1,1,0,1,1,0
104373,43141,43118,30,1,1,0,1,1,0
104375,43165,43166,30,1,1,0,1,1,0
104377,43167,39115,30,1,1,0,1,1,0
104383,43144,43104,30,1,1,0,1,1,0
104385,43144,43132,30,1,1,0,1,1,0
104387,43150,43073,30,1,1,0,1,1,0
104389,43125,43139,30,1,1,0,1,1,0
104391,43125,43091,30,1,1,0,1,1,0
104393,43103,43078,30,1,1,0,1,1,0
104399,43126,43139,30,1,1,0,1,1,0
104401,43126,43169,30,1,1,0,1,1,0
104403,43126,43170,30,1,1,0,1,1,0
104405,43157,37330,30,1,1,0,1,1,0
104407,43157,43105,30,1,1,0,1,1,0
104413,43110,43172,30,1,1,0,1,1,0
104417,43148,43132,30,1,1,0,1,1,0
104419,43152,43105,30,1,1,0,1,1,0
104427,43083,39095,30,1,1,0,1,1,0
104429,43149,43175,30,1,1,0,1,1,0
104433,42627,43176,30,1,1,0,1,1,0
104439,43073,43178,30,1,1,0,1,1,0
104441,43146,43132,30,1,1,0,1,1,0
104453,43181,43182,30,1,1,0,1,1,0
104455,43181,43183,30,1,1,0,1,1,0
104457,43184,39203,30,1,1,0,1,1,0
104459,43184,43185,30,1,1,0,1,1,0
104461,43186,43187,30,1,1,0,1,1,0
104463,43186,43188,30,1,1,0,1,1,0
104465,43186,43189,30,1,1,0,1,1,0
104467,43190,43191,30,1,1,0,1,1,0
104469,43190,43192,30,1,1,0,1,1,0
104471,43190,43193,30,1,1,0,1,1,0
104473,43191,43194,30,1,1,0,1,1,0
104475,43191,43195,30,1,1,0,1,1,0
104477,43182,43196,30,1,1,0,1,1,0
104479,43182,37430,30,1,1,0,1,1,0
104481,43197,43198,30,1,1,0,1,1,0
104483,43197,43199,30,1,1,0,1,1,0
104485,43197,39212,30,1,1,0,1,1,0
104487,43200,39226,30,1,1,0,1,1,0
104489,43200,43201,30,1,1,0,1,1,0
104491,43200,39261,30,1,1,0,1,1,0
104493,43202,39178,30,1,1,0,1,1,0
104495,43202,43203,30,1,1,0,1,1,0
104497,43204,43205,30,1,1,0,1,1,0
104499,43204,43206,30,1,1,0,1,1,0
104501,43207,39233,30,1,1,0,1,1,0
104503,43207,43208,30,1,1,0,1,1,0
104505,43207,43209,30,1,1,0,1,1,0
104507,43210,37449,30,1,1,0,1,1,0
104509,43210,43211,30,1,1,0,1,1,0
104511,43210,43212,30,1,1,0,1,1,0
104513,43213,43214,30,1,1,0,1,1,0
104515,43213,43215,30,1,1,0,1,1,0
104517,43213,43216,30,1,1,0,1,1,0
104519,43217,43218,30,1,1,0,1,1,0
104521,43217,43219,30,1,1,0,1,1,0
104523,43220,43221,30,1,1,0,1,1,0
104525,43220,39178,30,1,1,0,1,1,0
104527,43220,43222,30,1,1,0,1,1,0
104529,43223,43224,30,1,1,0,1,1,0
104531,43223,43225,30,1,1,0,1,1,0
104533,43198,43199,30,1,1,0,1,1,0
104535,43198,39151,30,1,1,0,1,1,0
104537,43198,43226,30,1,1,0,1,1,0
104539,43227,43228,30,1,1,0,1,1,0
104541,43227,43229,30,1,1,0,1,1,0
104543,43230,43196,30,1,1,0,1,1,0
104545,43230,43231,30,1,1,0,1,1,0
104547,43230,43232,30,1,1,0,1,1,0
104549,43233,39205,30,1,1,0,1,1,0
104551,43233,37449,30,1,1,0,1,1,0
104553,43233,43212,30,1,1,0,1,1,0
104555,43234,43235,30,1,1,0,1,1,0
104557,43234,43232,30,1,1,0,1,1,0
104559,43236,43237,30,1,1,0,1,1,0
104561,43175,43238,30,1,1,0,1,1,0
104563,43175,43225,30,1,1,0,1,1,0
104565,43175,43094,30,1,1,0,1,1,0
104567,43239,39200,30,1,1,0,1,1,0
104569,43239,43185,30,1,1,0,1,1,0
104571,43239,43240,30,1,1,0,1,1,0
104573,39178,43235,30,1,1,0,1,1,0
104575,43241,43242,30,1,1,0,1,1,0
104577,43241,43243,30,1,1,0,1,1,0
104579,43241,43244,30,1,1,0,1,1,0
104581,43214,39147,30,1,1,0,1,1,0
104583,43245,43246,30,1,1,0,1,1,0
104585,43245,43222,30,1,1,0,1,1,0
104587,42717,43247,30,1,1,0,1,1,0
104589,42717,43249,30,1,1,0,1,1,0
104591,43250,39212,30,1,1,0,1,1,0
104593,43250,39151,30,1,1,0,1,1,0
104595,43251,43252,30,1,1,0,1,1,0
104597,43251,42641,30,1,1,0,1,1,0
104599,43253,39223,30,1,1,0,1,1,0
104601,43253,43222,30,1,1,0,1,1,0
104603,43254,37406,30,1,1,0,1,1,0
104605,43254,39218,30,1,1,0,1,1,0
104607,43255,43256,30,1,1,0,1,1,0
104609,43255,43187,30,1,1,0,1,1,0
104611,43255,43257,30,1,1,0,1,1,0
104613,43258,43259,30,1,1,0,1,1,0
104615,43258,43260,30,1,1,0,1,1,0
104617,43258,42641,30,1,1,0,1,1,0
104619,43261,43252,30,1,1,0,1,1,0
104621,43261,42635,30,1,1,0,1,1,0
104623,43261,43262,30,1,1,0,1,1,0
104625,43263,43264,30,1,1,0,1,1,0
104627,43263,43203,30,1,1,0,1,1,0
104629,43265,43266,30,1,1,0,1,1,0
104631,43265,43267,30,1,1,0,1,1,0
104633,43265,43268,30,1,1,0,1,1,0
104635,39173,39235,30,1,1,0,1,1,0
104637,37411,43269,30,1,1,0,1,1,0
104639,37411,43270,30,1,1,0,1,1,0
104640,43273,43274,30,1,1,0,1,1,0
104642,43273,39187,30,1,1,0,1,1,0
104644,43273,43275,30,1,1,0,1,1,0
104646,43276,43277,30,1,1,0,1,1,0
104648,43276,39236,30,1,1,0,1,1,0
104650,43278,43189,30,1,1,0,1,1,0
104652,39229,43279,30,1,1,0,1,1,0
104654,39229,39277,30,1,1,0,1,1,0
104656,43280,39215,30,1,1,0,1,1,0
104658,43274,39207,30,1,1,0,1,1,0
104660,43274,43281,30,1,1,0,1,1,0
104662,43282,43283,30,1,1,0,1,1,0
104664,43282,43237,30,1,1,0,1,1,0
104666,43284,43285,30,1,1,0,1,1,0
104668,43284,43209,30,1,1,0,1,1,0
104670,43284,43286,30,1,1,0,1,1,0
104672,43287,43288,30,1,1,0,1,1,0
104674,43289,43218,30,1,1,0,1,1,0
104676,43289,43194,30,1,1,0,1,1,0
104678,43289,43288,30,1,1,0,1,1,0
104680,43290,43291,30,1,1,0,1,1,0
104682,43283,43195,30,1,1,0,1,1,0
104684,43292,39209,30,1,1,0,1,1,0
104686,43292,38949,30,1,1,0,1,1,0
104688,43292,39157,30,1,1,0,1,1,0
104690,37406,43293,30,1,1,0,1,1,0
104692,39209,43294,30,1,1,0,1,1,0
104694,39160,43295,30,1,1,0,1,1,0
104696,39160,39208,30,1,1,0,1,1,0
104698,43264,43228,30,1,1,0,1,1,0
104700,43264,43296,30,1,1,0,1,1,0
104702,42705,43252,30,1,1,0,1,1,0
104704,42705,43297,30,1,1,0,1,1,0
104706,43228,43222,30,1,1,0,1,1,0
104708,43298,43299,30,1,1,0,1,1,0
104710,43298,43300,30,1,1,0,1,1,0
104712,43298,43293,30,1,1,0,1,1,0
104714,42703,43301,30,1,1,0,1,1,0
104716,42703,43302,30,1,1,0,1,1,0
104718,43303,43304,30,1,1,0,1,1,0
104720,43305,43306,30,1,1,0,1,1,0
104722,43237,43307,30,1,1,0,1,1,0
104724,43237,43308,30,1,1,0,1,1,0
104726,39221,39143,30,1,1,0,1,1,0
104728,39221,43309,30,1,1,0,1,1,0
104730,43310,43311,30,1,1,0,1,1,0
104732,43310,43293,30,1,1,0,1,1,0
104734,39218,43312,30,1,1,0,1,1,0
104736,43172,43313,30,1,1,0,1,1,0
104738,43172,43309,30,1,1,0,1,1,0
104740,43256,43301,30,1,1,0,1,1,0
104742,43256,43314,30,1,1,0,1,1,0
104744,43266,43225,30,1,1,0,1,1,0
104746,43315,43316,30,1,1,0,1,1,0
104748,43205,43238,30,1,1,0,1,1,0
104750,43205,43308,30,1,1,0,1,1,0
104752,43307,43317,30,1,1,0,1,1,0
104754,43318,43317,30,1,1,0,1,1,0
104756,43318,43319,30,1,1,0,1,1,0
104758,43318,43243,30,1,1,0,1,1,0
104760,43318,43320,30,1,1,0,1,1,0
104762,43321,43322,30,1,1,0,1,1,0
104764,43323,43294,30,1,1,0,1,1,0
104766,43323,43324,30,1,1,0,1,1,0
104768,43323,43286,30,1,1,0,1,1,0
104770,43301,42696,30,1,1,0,1,1,0
104772,43295,43325,30,1,1,0,1,1,0
104774,43317,43313,30,1,1,0,1,1,0
104776,43326,43327,30,1,1,0,1,1,0
104778,43326,43206,30,1,1,0,1,1,0
104780,43326,43219,30,1,1,0,1,1,0
104782,43299,43328,30,1,1,0,1,1,0
104784,43299,43329,30,1,1,0,1,1,0
104786,43299,43316,30,1,1,0,1,1,0
104788,43120,43169,30,1,1,0,1,1,0
104790,43120,43330,30,1,1,0,1,1,0
104792,39230,39238,30,1,1,0,1,1,0
104794,39230,43248,30,1,1,0,1,1,0
104796,43304,43331,30,1,1,0,1,1,0
104798,43304,43332,30,1,1,0,1,1,0
104800,39233,39237,30,1,1,0,1,1,0
104802,43333,39139,30,1,1,0,1,1,0
104804,43333,43212,30,1,1,0,1,1,0
104806,39162,37449,30,1,1,0,1,1,0
104808,39162,43211,30,1,1,0,1,1,0
104810,43267,43224,30,1,1,0,1,1,0
104812,43238,43118,30,1,1,0,1,1,0
104814,38949,43334,30,1,1,0,1,1,0
104816,43335,39136,30,1,1,0,1,1,0
104818,37372,43336,30,1,1,0,1,1,0
104820,39213,39143,30,1,1,0,1,1,0
104822,39213,43337,30,1,1,0,1,1,0
104824,39182,39184,30,1,1,0,1,1,0
104826,39182,43338,30,1,1,0,1,1,0
104828,43339,43340,30,1,1,0,1,1,0
104830,43259,43341,30,1,1,0,1,1,0
104832,43259,43342,30,1,1,0,1,1,0
104834,43187,43343,30,1,1,0,1,1,0
104836,43187,43183,30,1,1,0,1,1,0
104838,39223,39217,30,1,1,0,1,1,0
104840,43325,43344,30,1,1,0,1,1,0
104842,43291,43322,30,1,1,0,1,1,0
104844,43291,43345,30,1,1,0,1,1,0
104846,42713,37445,30,1,1,0,1,1,0
104848,42713,39210,30,1,1,0,1,1,0
104850,43346,43312,30,1,1,0,1,1,0
104852,43346,43300,30,1,1,0,1,1,0
104854,43346,37410,30,1,1,0,1,1,0
104856,43296,43347,30,1,1,0,1,1,0
104858,43296,43193,30,1,1,0,1,1,0
104860,39139,43311,30,1,1,0,1,1,0
104862,39203,39200,30,1,1,0,1,1,0
104864,43348,43331,30,1,1,0,1,1,0
104866,43348,43349,30,1,1,0,1,1,0
104868,43348,43328,30,1,1,0,1,1,0
104870,39131,43294,30,1,1,0,1,1,0
104872,39237,43350,30,1,1,0,1,1,0
104874,43294,39215,30,1,1,0,1,1,0
104876,37443,39210,30,1,1,0,1,1,0
104878,37444,39220,30,1,1,0,1,1,0
104880,43192,43347,30,1,1,0,1,1,0
104882,43192,43320,30,1,1,0,1,1,0
104884,43351,43352,30,1,1,0,1,1,0
104886,43246,43353,30,1,1,0,1,1,0
104888,43297,42635,30,1,1,0,1,1,0
104890,43188,43354,30,1,1,0,1,1,0
104892,39143,43355,30,1,1,0,1,1,0
104894,43343,43356,30,1,1,0,1,1,0
104896,43343,43203,30,1,1,0,1,1,0
104898,43357,43358,30,1,1,0,1,1,0
104900,43357,43359,30,1,1,0,1,1,0
104902,43357,43360,30,1,1,0,1,1,0
104904,43357,43338,30,1,1,0,1,1,0
104908,43361,43201,30,1,1,0,1,1,0
104910,43257,39208,30,1,1,0,1,1,0
104912,37442,43363,30,1,1,0,1,1,0
104914,37442,43332,30,1,1,0,1,1,0
104916,43364,43353,30,1,1,0,1,1,0
104918,43199,43365,30,1,1,0,1,1,0
104920,43302,43342,30,1,1,0,1,1,0
104922,43302,43366,30,1,1,0,1,1,0
104924,43362,37375,30,1,1,0,1,1,0
104926,43367,43268,30,1,1,0,1,1,0
104928,43194,43368,30,1,1,0,1,1,0
104930,43369,42696,30,1,1,0,1,1,0
104932,43260,43268,30,1,1,0,1,1,0
104934,43370,39184,30,1,1,0,1,1,0
104936,43370,39224,30,1,1,0,1,1,0
104938,43370,43338,30,1,1,0,1,1,0
104940,43358,43211,30,1,1,0,1,1,0
104942,43306,39199,30,1,1,0,1,1,0
104944,43306,39189,30,1,1,0,1,1,0
104946,43312,37410,30,1,1,0,1,1,0
104948,43309,43242,30,1,1,0,1,1,0
104950,43331,43360,30,1,1,0,1,1,0
104952,43195,43319,30,1,1,0,1,1,0
104954,43231,43203,30,1,1,0,1,1,0
104956,37375,39129,30,1,1,0,1,1,0
104958,43300,37409,30,1,1,0,1,1,0
104960,43371,43352,30,1,1,0,1,1,0
104962,43371,43372,30,1,1,0,1,1,0
104964,43242,43353,30,1,1,0,1,1,0
104966,43242,43355,30,1,1,0,1,1,0
104968,39129,43201,30,1,1,0,1,1,0
104970,43373,43374,30,1,1,0,1,1,0
104972,39170,43286,30,1,1,0,1,1,0
104974,43185,39202,30,1,1,0,1,1,0
104976,39152,43375,30,1,1,0,1,1,0
104978,37430,43340,30,1,1,0,1,1,0
104980,43353,43355,30,1,1,0,1,1,0
104982,43189,43193,30,1,1,0,1,1,0
104984,43376,39222,30,1,1,0,1,1,0
104986,43376,43377,30,1,1,0,1,1,0
104988,43235,39235,30,1,1,0,1,1,0
104990,43378,43354,30,1,1,0,1,1,0
104992,43378,43366,30,1,1,0,1,1,0
104994,43374,43322,30,1,1,0,1,1,0
104996,43329,43379,30,1,1,0,1,1,0
104998,43308,43118,30,1,1,0,1,1,0
105000,43380,43229,30,1,1,0,1,1,0
105002,43342,43288,30,1,1,0,1,1,0
105004,43169,43352,30,1,1,0,1,1,0
105006,43262,43381,30,1,1,0,1,1,0
105008,43176,43094,30,1,1,0,1,1,0
105010,43176,42666,30,1,1,0,1,1,0
105012,43232,39204,30,1,1,0,1,1,0
105014,39217,43382,30,1,1,0,1,1,0
105016,43383,42666,30,1,1,0,1,1,0
105018,43216,43384,30,1,1,0,1,1,0
105020,43094,43381,30,1,1,0,1,1,0
105022,39147,39207,30,1,1,0,1,1,0
105024,43354,43193,30,1,1,0,1,1,0
105026,43385,43379,30,1,1,0,1,1,0
105028,43385,43311,30,1,1,0,1,1,0
105030,43385,43212,30,1,1,0,1,1,0
105032,42701,39199,30,1,1,0,1,1,0
105034,43386,43387,30,1,1,0,1,1,0
105036,39199,43247,30,1,1,0,1,1,0
105038,43240,37409,30,1,1,0,1,1,0
105040,43240,43316,30,1,1,0,1,1,0
105042,43388,43226,30,1,1,0,1,1,0
105044,39189,43248,30,1,1,0,1,1,0
105046,43322,39282,30,1,1,0,1,1,0
105048,43279,43226,30,1,1,0,1,1,0
105050,43279,43389,30,1,1,0,1,1,0
105052,43379,43211,30,1,1,0,1,1,0
105054,43375,43330,30,1,1,0,1,1,0
105056,43375,43390,30,1,1,0,1,1,0
105058,43382,43337,30,1,1,0,1,1,0
105060,43344,42672,30,1,1,0,1,1,0
105062,43340,39208,30,1,1,0,1,1,0
105064,43391,43332,30,1,1,0,1,1,0
105066,43392,43393,30,1,1,0,1,1,0
105068,43394,43395,30,1,1,0,1,1,0
105070,43394,43396,30,1,1,0,1,1,0
105072,43397,43398,30,1,1,0,1,1,0
105074,43399,43400,30,1,1,0,1,1,0
105076,43399,43401,30,1,1,0,1,1,0
105078,43402,43403,30,1,1,0,1,1,0
105080,43402,43404,30,1,1,0,1,1,0
105082,39248,43405,30,1,1,0,1,1,0
105084,39248,39276,30,1,1,0,1,1,0
105086,43406,43407,30,1,1,0,1,1,0
105088,43406,43408,30,1,1,0,1,1,0
105090,43406,43409,30,1,1,0,1,1,0
105092,43410,43411,30,1,1,0,1,1,0
105094,43410,43412,30,1,1,0,1,1,0
105096,43410,42767,30,1,1,0,1,1,0
105098,43413,43414,30,1,1,0,1,1,0
105100,43413,43415,30,1,1,0,1,1,0
105102,43413,43416,30,1,1,0,1,1,0
105104,43389,39277,30,1,1,0,1,1,0
105106,43389,43365,30,1,1,0,1,1,0
105108,43417,43418,30,1,1,0,1,1,0
105110,43417,43419,30,1,1,0,1,1,0
105112,43417,43420,30,1,1,0,1,1,0
105114,43421,43403,30,1,1,0,1,1,0
105116,43421,43422,30,1,1,0,1,1,0
105118,43423,43424,30,1,1,0,1,1,0
105120,43423,43425,30,1,1,0,1,1,0
105122,43423,43426,30,1,1,0,1,1,0
105124,43427,43272,30,1,1,0,1,1,0
105126,43427,43387,30,1,1,0,1,1,0
105138,43435,43436,30,1,1,0,1,1,0
105140,43437,42826,30,1,1,0,1,1,0
105142,43437,43438,30,1,1,0,1,1,0
105144,43437,43439,30,1,1,0,1,1,0
105146,43440,43441,30,1,1,0,1,1,0
105148,43442,43414,30,1,1,0,1,1,0
105150,43443,43444,30,1,1,0,1,1,0
105152,43443,43445,30,1,1,0,1,1,0
105154,43443,39278,30,1,1,0,1,1,0
105160,39264,43449,30,1,1,0,1,1,0
105162,42814,42826,30,1,1,0,1,1,0
105164,42814,43450,30,1,1,0,1,1,0
105172,43455,43456,30,1,1,0,1,1,0
105174,43455,43457,30,1,1,0,1,1,0
105176,43455,39257,30,1,1,0,1,1,0
105178,39242,43436,30,1,1,0,1,1,0
105180,39242,43458,30,1,1,0,1,1,0
105182,43459,43460,30,1,1,0,1,1,0
105184,43459,43461,30,1,1,0,1,1,0
105186,43459,43462,30,1,1,0,1,1,0
105192,43272,43395,30,1,1,0,1,1,0
105194,43466,43467,30,1,1,0,1,1,0
105196,43466,43468,30,1,1,0,1,1,0
105198,43469,43470,30,1,1,0,1,1,0
105200,43469,43471,30,1,1,0,1,1,0
105206,43474,43460,30,1,1,0,1,1,0
105208,43474,43475,30,1,1,0,1,1,0
105210,43474,43476,30,1,1,0,1,1,0
105212,43474,43477,30,1,1,0,1,1,0
105214,43478,43416,30,1,1,0,1,1,0
105216,43478,43479,30,1,1,0,1,1,0
105218,43478,39243,30,1,1,0,1,1,0
105226,43484,39246,30,1,1,0,1,1,0
105228,43484,43485,30,1,1,0,1,1,0
105230,43486,43487,30,1,1,0,1,1,0
105232,43486,43488,30,1,1,0,1,1,0
105234,43486,43489,30,1,1,0,1,1,0
105236,43490,37452,30,1,1,0,1,1,0
105238,43490,43491,30,1,1,0,1,1,0
105240,43490,43492,30,1,1,0,1,1,0
105242,39272,43493,30,1,1,0,1,1,0
105244,39272,43470,30,1,1,0,1,1,0
105246,42827,43439,30,1,1,0,1,1,0
105248,42827,42745,30,1,1,0,1,1,0
105250,43494,43495,30,1,1,0,1,1,0
105252,43494,43496,30,1,1,0,1,1,0
105254,43494,42799,30,1,1,0,1,1,0
105256,43398,37453,30,1,1,0,1,1,0
105258,43398,43497,30,1,1,0,1,1,0
105260,43498,43499,30,1,1,0,1,1,0
105262,43498,39265,30,1,1,0,1,1,0
105264,43500,39274,30,1,1,0,1,1,0
105266,43500,43501,30,1,1,0,1,1,0
105268,43407,43460,30,1,1,0,1,1,0
105270,43407,43409,30,1,1,0,1,1,0
105272,43407,43502,30,1,1,0,1,1,0
105274,43503,43504,30,1,1,0,1,1,0
105276,43503,43505,30,1,1,0,1,1,0
105278,43506,43489,30,1,1,0,1,1,0
105280,43506,43497,30,1,1,0,1,1,0
105282,39259,43415,30,1,1,0,1,1,0
105284,39259,43507,30,1,1,0,1,1,0
105286,43508,43509,30,1,1,0,1,1,0
105288,43510,43489,30,1,1,0,1,1,0
105292,43504,43511,30,1,1,0,1,1,0
105294,43504,43512,30,1,1,0,1,1,0
105296,43504,43396,30,1,1,0,1,1,0
105302,43514,43515,30,1,1,0,1,1,0
105304,43438,43450,30,1,1,0,1,1,0
105306,43438,43516,30,1,1,0,1,1,0
105308,43517,43467,30,1,1,0,1,1,0
105310,43517,43419,30,1,1,0,1,1,0
105312,43424,43458,30,1,1,0,1,1,0
105314,43424,43518,30,1,1,0,1,1,0
105316,43411,43485,30,1,1,0,1,1,0
105318,43456,43519,30,1,1,0,1,1,0
105320,43456,43520,30,1,1,0,1,1,0
105322,43521,43522,30,1,1,0,1,1,0
105324,43444,43395,30,1,1,0,1,1,0
105326,43444,43523,30,1,1,0,1,1,0
105328,43436,43524,30,1,1,0,1,1,0
105330,43460,43525,30,1,1,0,1,1,0
105332,43526,43396,30,1,1,0,1,1,0
105342,43511,43501,30,1,1,0,1,1,0
105344,43495,43531,30,1,1,0,1,1,0
105346,43495,43532,30,1,1,0,1,1,0
105348,43405,43533,30,1,1,0,1,1,0
105350,43405,43534,30,1,1,0,1,1,0
105352,39269,39281,30,1,1,0,1,1,0
105354,43475,43461,30,1,1,0,1,1,0
105356,43475,43492,30,1,1,0,1,1,0
105358,39280,43487,30,1,1,0,1,1,0
105360,39280,43418,30,1,1,0,1,1,0
105362,43415,39265,30,1,1,0,1,1,0
105364,39283,43461,30,1,1,0,1,1,0
105366,43400,43404,30,1,1,0,1,1,0
105368,43535,43515,30,1,1,0,1,1,0
105370,43535,43533,30,1,1,0,1,1,0
105372,43535,43536,30,1,1,0,1,1,0
105374,43537,43418,30,1,1,0,1,1,0
105376,43538,39254,30,1,1,0,1,1,0
105378,43538,43539,30,1,1,0,1,1,0
105380,43487,43540,30,1,1,0,1,1,0
105382,43519,39246,30,1,1,0,1,1,0
105384,43519,43541,30,1,1,0,1,1,0
105386,43409,43462,30,1,1,0,1,1,0
105388,43524,43425,30,1,1,0,1,1,0
105390,43542,43543,30,1,1,0,1,1,0
105392,43542,43544,30,1,1,0,1,1,0
105396,43542,43546,30,1,1,0,1,1,0
105398,43543,43547,30,1,1,0,1,1,0
105402,43488,43548,30,1,1,0,1,1,0
105404,43488,43441,30,1,1,0,1,1,0
105406,43422,37452,30,1,1,0,1,1,0
105408,43416,39275,30,1,1,0,1,1,0
105410,43549,43550,30,1,1,0,1,1,0
105412,43549,43551,30,1,1,0,1,1,0
105414,43552,43512,30,1,1,0,1,1,0
105416,43553,43530,30,1,1,0,1,1,0
105418,43515,43464,30,1,1,0,1,1,0
105420,43509,39275,30,1,1,0,1,1,0
105422,43509,43365,30,1,1,0,1,1,0
105424,39270,39254,30,1,1,0,1,1,0
105426,39270,43491,30,1,1,0,1,1,0
105432,43556,43550,30,1,1,0,1,1,0
105434,43556,43512,30,1,1,0,1,1,0
105436,43496,43557,30,1,1,0,1,1,0
105438,43496,43531,30,1,1,0,1,1,0
105442,43404,43558,30,1,1,0,1,1,0
105448,39245,43546,30,1,1,0,1,1,0
105450,39245,43533,30,1,1,0,1,1,0
105452,43425,39281,30,1,1,0,1,1,0
105454,43412,43520,30,1,1,0,1,1,0
105456,43412,43522,30,1,1,0,1,1,0
105462,43561,43562,30,1,1,0,1,1,0
105464,43561,43450,30,1,1,0,1,1,0
105466,43458,43550,30,1,1,0,1,1,0
105468,37452,43539,30,1,1,0,1,1,0
105472,43520,43565,30,1,1,0,1,1,0
105474,43249,43566,30,1,1,0,1,1,0
105476,43530,43566,30,1,1,0,1,1,0
105478,43470,43567,30,1,1,0,1,1,0
105480,43387,39278,30,1,1,0,1,1,0
105482,43568,43566,30,1,1,0,1,1,0
105484,43419,39276,30,1,1,0,1,1,0
105490,43572,43531,30,1,1,0,1,1,0
105492,43572,43573,30,1,1,0,1,1,0
105494,43449,43365,30,1,1,0,1,1,0
105498,43464,43546,30,1,1,0,1,1,0
105500,43558,43401,30,1,1,0,1,1,0
105502,43551,43573,30,1,1,0,1,1,0
105504,43551,43505,30,1,1,0,1,1,0
105506,43573,43532,30,1,1,0,1,1,0
105508,43471,43574,30,1,1,0,1,1,0
105514,43576,43577,30,1,1,0,1,1,0
105516,43576,43492,30,1,1,0,1,1,0
105518,43497,43578,30,1,1,0,1,1,0
105520,43579,43577,30,1,1,0,1,1,0
105522,43579,43580,30,1,1,0,1,1,0
105524,43579,43581,30,1,1,0,1,1,0
105536,43562,43565,30,1,1,0,1,1,0
105540,43522,43450,30,1,1,0,1,1,0
105542,43491,43539,30,1,1,0,1,1,0
105544,43426,43518,30,1,1,0,1,1,0
105546,43505,43532,30,1,1,0,1,1,0
105548,39261,39282,30,1,1,0,1,1,0
105550,43587,39257,30,1,1,0,1,1,0
105552,43565,43518,30,1,1,0,1,1,0
106206,43841,43842,30,1,1,0,1,1,0
106208,43841,43843,30,1,1,0,1,1,0
106264,43842,43878,30,1,1,0,1,1,0
106266,43842,43879,30,1,1,0,1,1,0
106360,43170,43930,30,1,1,0,1,1,0
106362,43170,43931,30,1,1,0,1,1,0
106364,43170,43932,30,1,1,0,1,1,0
106394,39364,39385,30,1,1,0,1,1,0
106396,39364,43945,30,1,1,0,1,1,0
106448,39382,43965,30,1,1,0,1,1,0
106488,43843,43930,30,1,1,0,1,1,0
106490,43977,43978,30,1,1,0,1,1,0
106496,43166,43945,30,1,1,0,1,1,0
106498,43166,43178,30,1,1,0,1,1,0
106520,43930,43931,30,1,1,0,1,1,0
106538,43931,43945,30,1,1,0,1,1,0
106542,43994,43995,30,1,1,0,1,1,0
106568,39385,43178,30,1,1,0,1,1,0
106588,43965,39425,30,1,1,0,1,1,0
106590,44009,44010,30,1,1,0,1,1,0
106602,39373,44016,30,1,1,0,1,1,0
106616,44019,44020,30,1,1,0,1,1,0
106618,44019,44021,30,1,1,0,1,1,0
106622,44025,37425,30,1,1,0,1,1,0
106624,44027,44028,30,1,1,0,1,1,0
106626,44027,44029,30,1,1,0,1,1,0
106628,44027,44030,30,1,1,0,1,1,0
106630,44033,44034,30,1,1,0,1,1,0
106632,44035,44036,30,1,1,0,1,1,0
106634,44035,44037,30,1,1,0,1,1,0
106636,44035,44038,30,1,1,0,1,1,0
106638,44039,44040,30,1,1,0,1,1,0
106640,44039,43275,30,1,1,0,1,1,0
106642,44041,44042,30,1,1,0,1,1,0
106644,44041,44043,30,1,1,0,1,1,0
106646,44041,44044,30,1,1,0,1,1,0
106648,44045,44046,30,1,1,0,1,1,0
106650,44047,44048,30,1,1,0,1,1,0
106652,44047,44049,30,1,1,0,1,1,0
106654,44047,44050,30,1,1,0,1,1,0
106656,44051,44052,30,1,1,0,1,1,0
106658,44051,44053,30,1,1,0,1,1,0
106660,44051,44054,30,1,1,0,1,1,0
106662,44055,44056,30,1,1,0,1,1,0
106664,44055,44057,30,1,1,0,1,1,0
106666,44058,44059,30,1,1,0,1,1,0
106668,44058,44060,30,1,1,0,1,1,0
106670,44061,44062,30,1,1,0,1,1,0
106672,44061,44063,30,1,1,0,1,1,0
106674,44061,44064,30,1,1,0,1,1,0
106676,44065,44066,30,1,1,0,1,1,0
106678,44065,44057,30,1,1,0,1,1,0
106680,44065,44067,30,1,1,0,1,1,0
106682,44068,44069,30,1,1,0,1,1,0
106684,44070,44071,30,1,1,0,1,1,0
106686,44070,44072,30,1,1,0,1,1,0
106688,44070,39424,30,1,1,0,1,1,0
106690,44073,39417,30,1,1,0,1,1,0
106692,44056,44074,30,1,1,0,1,1,0
106694,44056,44075,30,1,1,0,1,1,0
106696,44076,44077,30,1,1,0,1,1,0
106698,44076,44078,30,1,1,0,1,1,0
106700,44079,44080,30,1,1,0,1,1,0
106702,44079,44081,30,1,1,0,1,1,0
106704,44079,44082,30,1,1,0,1,1,0
106706,44083,44084,30,1,1,0,1,1,0
106708,44083,44085,30,1,1,0,1,1,0
106710,39411,44088,30,1,1,0,1,1,0
106712,44089,44090,30,1,1,0,1,1,0
106714,44091,44092,30,1,1,0,1,1,0
106716,44066,44094,30,1,1,0,1,1,0
106718,44020,44059,30,1,1,0,1,1,0
106720,43336,44095,30,1,1,0,1,1,0
106722,43336,43270,30,1,1,0,1,1,0
106724,44096,44097,30,1,1,0,1,1,0
106726,44096,44098,30,1,1,0,1,1,0
106728,44099,44100,30,1,1,0,1,1,0
106730,44099,44024,30,1,1,0,1,1,0
106732,44099,44101,30,1,1,0,1,1,0
106734,44059,43393,30,1,1,0,1,1,0
106736,44077,44102,30,1,1,0,1,1,0
106738,44077,44103,30,1,1,0,1,1,0
106740,44028,39406,30,1,1,0,1,1,0
106742,44028,44104,30,1,1,0,1,1,0
106744,44105,44106,30,1,1,0,1,1,0
106746,44105,44063,30,1,1,0,1,1,0
106748,44107,44021,30,1,1,0,1,1,0
106750,44107,44108,30,1,1,0,1,1,0
106752,44107,44109,30,1,1,0,1,1,0
106754,44042,44085,30,1,1,0,1,1,0
106756,39393,44110,30,1,1,0,1,1,0
106758,44111,44112,30,1,1,0,1,1,0
106760,44111,44100,30,1,1,0,1,1,0
106762,44111,44093,30,1,1,0,1,1,0
106764,43879,43978,30,1,1,0,1,1,0
106766,44113,44114,30,1,1,0,1,1,0
106770,44016,44115,30,1,1,0,1,1,0
106772,44116,44117,30,1,1,0,1,1,0
106774,44116,44074,30,1,1,0,1,1,0
106776,44118,39388,30,1,1,0,1,1,0
106778,44118,44093,30,1,1,0,1,1,0
106780,44119,44120,30,1,1,0,1,1,0
106782,44106,44121,30,1,1,0,1,1,0
106784,44106,43384,30,1,1,0,1,1,0
106786,44122,44021,30,1,1,0,1,1,0
106788,44122,43372,30,1,1,0,1,1,0
106790,44122,44109,30,1,1,0,1,1,0
106792,44010,39374,30,1,1,0,1,1,0
106794,44052,44123,30,1,1,0,1,1,0
106796,44040,44124,30,1,1,0,1,1,0
106798,44040,44125,30,1,1,0,1,1,0
106800,39396,44126,30,1,1,0,1,1,0
106802,43275,44127,30,1,1,0,1,1,0
106804,43275,43281,30,1,1,0,1,1,0
106806,39406,44053,30,1,1,0,1,1,0
106808,44034,44128,30,1,1,0,1,1,0
106810,44034,44129,30,1,1,0,1,1,0
106812,44036,44128,30,1,1,0,1,1,0
106814,44036,44130,30,1,1,0,1,1,0
106816,44097,44131,30,1,1,0,1,1,0
106818,44097,44132,30,1,1,0,1,1,0
106820,44084,44133,30,1,1,0,1,1,0
106822,43978,39374,30,1,1,0,1,1,0
106824,44131,44074,30,1,1,0,1,1,0
106826,44131,44134,30,1,1,0,1,1,0
106828,44072,44139,30,1,1,0,1,1,0
106830,44140,39387,30,1,1,0,1,1,0
106832,44140,43995,30,1,1,0,1,1,0
106834,44140,44141,30,1,1,0,1,1,0
106836,44142,44143,30,1,1,0,1,1,0
106838,44142,44144,30,1,1,0,1,1,0
106840,44145,43269,30,1,1,0,1,1,0
106842,44146,44147,30,1,1,0,1,1,0
106844,44133,44125,30,1,1,0,1,1,0
106846,44128,44064,30,1,1,0,1,1,0
106848,44148,44087,30,1,1,0,1,1,0
106850,44060,44149,30,1,1,0,1,1,0
106852,44132,44080,30,1,1,0,1,1,0
106854,44132,44081,30,1,1,0,1,1,0
106856,44120,44150,30,1,1,0,1,1,0
106858,44120,44101,30,1,1,0,1,1,0
106860,44151,44032,30,1,1,0,1,1,0
106862,44151,44090,30,1,1,0,1,1,0
106864,44151,44054,30,1,1,0,1,1,0
106866,44080,44134,30,1,1,0,1,1,0
106868,44081,44098,30,1,1,0,1,1,0
106874,44153,44147,30,1,1,0,1,1,0
106876,44153,44134,30,1,1,0,1,1,0
106878,44149,43372,30,1,1,0,1,1,0
106880,44102,44092,30,1,1,0,1,1,0
106882,44154,44087,30,1,1,0,1,1,0
106884,44154,44090,30,1,1,0,1,1,0
106886,44124,44126,30,1,1,0,1,1,0
106888,44158,44143,30,1,1,0,1,1,0
106890,44158,44159,30,1,1,0,1,1,0
106892,44160,44130,30,1,1,0,1,1,0
106894,44160,44104,30,1,1,0,1,1,0
106896,44160,44044,30,1,1,0,1,1,0
106898,44078,44161,30,1,1,0,1,1,0
106900,44078,44162,30,1,1,0,1,1,0
106902,43372,43932,30,1,1,0,1,1,0
106904,39387,39388,30,1,1,0,1,1,0
106906,44082,44046,30,1,1,0,1,1,0
106908,44100,44023,30,1,1,0,1,1,0
106910,44095,39397,30,1,1,0,1,1,0
106912,39417,39598,30,1,1,0,1,1,0
106914,44161,44165,30,1,1,0,1,1,0
106916,44069,43377,30,1,1,0,1,1,0
106918,44069,43384,30,1,1,0,1,1,0
106920,44166,44125,30,1,1,0,1,1,0
106922,44117,44075,30,1,1,0,1,1,0
106924,44104,40108,30,1,1,0,1,1,0
106926,44167,39426,30,1,1,0,1,1,0
106928,44139,44157,30,1,1,0,1,1,0
106930,44168,44115,30,1,1,0,1,1,0
106932,44143,44108,30,1,1,0,1,1,0
106934,44049,39418,30,1,1,0,1,1,0
106936,39415,44137,30,1,1,0,1,1,0
106938,44108,44169,30,1,1,0,1,1,0
106940,43270,44170,30,1,1,0,1,1,0
106944,44171,44172,30,1,1,0,1,1,0
106946,44171,44062,30,1,1,0,1,1,0
106948,44169,44159,30,1,1,0,1,1,0
106950,44169,44109,30,1,1,0,1,1,0
106952,44038,44127,30,1,1,0,1,1,0
106954,44038,44085,30,1,1,0,1,1,0
106958,44173,43384,30,1,1,0,1,1,0
106960,44173,43281,30,1,1,0,1,1,0
106962,39425,44174,30,1,1,0,1,1,0
106964,44165,44064,30,1,1,0,1,1,0
106966,44053,44054,30,1,1,0,1,1,0
106968,44157,39418,30,1,1,0,1,1,0
106970,44103,44175,30,1,1,0,1,1,0
106972,44150,44050,30,1,1,0,1,1,0
106974,44150,44177,30,1,1,0,1,1,0
106976,44172,44144,30,1,1,0,1,1,0
106978,43377,43393,30,1,1,0,1,1,0
106980,44075,44178,30,1,1,0,1,1,0
106982,44159,44115,30,1,1,0,1,1,0
106984,44159,44093,30,1,1,0,1,1,0
106986,44110,44137,30,1,1,0,1,1,0
106988,44129,44030,30,1,1,0,1,1,0
106990,44101,44179,30,1,1,0,1,1,0
106992,44123,44175,30,1,1,0,1,1,0
106994,44044,40108,30,1,1,0,1,1,0
106996,44180,44181,30,1,1,0,1,1,0
106998,44180,44182,30,1,1,0,1,1,0
107000,44180,44183,30,1,1,0,1,1,0
107006,44187,43580,30,1,1,0,1,1,0
107008,44187,44188,30,1,1,0,1,1,0
107010,44187,44189,30,1,1,0,1,1,0
107012,44190,44188,30,1,1,0,1,1,0
107014,44190,44191,30,1,1,0,1,1,0
107016,44181,44192,30,1,1,0,1,1,0
107018,44181,44193,30,1,1,0,1,1,0
107024,44197,44198,30,1,1,0,1,1,0
107026,44199,44200,30,1,1,0,1,1,0
107028,44201,44202,30,1,1,0,1,1,0
107030,44201,44203,30,1,1,0,1,1,0
107032,44201,44192,30,1,1,0,1,1,0
107044,44211,44193,30,1,1,0,1,1,0
107046,44212,44213,30,1,1,0,1,1,0
107048,44214,44215,30,1,1,0,1,1,0
107050,44214,44216,30,1,1,0,1,1,0
107052,44182,44217,30,1,1,0,1,1,0
107054,44182,44183,30,1,1,0,1,1,0
107056,44202,44218,30,1,1,0,1,1,0
107058,44202,44219,30,1,1,0,1,1,0
107060,44202,44213,30,1,1,0,1,1,0
107062,43580,44219,30,1,1,0,1,1,0
107064,44220,44221,30,1,1,0,1,1,0
107066,44220,44222,30,1,1,0,1,1,0
107068,44220,44213,30,1,1,0,1,1,0
107070,44203,44215,30,1,1,0,1,1,0
107072,44203,44223,30,1,1,0,1,1,0
107074,44224,44218,30,1,1,0,1,1,0
107076,44224,44225,30,1,1,0,1,1,0
107078,44224,44219,30,1,1,0,1,1,0
107080,37425,44226,30,1,1,0,1,1,0
107082,44188,44189,30,1,1,0,1,1,0
107084,44227,44218,30,1,1,0,1,1,0
107086,44217,44198,30,1,1,0,1,1,0
107088,44217,44193,30,1,1,0,1,1,0
107094,44229,44195,30,1,1,0,1,1,0
107096,44229,44230,30,1,1,0,1,1,0
107098,44221,44222,30,1,1,0,1,1,0
107100,44221,44219,30,1,1,0,1,1,0
107102,44221,44213,30,1,1,0,1,1,0
107104,44231,44230,30,1,1,0,1,1,0
107108,44233,44234,30,1,1,0,1,1,0
107110,44233,44235,30,1,1,0,1,1,0
107112,44192,44235,30,1,1,0,1,1,0
107114,44215,44236,30,1,1,0,1,1,0
107116,44195,44237,30,1,1,0,1,1,0
107118,44218,44238,30,1,1,0,1,1,0
107120,44236,44238,30,1,1,0,1,1,0
107122,44236,43581,30,1,1,0,1,1,0
107124,43567,44200,30,1,1,0,1,1,0
107126,44223,44216,30,1,1,0,1,1,0
107128,44223,44235,30,1,1,0,1,1,0
107130,44193,44234,30,1,1,0,1,1,0
107136,44222,44191,30,1,1,0,1,1,0
107138,44222,44241,30,1,1,0,1,1,0
107142,44216,44242,30,1,1,0,1,1,0
107144,44226,43472,30,1,1,0,1,1,0
107146,44226,44243,30,1,1,0,1,1,0
107154,44241,44183,30,1,1,0,1,1,0
107158,44238,43581,30,1,1,0,1,1,0
108158,44650,39598,30,1,1,0,1,1,0
108160,44650,39657,30,1,1,0,1,1,0
108162,44650,37525,30,1,1,0,1,1,0
108186,39596,44665,30,1,1,0,1,1,0
108188,39414,37525,30,1,1,0,1,1,0
108190,39675,44666,30,1,1,0,1,1,0
108192,39675,44667,30,1,1,0,1,1,0
108206,44665,39643,30,1,1,0,1,1,0
108208,44665,39610,30,1,1,0,1,1,0
108210,39609,39676,30,1,1,0,1,1,0
108220,44677,44678,30,1,1,0,1,1,0
108222,44677,44679,30,1,1,0,1,1,0
108252,44692,44067,30,1,1,0,1,1,0
108254,44692,44693,30,1,1,0,1,1,0
108256,44692,44694,30,1,1,0,1,1,0
108266,44678,44699,30,1,1,0,1,1,0
108270,39676,37913,30,1,1,0,1,1,0
108276,44704,44237,30,1,1,0,1,1,0
108278,44704,44705,30,1,1,0,1,1,0
108292,44666,39661,30,1,1,0,1,1,0
108294,44666,44679,30,1,1,0,1,1,0
108348,44693,39610,30,1,1,0,1,1,0
108360,39643,44178,30,1,1,0,1,1,0
108376,39657,37913,30,1,1,0,1,1,0
108408,44667,44694,30,1,1,0,1,1,0
108414,44694,44748,30,1,1,0,1,1,0
108424,39661,44698,30,1,1,0,1,1,0
108430,44748,44705,30,1,1,0,1,1,0
111000,45815,45816,30,1,1,0,1,1,0
111250,39422,44174,30,1,1,0,1,1,0
111294,39421,45816,30,1,1,0,1,1,0
111334,45929,44679,30,1,1,0,1,1,0
111368,44175,45937,30,1,1,0,1,1,0
111386,45945,44030,30,1,1,0,1,1,0
1000001,37368,100001,30,1,1,0,1,1,0
1000002,100001,100002,30,1,1,0,1,1,0
1000003,100002,37370,30,1,1,0,1,1,0
1000004,37376,100002,30,0,1,0,0,1,0
1000005,37376,37369,30,0,1,0,0,1,0
1000006,37369,100006,30,0,1,0,0,1,0
1000007,100006,100007,30,0,1,0,0,1,0
1000008,100007,100008,30,0,1,0,0,1,0
1000009,100008,39205,30,0,1,0,0,1,0
1000010,39226,100010,30,1,1,0,1,1,0
1000011,100010,39128,30,1,1,0,1,1,0
1000012,39128,100019,30,0,1,0,0,1,0
1000013,100019,39226,30,0,1,0,0,1,0
1000014,100020,39225,30,0,1,0,0,1,0
1000015,100019,100020,30,0,1,0,0,1,0
1000016,100020,100023,30,0,1,0,0,1,0
1000017,39225,100021,30,0,1,0,0,1,0
1000018,100021,39258,30,0,1,0,0,1,0
1000019,39226,100018,30,1,1,0,1,1,0
1000020,100018,39250,30,1,1,0,1,1,0
1000021,43362,100009,30,1,1,0,1,1,0
1000022,100009,43361,30,1,1,0,1,1,0
1000023,43361,43345,30,0,1,0,0,1,0
1000025,37376,43362,30,0,1,0,0,1,0
1000026,43362,100005,30,0,1,0,0,1,0
1000027,100005,37391,30,0,1,0,0,1,0
1000028,100005,37370,30,0,1,0,0,1,0
1000029,37370,100024,30,0,1,0,0,1,0
1000030,100024,37389,30,0,1,0,0,1,0
1000031,37370,100003,30,1,1,0,1,1,0
1000032,100003,100004,30,1,1,0,1,1,0
1000033,100004,100034,30,0,1,0,0,1,0
1000034,100034,100035,30,0,1,0,0,1,0
1000035,100034,100033,30,0,1,0,0,1,0
1000036,37372,100033,30,1,1,0,1,1,0
1000037,100033,37368,30,1,1,0,1,1,0
1000038,37372,100011,30,0,1,0,0,1,0
1000039,43269,100030,30,0,1,0,0,1,0
1000040,100030,100031,30,0,1,0,0,1,0
1000041,100031,100032,30,0,1,0,0,1,0
1000042,44025,100025,30,1,1,0,1,1,0
1000043,100025,44026,30,1,1,0,1,1,0
1000044,44026,100026,30,1,1,0,1,1,0
1000045,100026,100027,30,1,1,0,1,1,0
1000046,100027,100028,30,1,1,0,1,1,0
1000047,100028,44113,30,1,1,0,1,1,0
1000048,100028,100029,30,0,1,0,0,1,0
1000049,44170,100029,30,1,1,0,1,1,0
1000050,100029,44114,30,1,1,0,1,1,0
1000051,44114,100014,30,0,1,0,0,1,0
1000052,100014,100013,30,0,1,0,0,1,0
1000053,100013,100012,30,0,1,0,0,1,0
1000054,100012,43336,30,0,1,0,0,1,0
1000055,44095,100036,30,1,1,0,1,1,0
1000056,100036,100037,30,1,1,0,1,1,0
1000057,100037,100038,30,1,1,0,1,1,0
1000058,100038,100039,30,1,1,0,1,1,0
1000059,100039,44153,30,1,1,0,1,1,0
1000060,39397,100015,30,1,1,0,1,1,0
1000061,100015,39395,30,1,1,0,1,1,0
1000062,43472,100017,30,1,1,0,1,1,0
1000063,100017,100016,30,1,1,0,1,1,0
1000064,100016,43469,30,1,1,0,1,1,0
1000065,44133,44127,30,0,1,0,0,1,0
1000066,43311,43329,30,0,1,0,0,1,0
1000067,43315,43349,30,0,1,0,0,1,0
1000068,43349,43185,30,0,1,0,0,1,0
