ID,Lon,Lat
37113,132.7754309,33.84166819
37114,132.7753559,33.84178484
37115,132.7754184,33.84104325
37125,132.7753934,33.84045998
37127,132.7753059,33.84164319
37128,132.7753059,33.84104325
37155,132.7752934,33.84045998
37181,132.7758808,33.84173486
37183,132.7753683,33.84226812
37202,132.7758303,33.85220873
37212,132.7753433,33.843393
37213,132.7753558,33.84279307
37215,132.7753433,33.84368464
37216,132.7759682,33.84339301
37217,132.7760929,33.85142549
37218,132.7765053,33.8514005
37219,132.7760679,33.85124217
37220,132.7761054,33.85148382
37221,132.7759054,33.85140882
37222,132.775768,33.84945903
37223,132.7757555,33.8494257
37224,132.7758305,33.84982566
37225,132.7763929,33.84944237
37226,132.776768,33.84728428
37227,132.7755681,33.84730925
37228,132.7755181,33.84695096
37229,132.7773804,33.84726762
37230,132.7762053,33.85221707
37231,132.7762178,33.85265869
37232,132.7770927,33.85220876
37236,132.7750683,33.84486784
37237,132.7755806,33.84740924
37251,132.7753682,33.84534279
37252,132.7754057,33.84570109
37254,132.7753682,33.84516781
37255,132.7761181,33.84525948
37256,132.7753432,33.84486784
37257,132.7753432,33.84447622
37258,132.7753432,33.84490951
37263,132.7755056,33.84682597
37277,132.7774054,33.84737595
37278,132.7755806,33.84795918
37286,132.7770049,33.85878305
37288,132.7766675,33.8576415
37289,132.7781674,33.85816647
37290,132.7762301,33.85660827
37291,132.7763801,33.85680825
37292,132.7761676,33.85650828
37293,132.7766926,33.85637497
37303,132.7856676,33.84043517
37304,132.7853676,33.84026851
37305,132.78608,33.84062682
37306,132.7856175,33.84114342
37307,132.7847801,33.84132672
37308,132.7855925,33.84132674
37309,132.7841302,33.84131004
37310,132.7845801,33.84171001
37311,132.7850301,33.84086844
37312,132.7814804,33.84017679
37313,132.781718,33.83922689
37314,132.7814054,33.84037676
37315,132.7807305,33.83998513
37316,132.7824428,33.84044344
37321,132.7860301,33.83909365
37322,132.7823554,33.83887694
37325,132.7835553,33.83946023
37327,132.7817929,33.841385
37328,132.7817179,33.84138499
37329,132.7830552,33.84134336
37330,132.7818554,33.84049343
37336,132.7812429,33.84139332
37337,132.7817303,33.8416933
37338,132.7811554,33.84139332
37343,132.7854801,33.84009353
37344,132.7849302,33.84006019
37353,132.7855925,33.84143506
37354,132.7779432,33.84152658
37355,132.7780557,33.84151825
37356,132.7777932,33.84154324
37357,132.7779681,33.84229317
37359,132.7826304,33.83888528
37360,132.7783556,33.84148493
37361,132.7781432,33.84135993
37365,132.780393,33.84140164
37366,132.7811804,33.84127666
37367,132.7811804,33.84165162
37368,132.7860546,33.85057575
37369,132.7852486,33.85056859
37370,132.786117,33.85181729
37371,132.7861046,33.85039244
37372,132.7874295,33.85065077
37373,132.7844172,33.85149229
37374,132.7843172,33.85149229
37375,132.7844921,33.85212556
37376,132.7852171,33.85150064
37377,132.7791677,33.84844253
37378,132.7783428,33.84845918
37379,132.7791677,33.84875916
37380,132.7791928,33.84760928
37381,132.7809799,33.85214216
37382,132.7809549,33.85219216
37383,132.780955,33.85142557
37384,132.7841424,33.84775102
37385,132.7848673,33.84819265
37386,132.7842049,33.84746772
37387,132.7835799,33.84758436
37388,132.7866919,33.85226725
37389,132.7867295,33.85195062
37390,132.7866669,33.85247556
37391,132.7862295,33.85222558
37392,132.7808925,33.85142557
37393,132.7809174,33.8521505
37395,132.7808675,33.85082564
37396,132.7852672,33.85009246
37397,132.7805427,33.84741766
37398,132.7804802,33.84744266
37399,132.7804927,33.847376
37400,132.7805552,33.84790094
37401,132.7818926,33.84742602
37402,132.7852672,33.84945086
37403,132.7862171,33.85002582
37404,132.7852547,33.84998414
37405,132.7849798,33.84850096
37406,132.7841548,33.84947584
37407,132.7829924,33.84818429
37408,132.7829925,33.847776
37409,132.7829924,33.84850925
37410,132.7837299,33.84817597
37411,132.7874044,33.851609
37412,132.7805551,33.84847588
37413,132.7791928,33.84746763
37414,132.7806926,33.84941745
37415,132.7807301,33.84942578
37416,132.7794552,33.8494091
37417,132.7807051,33.84950911
37418,132.7828548,33.85218386
37419,132.7834547,33.85216721
37420,132.7818673,33.85220051
37421,132.7828298,33.8514756
37422,132.7828798,33.85250883
37423,132.7875545,33.8497342
37424,132.7864419,33.85295884
37425,132.7875168,33.85333382
37426,132.7815424,33.85219217
37427,132.7808549,33.85292541
37428,132.7807174,33.85219215
37429,132.7794928,33.84737598
37430,132.7804552,33.84671774
37432,132.7809175,33.85082564
37433,132.7818049,33.85145059
37434,132.7829925,33.84745937
37435,132.783055,33.8474677
37436,132.7834298,33.85148394
37437,132.7834797,33.85244218
37438,132.7849298,33.84830098
37439,132.7851673,33.84752606
37440,132.7806051,33.84847588
37441,132.7807551,33.84951744
37442,132.7810925,33.84944246
37443,132.7783303,33.84889247
37444,132.7783053,33.8482592
37445,132.7778554,33.84845084
37446,132.7791427,33.84940076
37447,132.7789552,33.84939242
37448,132.7829048,33.8514756
37449,132.7834048,33.85099233
37450,132.7830546,33.85480858
37451,132.7830296,33.85459194
37452,132.7840295,33.8560668
37453,132.7827671,33.85512521
37511,132.7929791,33.84902604
37512,132.7917542,33.84823444
37513,132.7914917,33.84896769
37514,132.7907168,33.84769281
37515,132.7906168,33.84773447
37516,132.7909293,33.84764282
37517,132.7967789,33.84678468
37518,132.7956915,33.84675133
37519,132.7969414,33.84617641
37520,132.7976913,33.84685136
37521,132.7971289,33.84556815
37522,132.7963165,33.84515985
37523,132.7971914,33.84530151
37524,132.7970539,33.84580146
37525,132.7978413,33.84589313
37608,132.800441,33.84716804
37617,132.8012284,33.84908451
37627,132.8009659,33.84908451
37628,132.800391,33.84757633
37629,132.8004784,33.84907617
37882,132.7761302,33.85548339
37883,132.7761802,33.8550751
37884,132.7760927,33.85572503
37885,132.7764052,33.85540007
37889,132.7761803,33.85352527
37890,132.7761678,33.85338361
37891,132.7761803,33.85360859
37892,132.7762803,33.85354193
37893,132.7758928,33.85349193
37913,132.7995911,33.84742633
37920,132.7782932,33.84099331
37921,132.7784057,33.84069334
37922,132.7780432,33.84099331
38836,132.7748559,33.84105158
38843,132.7758808,33.84210982
38854,132.7753683,33.8427514
38863,132.7758559,33.84104326
38867,132.7760184,33.840435
38868,132.7758808,33.84221814
38870,132.7759058,33.84275141
38871,132.7769302,33.85259205
38877,132.7753433,33.84375963
38878,132.7753433,33.84414292
38879,132.7762557,33.84374298
38890,132.7762682,33.84412627
38891,132.775593,33.8484508
38892,132.7754055,33.84945069
38896,132.7760054,33.85090054
38897,132.7769928,33.8508839
38898,132.7759429,33.85044226
38900,132.7782554,33.84743429
38901,132.7774179,33.84794255
38904,132.7759429,33.85040893
38911,132.7752679,33.85140881
38912,132.7747433,33.84431789
38913,132.7762807,33.84447624
38916,132.7773802,33.85220876
38917,132.7772804,33.84944239
38918,132.7770929,33.84944239
38919,132.7777053,33.8494424
38920,132.7754307,33.84615104
38921,132.7761556,33.84567611
38926,132.7762681,33.84490119
38928,132.7753431,33.84792585
38929,132.776118,33.84796753
38932,132.7758929,33.85149215
38934,132.7762804,33.84981733
38935,132.7754431,33.84644268
38938,132.7764431,33.84610106
38939,132.7749307,33.84615937
38944,132.7757678,33.85306697
38946,132.7769554,33.84944238
38947,132.7770929,33.84970902
38949,132.7765304,33.85044227
38950,132.7782554,33.8473343
38951,132.7773805,33.84679267
38953,132.7760305,33.84849247
38955,132.7782302,33.85220044
38956,132.7773677,33.85253373
38959,132.7777302,33.85143385
38961,132.7769429,33.84880912
38964,132.77658,33.85740819
38965,132.77693,33.85741653
38968,132.7760801,33.8568999
38969,132.7761927,33.85459182
38970,132.7758552,33.8550001
38971,132.7760926,33.85615832
38977,132.7769926,33.85535009
38978,132.7768802,33.85320865
39053,132.78678,33.8409518
39054,132.786205,33.84046017
39055,132.7859925,33.84091012
39057,132.7835302,33.8413267
39059,132.7793681,33.84142662
39062,132.7784807,33.84051003
39063,132.7794181,33.8406767
39064,132.7786057,33.8401934
39065,132.78548,33.8428599
39066,132.7854925,33.84265159
39067,132.785455,33.8431682
39069,132.779643,33.84141829
39074,132.7858675,33.84120175
39076,132.7838302,33.84131837
39077,132.78553,33.84222664
39078,132.7846801,33.84259325
39079,132.7859175,33.84257661
39081,132.7843426,33.84275156
39082,132.7843551,33.84255992
39083,132.7843301,33.84300153
39085,132.7812179,33.84109335
39086,132.7809179,33.84105168
39088,132.7841426,33.84156002
39091,132.780418,33.84120999
39092,132.7790681,33.84019341
39093,132.7784182,33.8401934
39094,132.7837678,33.8395269
39095,132.7840303,33.83916027
39096,132.7793306,33.83953515
39098,132.7847551,33.84176001
39099,132.7854174,33.84360149
39100,132.7859424,33.84319321
39101,132.7855675,33.8416517
39102,132.7855425,33.84196833
39103,132.7774307,33.84204318
39105,132.7875424,33.84132677
39106,132.7868175,33.84102679
39107,132.7850801,33.83986855
39108,132.7856926,33.84021019
39115,132.785205,33.84199332
39116,132.7841676,33.84255158
39118,132.7860425,33.84211833
39119,132.7843175,33.84390977
39120,132.78463,33.8430182
39123,132.7836552,33.84094341
39125,132.78568,33.84151005
39126,132.7847926,33.84075178
39127,132.7834922,33.8525005
39128,132.7835047,33.85276714
39129,132.7845171,33.85238387
39130,132.7782302,33.85145052
39131,132.7777428,33.85083391
39132,132.7853799,33.84410143
39133,132.7854049,33.8438098
39134,132.7853549,33.84450972
39135,132.7846925,33.84409309
39136,132.7856924,33.84409311
39137,132.7823548,33.85146726
39138,132.7818674,33.85145892
39139,132.7847172,33.84998413
39140,132.784305,33.84440138
39141,132.7842925,33.84471802
39142,132.7843175,33.84421807
39143,132.784205,33.84440138
39144,132.7852549,33.84580958
39145,132.7852423,33.84645118
39146,132.7852674,33.84555128
39147,132.7860048,33.84594292
39148,132.7781928,33.84942574
39149,132.7780428,33.84943407
39150,132.7783928,33.84941741
39151,132.7818673,33.85239215
39152,132.7861424,33.84360983
39153,132.7828797,33.85255882
39154,132.7828672,33.8527838
39157,132.7777178,33.85010899
39158,132.7791928,33.84737598
39159,132.7788303,33.84736764
39160,132.7791428,33.84676771
39161,132.784305,33.84410975
39162,132.7828923,33.85099232
39163,132.7808425,33.850584
39164,132.7785301,33.85220045
39165,132.7792176,33.85219213
39166,132.7785301,33.85190048
39167,132.7842174,33.84694278
39168,132.779955,33.85145055
39169,132.7794926,33.85145888
39170,132.7794926,33.85085061
39171,132.7783179,33.84734263
39172,132.78323,33.84750103
39173,132.7835674,33.84694277
39174,132.78428,33.84505131
39175,132.784255,33.84549293
39176,132.7842299,33.84646783
39177,132.7842299,33.84611787
39178,132.782955,33.84650114
39179,132.7846174,33.8464595
39180,132.780905,33.850584
39181,132.7808175,33.85000906
39182,132.7814675,33.85059234
39183,132.7786927,33.84938409
39184,132.7814799,33.85080065
39185,132.7853048,33.84734275
39186,132.7852798,33.84695113
39187,132.7858923,33.84702613
39188,132.779455,33.85219213
39189,132.7794425,33.85247544
39190,132.7852799,33.8453263
39191,132.7853049,33.84505133
39192,132.7852674,33.84551795
39193,132.7863048,33.84530132
39194,132.7853299,33.84472637
39195,132.7853174,33.84493468
39196,132.7847175,33.84471802
39197,132.78083,33.85045068
39198,132.784255,33.8455346
39199,132.7782551,33.85250041
39200,132.78228,33.84783431
39201,132.780455,33.85057566
39202,132.7815175,33.84848423
39203,132.781905,33.8478843
39204,132.7818551,33.84705939
39205,132.7843172,33.85099235
39206,132.7785928,33.8473593
39207,132.7859298,33.84641786
39208,132.7794553,33.84675938
39209,132.7780677,33.85038397
39210,132.7776928,33.84888412
39211,132.7828797,33.8530421
39212,132.7824673,33.85280045
39213,132.784205,33.84470135
39214,132.7783427,33.85145053
39215,132.7783302,33.85091725
39216,132.7848174,33.84552627
39217,132.7841425,33.84553459
39218,132.7841798,33.84850094
39219,132.7829047,33.85344206
39220,132.7782678,33.8479509
39221,132.784205,33.84414308
39222,132.7861548,33.84456807
39223,132.7836675,33.84553458
39224,132.7818049,33.85095897
39225,132.7836671,33.85375871
39226,132.7843296,33.85292547
39228,132.7807674,33.85350035
39229,132.7811424,33.85290875
39230,132.7806424,33.85292541
39231,132.7860919,33.85335046
39232,132.7867294,33.8530255
39233,132.7794551,33.85012569
39234,132.7861173,33.84555963
39235,132.78303,33.84695109
39236,132.7862923,33.84491803
39237,132.7794552,33.84994237
39238,132.7806049,33.85242546
39239,132.7804548,33.85554179
39240,132.7805298,33.85506684
39241,132.7802423,33.85657501
39242,132.7802548,33.85556679
39243,132.7805298,33.8554668
39244,132.7793423,33.85755822
39245,132.7781924,33.85833312
39246,132.7781549,33.85795816
39247,132.7796173,33.85738325
39248,132.7793923,33.85764155
39249,132.7805423,33.85496685
39250,132.7848545,33.85425034
39251,132.785017,33.85417535
39252,132.7845795,33.85435866
39253,132.7830046,33.85445862
39254,132.7834421,33.85464194
39255,132.7837421,33.854167
39256,132.7797673,33.8572666
39257,132.7793548,33.85727492
39258,132.7829422,33.85389201
39259,132.7824547,33.85412531
39260,132.785492,33.85390039
39261,132.7848295,33.85350875
39262,132.7805923,33.8545169
39263,132.7802049,33.85493352
39264,132.7822798,33.85345871
39265,132.7824422,33.85446694
39266,132.7838296,33.85435031
39267,132.7806049,33.85444191
39268,132.7799798,33.85700829
39269,132.7800173,33.856625
39270,132.7838796,33.85451696
39271,132.785642,33.85359209
39272,132.7866918,33.85444202
39273,132.7806924,33.8539503
39274,132.7804549,33.85444191
39275,132.7812798,33.85445859
39276,132.7802422,33.85752491
39277,132.7810924,33.85350869
39278,132.7804799,33.85347535
39279,132.7855045,33.85426702
39280,132.7805673,33.85667501
39281,132.7800173,33.85653334
39282,132.785567,33.8535171
39283,132.784667,33.85456697
39348,132.7898421,33.84239336
39349,132.7899296,33.84243503
39350,132.7893297,33.84216004
39356,132.7881923,33.84163508
39357,132.7885923,33.8418184
39358,132.7881298,33.84161008
39359,132.7917419,33.84325164
39360,132.791042,33.84293499
39361,132.7938167,33.84419324
39362,132.7918669,33.84374325
39363,132.7888422,33.84193506
39364,132.7881548,33.8417184
39372,132.7903296,33.84261001
39373,132.7902671,33.84271
39374,132.7896296,33.84345158
39381,132.7895672,33.84238502
39382,132.7904171,33.84244337
39384,132.7875049,33.8413851
39385,132.7878923,33.84160175
39387,132.790742,33.84369324
39388,132.7910295,33.84377657
39389,132.7922792,33.84740953
39390,132.7932666,33.84721791
39391,132.7923167,33.84800114
39392,132.795054,33.84688464
39393,132.795629,33.84629305
39394,132.788092,33.84951757
39395,132.7888919,33.84910096
39396,132.7883045,33.84905929
39397,132.7879294,33.85026749
39398,132.7933416,33.84720124
39399,132.7902793,33.84796777
39400,132.7957415,33.84490986
39401,132.7950291,33.84463488
39402,132.7959165,33.84497653
39403,132.7938417,33.84420157
39404,132.7943042,33.84440156
39405,132.7936666,33.84713459
39406,132.7925792,33.8471429
39408,132.7972164,33.84522652
39409,132.7946166,33.84450989
39410,132.7938916,33.8470846
39411,132.7937666,33.84785951
39412,132.7893669,33.848776
39413,132.7915042,33.84878437
39414,132.7978288,33.84563482
39415,132.795754,33.84540148
39416,132.7906293,33.84836774
39417,132.7973664,33.84592645
39418,132.7942667,33.84445988
39419,132.7945915,33.84696796
39420,132.794429,33.84699295
39421,132.7946165,33.84735125
39422,132.7947166,33.84427658
39424,132.7944291,33.84676797
39425,132.7939792,33.84399326
39426,132.7938666,33.8467763
39593,132.7991411,33.84801792
39594,132.7996035,33.84873452
39595,132.7982287,33.84695135
39596,132.7988661,33.84795959
39597,132.7980662,33.84690969
39598,132.7978788,33.84627642
39602,132.8018408,33.85041771
39608,132.800191,33.84906783
39609,132.7995911,33.84781795
39610,132.7994535,33.84883451
39642,132.7981037,33.84692635
39643,132.7980162,33.84774293
39657,132.7992661,33.84701803
39659,132.800041,33.84928447
39661,132.8014283,33.85066768
39675,132.8005159,33.84961778
39676,132.7997411,33.84764297
40108,132.7909043,33.84755116
42601,132.7769307,33.84205151
42602,132.7760433,33.84104327
42606,132.7759058,33.84297639
42607,132.7768182,33.84296807
42608,132.7759058,33.84282641
42610,132.7773807,33.84076832
42611,132.7773807,33.84100996
42612,132.7770307,33.84257645
42613,132.7770432,33.84283476
42614,132.7777931,33.84235149
42615,132.7777931,33.84254314
42621,132.7766307,33.84273476
42625,132.7770557,33.84339303
42626,132.7778056,33.84280977
42627,132.7778056,33.84310974
42630,132.7772306,33.84411796
42631,132.7772431,33.84426794
42632,132.7769677,33.85281702
42633,132.7762557,33.84339302
42634,132.7772556,33.84446792
42635,132.777893,33.84423462
42636,132.7771928,33.8508839
42637,132.777293,33.84521784
42638,132.7773055,33.84540949
42639,132.7762806,33.84525949
42640,132.7772806,33.84499286
42641,132.7782805,33.84506787
42642,132.7770805,33.84562613
42643,132.7773055,33.84560947
42652,132.7769429,33.84843416
42653,132.7764055,33.84848414
42654,132.7769804,33.84844249
42658,132.7760055,33.84881743
42661,132.7764054,33.84912574
42664,132.7772806,33.84488454
42665,132.7770929,33.84978402
42666,132.7776306,33.84339304
42667,132.7757428,33.85346693
42668,132.7764804,33.849809
42669,132.7769429,33.84978401
42671,132.777343,33.84610941
42672,132.7783054,33.84677603
42681,132.777093,33.84609274
42682,132.776943,33.84609274
42683,132.7773802,33.85282536
42690,132.7772179,33.84890078
42694,132.7755054,33.85140881
42695,132.777343,33.84598443
42696,132.7782679,33.84609276
42697,132.7752679,33.85175877
42701,132.7777927,33.85251707
42702,132.7772556,33.84453458
42703,132.7784679,33.84567615
42705,132.7779555,33.84480956
42706,132.776368,33.8479592
42707,132.7762929,33.85008397
42708,132.776943,33.84795088
42713,132.7775179,33.84845083
42716,132.7763552,33.85357526
42717,132.7782676,33.85301702
42718,132.7758678,33.85429185
42719,132.7751678,33.85430017
42720,132.7758803,33.85415019
42721,132.7758677,33.85456682
42735,132.7751303,33.85457514
42736,132.7749428,33.85430849
42740,132.777405,33.85676661
42741,132.777255,33.85672494
42743,132.7774301,33.85475849
42744,132.7771551,33.85452518
42745,132.7776551,33.85500847
42746,132.7778426,33.8547585
42747,132.7765052,33.85376691
42750,132.77723,33.8568416
42758,132.7758677,33.85483345
42759,132.7756052,33.85483345
42766,132.7755801,33.85739984
42767,132.77753,33.85739988
42768,132.7751427,33.85580834
42770,132.7757551,33.85689157
42771,132.7760176,33.85699156
42772,132.7752052,33.85558336
42786,132.7757926,33.85780813
42787,132.77638,33.85845808
42794,132.7773925,33.85607501
42795,132.7773925,33.85637498
42797,132.7752927,33.85600832
42799,132.7777051,33.85448352
42800,132.7757051,33.85733318
42804,132.77723,33.85637498
42814,132.7778425,33.85637499
42815,132.7751427,33.85622496
42816,132.7771176,33.85637498
42817,132.776955,33.85688325
42823,132.7771551,33.85535842
42826,132.7776175,33.85560007
42827,132.777755,33.85526677
43062,132.7794056,33.84043506
43063,132.7794181,33.84014342
43068,132.7805805,33.84048507
43069,132.780818,33.83958517
43070,132.7874299,33.84104346
43071,132.7864925,33.84055183
43072,132.7872049,33.84209335
43073,132.7873549,33.8419267
43076,132.779893,33.84078503
43077,132.7796556,33.84073503
43078,132.7804555,33.84086003
43079,132.7792931,33.84014342
43080,132.7798931,33.84016843
43083,132.7840803,33.83911861
43086,132.786155,33.84135174
43087,132.7866799,33.8414934
43088,132.780418,33.841135
43089,132.7869924,33.84170172
43090,132.7869174,33.84116011
43091,132.786205,33.84189335
43093,132.7783431,33.84290144
43094,132.7779931,33.84339305
43099,132.7817553,33.84224324
43103,132.7804305,33.84098501
43104,132.7824428,33.84042678
43105,132.7824053,33.84056009
43108,132.7817678,33.84279318
43109,132.7802429,33.84291814
43110,132.7817803,33.84324313
43112,132.7812054,33.84241821
43113,132.7814553,33.84246821
43114,132.7811929,33.84223489
43116,132.7844302,33.84051847
43117,132.778643,33.84290145
43118,132.7802554,33.84330143
43119,132.7868549,33.8431099
43120,132.7867673,33.84363484
43121,132.7793431,33.83955182
43122,132.780493,33.84074338
43123,132.7798931,33.84023509
43124,132.7865174,33.84211833
43125,132.7863299,33.84198501
43126,132.7872798,33.84269329
43130,132.7833428,33.84016015
43131,132.7833303,33.8403518
43132,132.7833678,33.83986852
43133,132.7829928,33.84004349
43138,132.7838177,33.84032681
43139,132.7861299,33.84260161
43140,132.7812428,33.84325979
43141,132.7807429,33.84328477
43142,132.7830053,33.84031846
43143,132.7828178,33.84072675
43144,132.7826053,33.8402268
43145,132.7847677,33.84005186
43146,132.7834678,33.83966021
43148,132.7846802,33.84017684
43149,132.7783431,33.84308475
43150,132.7871049,33.84176838
43151,132.7830678,33.84084341
43152,132.7826053,33.84063509
43156,132.7822053,33.84087672
43157,132.7823178,33.84054343
43165,132.7874048,33.84240998
43166,132.7876548,33.84211835
43167,132.78518,33.84217664
43169,132.7870298,33.84365151
43170,132.7877923,33.84285161
43172,132.7818052,33.84392639
43175,132.7783805,33.84337639
43176,132.7778306,33.84339305
43178,132.7876298,33.84211002
43181,132.7804427,33.84655942
43182,132.7804552,33.84666774
43183,132.7804302,33.8464261
43184,132.7818925,33.84790097
43185,132.781905,33.8485259
43186,132.7803928,33.84588449
43187,132.7804053,33.84602614
43188,132.7802053,33.84589282
43189,132.7803928,33.84576784
43190,132.7803553,33.8451679
43191,132.7803303,33.84482627
43192,132.7812552,33.84513459
43193,132.7803803,33.8455262
43194,132.7799428,33.84483459
43195,132.7803178,33.84458463
43196,132.7808427,33.84662609
43197,132.7823798,33.85280045
43198,132.7818923,33.85283377
43199,132.7819048,33.85303375
43200,132.7846546,33.85288382
43201,132.7846046,33.8527255
43202,132.7825051,33.84645113
43203,132.7817801,33.84597617
43204,132.7794679,33.8437597
43205,132.7794679,33.84365971
43206,132.7794804,33.84384303
43207,132.7794426,33.85035066
43208,132.7798301,33.85035067
43209,132.7794426,33.85049231
43210,132.7834423,33.85049238
43211,132.7828798,33.85047571
43212,132.7837048,33.85050905
43213,132.7863673,33.84593459
43214,132.7862798,33.84594292
43215,132.7863048,33.84559296
43216,132.7871672,33.84575962
43217,132.7795054,33.84436797
43218,132.7795179,33.8444013
43219,132.7795054,33.84422632
43220,132.7829175,33.8461845
43221,132.7835425,33.84620118
43222,132.7829676,33.84554291
43223,132.778468,33.84372635
43224,132.7786305,33.84408465
43225,132.7784055,33.84350138
43226,132.7815048,33.85288376
43227,132.7822176,33.84521793
43228,132.7822176,33.84552623
43229,132.7822176,33.84506794
43230,132.7818301,33.84664277
43231,132.7818051,33.8463428
43232,132.7818551,33.84689274
43233,132.7837173,33.85099234
43234,132.7821551,33.84687608
43235,132.783005,33.84695109
43236,132.7801054,33.84380971
43237,132.7803054,33.84382638
43238,132.779443,33.84333475
43239,132.78233,33.84853424
43240,132.7828799,33.84854258
43241,132.7823552,33.84453467
43242,132.7829426,33.84450135
43243,132.7816552,33.84454299
43244,132.7823552,33.84466799
43245,132.7829801,33.84520128
43246,132.7829676,33.84505962
43247,132.7782676,33.85285037
43248,132.779455,33.85296705
43249,132.7782551,33.85345864
43250,132.7824548,33.85256714
43251,132.778193,33.84490122
43252,132.7780805,33.84485123
43253,132.783355,33.84553458
43254,132.7841673,33.84890923
43255,132.7794303,33.84607612
43256,132.7785179,33.84609277
43257,132.7794428,33.84659273
43258,132.7784305,33.84505121
43259,132.7785305,33.84504288
43260,132.7784055,33.84480124
43261,132.7780555,33.84422629
43262,132.778043,33.84408464
43263,132.7817427,33.84582619
43264,132.7816552,33.84551788
43265,132.778368,33.84407631
43266,132.778368,33.84355137
43267,132.7784805,33.84408465
43268,132.778393,33.84459293
43269,132.7875669,33.85175899
43270,132.7878044,33.85115906
43272,132.7794175,33.853442
43273,132.7873172,33.84666786
43274,132.7873047,33.84644288
43275,132.7876921,33.84662621
43276,132.7864173,33.8449097
43277,132.7865423,33.84490137
43278,132.7813427,33.84579285
43279,132.7814424,33.85289209
43280,132.7788802,33.85090893
43281,132.7876296,33.84649288
43282,132.7803178,33.84432632
43283,132.7803178,33.84435965
43284,132.7794551,33.85055064
43285,132.7788177,33.8505673
43286,132.7794801,33.85074229
43287,132.7789055,33.84439296
43288,132.7789554,33.84495956
43289,132.7795429,33.84483459
43290,132.7847671,33.85304213
43291,132.7853295,33.85289216
43292,132.7777678,33.85038396
43293,132.7837173,33.8494675
43294,132.7783302,33.85076727
43295,132.7790303,33.84676771
43296,132.7812927,33.84550955
43297,132.777918,33.84446793
43298,132.7832924,33.84945916
43299,132.7828674,33.84944249
43300,132.7832674,33.84850926
43301,132.7785054,33.84609277
43302,132.7787554,33.8455345
43303,132.7814925,33.84920915
43304,132.7814925,33.84945079
43305,132.7788676,33.85280872
43306,132.7788551,33.85245876
43307,132.7807803,33.84388471
43308,132.7802804,33.84360973
43309,132.7829926,33.84417639
43310,132.7837048,33.84980913
43311,132.7837048,33.84999244
43312,132.7841048,33.84850094
43313,132.7816927,33.84392639
43314,132.7785429,33.84632608
43315,132.7822675,33.84911751
43316,132.7828799,33.84919251
43317,132.7811553,33.84392638
43318,132.7812303,33.84451798
43319,132.7807678,33.84452631
43320,132.7812427,33.84494294
43321,132.7856295,33.85307548
43322,132.7854045,33.8531338
43323,132.7790801,33.85075061
43324,132.7790801,33.85103392
43325,132.7788054,33.8467677
43326,132.7794804,33.84391802
43327,132.7789805,33.84393467
43328,132.7822674,33.84944248
43329,132.7828674,33.84998409
43330,132.7864299,33.84361817
43331,132.7818175,33.8494508
43332,132.78128,33.84944246
43333,132.7847297,33.85024243
43334,132.7765929,33.85080056
43335,132.7860174,33.84412644
43336,132.7878544,33.85066744
43337,132.7841675,33.84473468
43338,132.7818174,33.85059234
43339,132.7799553,33.84664273
43340,132.7799553,33.84673439
43341,132.7784679,33.84535951
43342,132.7788054,33.84499289
43343,132.7811052,33.84600949
43344,132.7785554,33.84677603
43345,132.785242,33.85262552
43346,132.7837424,33.84850094
43347,132.7812677,33.84522624
43348,132.781955,33.8494508
43349,132.78193,33.84912584
43350,132.7792302,33.84994237
43351,132.7871923,33.84398481
43352,132.7872298,33.84366818
43353,132.7829551,33.844693
43354,132.7801928,33.84552619
43355,132.7836926,33.84442637
43356,132.7811427,33.84631779
43357,132.7818174,33.85046736
43358,132.7821299,33.85049236
43359,132.78133,33.85044235
43360,132.7818175,33.84995075
43361,132.7847296,33.85268384
43362,132.7852171,33.85208391
43363,132.7810801,33.84902583
43364,132.7826926,33.84470132
43365,132.7817298,33.85349203
43366,132.7795303,33.84552618
43367,132.7786805,33.84456793
43368,132.7799179,33.84437631
43369,132.7782929,33.84632607
43370,132.7818049,33.85077566
43371,132.7873923,33.84368485
43372,132.7876548,33.84373485
43373,132.7848296,33.85327544
43374,132.7851795,33.85319213
43375,132.7863049,33.84361817
43376,132.7863673,33.8445764
43377,132.7877297,33.84490972
43378,132.7800178,33.84553452
43379,132.7828674,33.85010075
43380,132.7822177,33.8448513
43381,132.7780181,33.84354303
43382,132.784155,33.84511797
43383,132.7778056,33.84362635
43384,132.7876422,33.84585962
43385,132.7837048,33.85014243
43386,132.7803174,33.85324204
43387,132.7803049,33.85346701
43388,132.7814799,33.85265045
43389,132.7814173,33.85344203
43390,132.7865799,33.8434182
43391,132.781305,33.84998407
43392,132.7874047,33.84471807
43393,132.7877297,33.84470974
43394,132.7793925,33.85409193
43395,132.779405,33.85380029
43396,132.7793925,33.85422525
43397,132.7827546,33.85568348
43398,132.7826671,33.85535018
43399,132.7856417,33.85939147
43400,132.7857667,33.8588082
43401,132.7860167,33.85940814
43402,132.7853668,33.85720003
43403,132.7852918,33.85695006
43404,132.7860167,33.85832492
43405,132.7792173,33.85779153
43406,132.7861668,33.85581686
43407,132.7859668,33.85595018
43408,132.7865418,33.85634181
43409,132.7855794,33.85554188
43410,132.7780299,33.85744988
43411,132.7780174,33.85764152
43412,132.7781174,33.85733323
43413,132.7818672,33.85454192
43414,132.7816672,33.85483356
43415,132.7824047,33.85446694
43416,132.7812923,33.85455025
43417,132.7806422,33.85698331
43418,132.7806047,33.85682499
43419,132.7804047,33.85741659
43420,132.7810422,33.85740827
43421,132.7847669,33.85640011
43422,132.7842045,33.8563751
43423,132.7794799,33.85639168
43424,132.7793049,33.85556677
43425,132.7799548,33.85635836
43426,132.7794049,33.85640001
43427,132.77988,33.85345034
43435,132.7799049,33.8557001
43436,132.7802298,33.8557001
43437,132.7778425,33.85555841
43438,132.7778925,33.85574173
43439,132.7778175,33.85549175
43440,132.7809173,33.85575844
43441,132.7813297,33.85574179
43442,132.7816297,33.85515852
43443,132.7802299,33.85384197
43444,132.7798799,33.85381697
43445,132.7802299,33.85402528
43449,132.7818923,33.85350037
43450,132.778105,33.85638333
43455,132.7791548,33.85723325
43456,132.7788174,33.85736657
43457,132.7791924,33.85693329
43458,132.7793924,33.85553344
43459,132.7854044,33.85565853
43460,132.7857918,33.85607516
43461,132.7852919,33.85575019
43462,132.7854919,33.85560021
43464,132.7787548,33.85910805
43466,132.7820295,33.8588748
43467,132.7818421,33.85869981
43468,132.782267,33.85904145
43469,132.7873543,33.85455035
43470,132.7872418,33.85456701
43471,132.7871168,33.85383376
43472,132.7875543,33.85395875
43474,132.7856044,33.85619181
43475,132.7852419,33.85581685
43476,132.7854044,33.85633346
43477,132.7859043,33.85650012
43478,132.7809923,33.85472522
43479,132.7812173,33.85488354
43484,132.7781174,33.85779984
43485,132.7780424,33.85768319
43486,132.7813797,33.85605009
43487,132.7806173,33.85650836
43488,132.7813922,33.85587511
43489,132.7823796,33.85620009
43490,132.7846919,33.85585017
43491,132.7841545,33.85544187
43492,132.7850544,33.85605015
43493,132.7866418,33.85475865
43494,132.7780176,33.85450853
43495,132.7782175,33.85453353
43496,132.77803,33.85486682
43497,132.7823921,33.85571681
43498,132.7823547,33.85510021
43499,132.7821172,33.85513353
43500,132.7802674,33.85444191
43501,132.7801924,33.85445024
43502,132.7862793,33.85627515
43503,132.77898,33.85453354
43504,132.7793799,33.85451688
43505,132.7787425,33.85454187
43506,132.7823671,33.85599178
43507,132.7823547,33.853867
43508,132.7817048,33.85402531
43509,132.7814298,33.85390032
43510,132.7826671,33.85718332
43511,132.7796549,33.85449189
43512,132.7794549,33.85494184
43514,132.7801297,33.85949136
43515,132.7788798,33.85876642
43516,132.778455,33.85574174
43517,132.7816046,33.8584915
43518,132.7789174,33.85633335
43519,132.7785424,33.85775819
43520,132.7787174,33.85735823
43521,132.7784674,33.85663331
43522,132.7781549,33.85712492
43523,132.7798799,33.85419193
43524,132.7802048,33.85587509
43525,132.7860793,33.8563918
43526,132.77903,33.85420858
43530,132.7782301,33.85406691
43531,132.7782425,33.85485849
43532,132.77853,33.85454187
43533,132.7789423,33.8580415
43534,132.7797797,33.85848313
43535,132.7789673,33.85830814
43536,132.7793298,33.85831648
43537,132.7808922,33.85689999
43538,132.7836796,33.85505023
43539,132.784042,33.85564184
43540,132.7808547,33.85656669
43541,132.7789423,33.85761654
43542,132.7781173,33.85906637
43543,132.7777174,33.85899137
43544,132.7784048,33.85908304
43546,132.7782299,33.85868308
43547,132.7774799,33.85891638
43548,132.7811672,33.85586677
43549,132.7790424,33.85533346
43550,132.7794174,33.85533346
43551,132.7787675,33.85541678
43552,132.779055,33.85494183
43553,132.7788175,33.8539836
43556,132.7794299,33.85520014
43557,132.7780425,33.85510013
43558,132.7865042,33.8589832
43561,132.7784549,33.8564
43562,132.7785924,33.85639167
43565,132.7788424,33.85634168
43566,132.7782426,33.85387526
43567,132.7883792,33.85475035
43568,132.7784926,33.85387527
43572,132.7782675,33.85540843
43573,132.77853,33.85540844
43574,132.7868794,33.85341713
43576,132.7865917,33.85690842
43577,132.7868042,33.85687509
43578,132.7819797,33.85559181
43579,132.7872667,33.8568751
43580,132.7881416,33.85713342
43581,132.7876541,33.85778334
43587,132.7793923,33.85689996
43841,132.7884672,33.8431016
43842,132.7888922,33.84323492
43843,132.7884047,33.8430766
43878,132.7890297,33.84280997
43879,132.7891172,33.84330159
43912,132.7918045,33.84196844
43930,132.7882547,33.84297661
43931,132.7878673,33.84245999
43932,132.7877048,33.84339322
43936,132.7915545,33.84191844
43945,132.7879048,33.84229334
43948,132.7896672,33.84101851
43950,132.7916545,33.84194344
43965,132.7912795,33.84275168
43977,132.7894796,33.84310161
43978,132.7894046,33.84338492
43994,132.7904671,33.84313496
43995,132.7903295,33.84360157
44009,132.7900671,33.84295164
44010,132.7898296,33.84350158
44016,132.7901296,33.84356824
44019,132.7885672,33.8443598
44020,132.7883297,33.84438479
44021,132.7887796,33.84430147
44023,132.7917294,33.84446817
44024,132.7921418,33.84470149
44025,132.7876418,33.85265889
44026,132.7879044,33.85209229
44027,132.7919543,33.84675127
44028,132.7920542,33.84724288
44029,132.7915293,33.84677626
44030,132.7919418,33.84665128
44032,132.7929293,33.84497647
44033,132.7906044,33.84662626
44034,132.7905794,33.84645127
44035,132.789192,33.84668456
44036,132.7899544,33.84697621
44037,132.789217,33.84653457
44038,132.7890295,33.84665123
44039,132.788417,33.84835103
44040,132.788417,33.84838436
44041,132.7898919,33.8476928
44042,132.7896544,33.84780945
44043,132.7897669,33.84723451
44044,132.7905543,33.84756782
44045,132.7942414,33.85151746
44046,132.7942914,33.8512175
44047,132.7937167,33.84443488
44048,132.7937292,33.84520146
44049,132.7941292,33.84440156
44050,132.7936042,33.84440988
44051,132.7924792,33.84608468
44052,132.7922543,33.84595969
44053,132.7925417,33.84645964
44054,132.7928292,33.84604302
44055,132.7968537,33.84973437
44056,132.7971913,33.84833452
44057,132.7956287,33.8523424
44058,132.7876922,33.84430145
44059,132.7876922,33.84435145
44060,132.7876797,33.84412647
44061,132.790042,33.8461013
44062,132.790042,33.84585966
44063,132.7884921,33.84604295
44064,132.7900294,33.84624295
44065,132.7955537,33.85282568
44066,132.7949037,33.85328395
44067,132.7983036,33.85042598
44068,132.7884671,33.84495973
44069,132.7877422,33.84506804
44070,132.7944291,33.846568
44071,132.794804,33.846543
44072,132.7944916,33.84589307
44073,132.7972663,33.84630141
44074,132.7967788,33.84869281
44075,132.7972538,33.84769292
44076,132.7911169,33.84560137
44077,132.7913044,33.84559305
44078,132.7907044,33.84565136
44079,132.7944539,33.85063423
44080,132.7943789,33.85013428
44081,132.7948663,33.85053425
44082,132.7945039,33.8508842
44083,132.7891044,33.8481344
44084,132.7889794,33.84819273
44085,132.7893169,33.84801775
44087,132.7936917,33.84591805
44088,132.7941165,33.84790951
44089,132.7933667,33.84552642
44090,132.7933792,33.84595971
44091,132.7913044,33.8441682
44092,132.7912794,33.84440151
44093,132.7913544,33.84393489
44094,132.7943037,33.85420051
44095,132.7878669,33.85058412
44096,132.7952413,33.85054258
44097,132.7953663,33.85007597
44098,132.7950913,33.85050925
44099,132.7925543,33.84416822
44100,132.7920169,33.84404322
44101,132.7927168,33.84420155
44102,132.7912794,33.84494311
44103,132.7913294,33.84559305
44104,132.7911543,33.84743451
44105,132.7883171,33.84600128
44106,132.7881046,33.84594295
44107,132.7893046,33.84434314
44108,132.7896171,33.84435981
44109,132.7893421,33.84385153
44110,132.795604,33.84586809
44111,132.7915044,33.84395989
44112,132.7915544,33.84375991
44113,132.7893792,33.8516507
44114,132.7894418,33.85148405
44115,132.7901046,33.84370989
44116,132.7968038,33.84824286
44117,132.7970538,33.84780124
44118,132.7913169,33.84390989
44119,132.7931292,33.8450348
44120,132.7932418,33.84432655
44121,132.7880421,33.84623459
44122,132.7888422,33.84379319
44123,132.7917168,33.84561805
44124,132.7884295,33.848651
44125,132.788717,33.84829271
44126,132.7884295,33.84880932
44127,132.7885546,33.84659289
44128,132.7900044,33.84647626
44129,132.7913043,33.84637629
44130,132.7902919,33.84703454
44131,132.7955663,33.84935105
44132,132.7949914,33.84987598
44133,132.7888295,33.84825105
44134,132.7943539,33.84994263
44137,132.7956415,33.84586809
44139,132.7944916,33.84575975
44140,132.790467,33.84363491
44141,132.790542,33.84340993
44142,132.7900295,33.84454314
44143,132.7900295,33.84438482
44144,132.7900295,33.84474311
44145,132.7875919,33.8519173
44146,132.7910042,33.84929264
44147,132.7905667,33.84953428
44148,132.7936917,33.84547643
44149,132.7876797,33.84410147
44150,132.7934542,33.84437655
44151,132.7928792,33.84603469
44153,132.7899793,33.85052583
44154,132.7935792,33.84593472
44157,132.7945041,33.84535146
44158,132.790042,33.84425983
44159,132.790067,33.84392654
44160,132.7905293,33.84751783
44161,132.7906419,33.84582634
44162,132.7909419,33.84510976
44165,132.7908544,33.8462513
44166,132.7887919,33.84862601
44167,132.7930667,33.84675962
44168,132.7895796,33.84356823
44169,132.7896796,33.84388487
44170,132.7886543,33.85135072
44171,132.790042,33.84566802
44172,132.7900545,33.84493476
44173,132.7876296,33.84622625
44174,132.7946542,33.84425158
44175,132.7914419,33.84560138
44177,132.7934167,33.84468485
44178,132.7975038,33.84770959
44179,132.7926168,33.84444319
44180,132.7894164,33.85929988
44181,132.788629,33.85919988
44182,132.7893664,33.85944153
44183,132.7904164,33.85771673
44187,132.7881541,33.85708343
44188,132.7887915,33.85716676
44189,132.7885291,33.85692512
44190,132.789004,33.85729175
44191,132.7898914,33.8573501
44192,132.7886415,33.85909989
44193,132.788579,33.85951651
44195,132.7967161,33.85347563
44197,132.7888164,33.86011645
44198,132.7891539,33.85991648
44199,132.7877542,33.85597521
44200,132.7877042,33.85515029
44201,132.788704,33.85874159
44202,132.788854,33.85799168
44203,132.788479,33.85871659
44211,132.7885414,33.85988314
44212,132.7894289,33.85824166
44213,132.7894664,33.85808334
44214,132.7875041,33.85855826
44215,132.7875416,33.85836661
44216,132.7877916,33.85865825
44217,132.7893039,33.85959151
44218,132.7885165,33.85794168
44219,132.788929,33.85759172
44220,132.7901539,33.85777506
44221,132.7895415,33.85768339
44222,132.7901289,33.85750008
44223,132.7881415,33.85870825
44224,132.788579,33.85753339
44225,132.7880041,33.85745005
44226,132.7875293,33.8535088
44227,132.788504,33.85813332
44229,132.7930038,33.8547421
44230,132.7929413,33.85476709
44231,132.7930162,33.85673355
44233,132.788029,33.85936651
44234,132.788104,33.8595415
44235,132.7880915,33.85904155
44236,132.7875916,33.85809998
44237,132.7996034,33.85217582
44238,132.7880916,33.85786668
44241,132.7903414,33.85759175
44242,132.787879,33.85934151
44243,132.7878168,33.85349214
44650,132.7980288,33.84598479
44665,132.7981037,33.84781793
44666,132.8008784,33.85017606
44667,132.7998285,33.85004272
44677,132.8003659,33.85070932
44678,132.8003534,33.85076765
44679,132.8004409,33.85060934
44692,132.799566,33.84997605
44693,132.7995285,33.84935112
44694,132.7997285,33.85022603
44698,132.8013908,33.85110097
44699,132.8006658,33.8509593
44704,132.8004408,33.8516009
44705,132.8005158,33.85152591
44748,132.8003159,33.85082598
45815,132.7965164,33.84741794
45816,132.7953415,33.84740126
45929,132.8009658,33.85092598
45937,132.7914668,33.84591801
45945,132.7924417,33.84658463
100001,132.7859047,33.85102584
100002,132.7859632,33.85145177
100003,132.7870571,33.85166717
100004,132.7865271,33.85155947
100005,132.7861297,33.85204387
100006,132.7847672,33.85067826
100007,132.7846636,33.85073777
100008,132.7846401,33.85100142
100009,132.7851993,33.85251456
100010,132.784132,33.85272618
100011,132.7874014,33.8508971
100012,132.7886094,33.85073404
100013,132.7886673,33.85092245
100014,132.7895393,33.85100762
100015,132.7886896,33.85017201
100016,132.7877683,33.85447212
100017,132.7877992,33.85422433
100018,132.7846264,33.85410802
100019,132.7838599,33.85300196
100020,132.7839531,33.8537759
100021,132.7832086,33.85375297
100022,132.7829008,33.85344858
100023,132.7840803,33.85405319
100024,132.7865851,33.85186368
100025,132.7874345,33.85241332
100026,132.7879133,33.85181577
100027,132.7887598,33.85166607
100028,132.7889718,33.85172781
100029,132.7889872,33.85142847
100030,132.7877047,33.8518034
100031,132.7880566,33.85155662
100032,132.788571,33.85156132
100033,132.7868339,33.85062587
100034,132.7868742,33.85112642
100035,132.7869278,33.85142268
100036,132.7881883,33.85056617
100037,132.7883387,33.85043023
100038,132.7892721,33.85039717
100039,132.7895597,33.85060291
