Time,SimulationTime,AgentID,Mode,StayTime(min),DUtility,ONodeID,DNodeID,O_Lon,O_Lat,D_Lon,D_Lat,Purpose,LastTrip
1602145201000,30001,1615,3,0,0,1803,68974,139.82733350,35.68224170,139.83071410,35.68163130,0,1
1602145201000,30001,1406,3,0,0,118857,175961,139.83506030,35.67610800,139.83791840,35.67536140,0,1
1602145201000,30001,975,3,0,0,136246,69299,139.84255380,35.68440340,139.84136270,35.68610730,0,1
1602145201000,30001,1056,3,0,0,112091,133231,139.84070950,35.67345470,139.83921570,35.67395350,0,1
1602145201000,30001,308,3,0,0,18493,175961,139.83757620,35.67578540,139.83791840,35.67536140,0,1
1602145201000,30001,433,3,0,0,136194,136208,139.84334900,35.67700890,139.84171810,35.67855070,0,1
1602145201000,30001,1467,3,0,0,142594,69288,139.82548300,35.66618910,139.82825920,35.67023920,0,1
1602145201000,30001,599,3,0,0,136213,136208,139.84279750,35.67938500,139.84171810,35.67855070,0,1
1602145201000,30001,1174,3,0,0,118868,175961,139.83509490,35.67783760,139.83791840,35.67536140,0,1
1602145201000,30001,306,3,0,0,170175,65358,139.83409390,35.68164880,139.83478510,35.68430310,0,1
1602145201000,30001,368,3,0,0,112093,133231,139.84203450,35.67384420,139.83921570,35.67395350,0,1
1602145201000,30001,1613,3,0,0,69297,69169,139.82403150,35.67807230,139.82863800,35.67688960,0,1
1602145201000,30001,1926,3,0,0,69166,69288,139.82610430,35.67145280,139.82825920,35.67023920,0,1
1602145201000,30001,1937,3,0,0,69259,69169,139.82305800,35.67482250,139.82863800,35.67688960,0,1
1602145201000,30001,1603,3,0,0,112039,133231,139.84155160,35.67288990,139.83921570,35.67395350,0,1
1602145201000,30001,1358,3,0,0,69279,151326,139.83160420,35.67195810,139.83317470,35.67216380,0,1
1602145201000,30001,70,3,0,0,147712,147707,139.83005080,35.67672030,139.82979600,35.67675210,0,1
1602145201000,30001,1609,3,0,0,157526,65174,139.82135690,35.68486150,139.82851320,35.68716420,0,1
1602145201000,30001,439,3,0,0,18485,161154,139.83639210,35.67968590,139.83969820,35.67882370,0,1
1602145201000,30001,136,3,0,0,18483,161154,139.83640940,35.68010240,139.83969820,35.67882370,0,1
1602145201000,30001,556,3,0,0,69168,143375,139.84470420,35.67940480,139.84520930,35.68148580,0,1
1602145201000,30001,100,3,0,0,1509,68974,139.82716620,35.68137430,139.83071410,35.68163130,0,1
1602145201000,30001,1055,3,0,0,69165,69288,139.82730590,35.66993630,139.82825920,35.67023920,0,1
1602145201000,30001,1421,3,0,0,12606,55506,139.84197120,35.66718360,139.83981220,35.66758870,0,1
1602145201000,30001,737,3,0,0,1502,69169,139.82587580,35.67740510,139.82863800,35.67688960,0,1
1602145201000,30001,994,3,0,0,136189,175961,139.83798060,35.67573290,139.83791840,35.67536140,0,1
1602145201000,30001,248,3,0,0,69268,68974,139.83000530,35.68063540,139.83071410,35.68163130,0,1
1602145201000,30001,352,3,0,0,161156,69299,139.84083610,35.68508780,139.84136270,35.68610730,0,1
1602145201000,30001,1423,3,0,0,1917,69169,139.82275080,35.68061500,139.82863800,35.67688960,0,1
1602145201000,30001,57,3,0,0,35908,133231,139.84073040,35.67326770,139.83921570,35.67395350,0,1
1602145201000,30001,1803,3,0,0,1547,1535,139.83007510,35.67954620,139.83133540,35.67969970,0,1
1602145201000,30001,1606,3,0,0,68960,68950,139.82846000,35.68348460,139.83066700,35.68373690,0,1
1602145201000,30001,1274,3,0,0,136227,143375,139.84510110,35.68084720,139.84520930,35.68148580,0,1
1602145201000,30001,1667,3,0,0,68972,69169,139.82476540,35.68104470,139.82863800,35.67688960,0,1
1602145201000,30001,1188,3,0,0,18485,161154,139.83639210,35.67968590,139.83969820,35.67882370,0,1
1602145201000,30001,1028,3,0,0,112086,55506,139.84101260,35.66653050,139.83981220,35.66758870,0,1
1602145201000,30001,112,3,0,0,112060,55505,139.83900380,35.66855850,139.83882260,35.66771720,0,1
1602145201000,30001,1232,3,0,0,136205,136208,139.84372400,35.67855420,139.84171810,35.67855070,0,1
1602145201000,30001,768,3,0,0,161162,69169,139.82297620,35.67416410,139.82863800,35.67688960,0,1
1602145201000,30001,1323,3,0,0,12603,133231,139.84259960,35.67319400,139.83921570,35.67395350,0,1
1602145201000,30001,1517,3,0,0,33666,55505,139.83708420,35.66588910,139.83882260,35.66771720,0,1
1602145201000,30001,1344,3,0,0,1949,65174,139.82311950,35.68628680,139.82851320,35.68716420,0,1
1602145201000,30001,71,3,0,0,118848,1535,139.83405970,35.67725090,139.83133540,35.67969970,0,1
1602145201000,30001,1054,3,0,0,4089,69169,139.82449920,35.68098890,139.82863800,35.67688960,0,1
1602145201000,30001,901,3,0,0,112087,55506,139.84096050,35.66746730,139.83981220,35.66758870,0,1
1602145201000,30001,893,3,0,0,126341,126352,139.83502380,35.66804660,139.83480540,35.67083780,0,1
1602145201000,30001,1554,3,0,0,1800,68974,139.82748860,35.68038990,139.83071410,35.68163130,0,1
1602145201000,30001,1209,3,0,0,133222,55506,139.84067410,35.66810870,139.83981220,35.66758870,0,1
1602145201000,30001,1437,3,0,0,69850,55505,139.83755350,35.66983040,139.83882260,35.66771720,0,1
1602145201000,30001,1495,3,0,0,132893,65174,139.82680140,35.68584160,139.82851320,35.68716420,0,1
1602145201000,30001,1342,3,0,0,118878,161154,139.83647670,35.67849060,139.83969820,35.67882370,0,1
1602145201000,30001,681,3,0,0,69856,55506,139.84117690,35.66944560,139.83981220,35.66758870,0,1
1602145201000,30001,1237,3,0,0,69290,68974,139.82646880,35.68189940,139.83071410,35.68163130,0,1
1602145201000,30001,1164,3,0,0,118877,175961,139.83562670,35.67841640,139.83791840,35.67536140,0,1
1602145201000,30001,211,3,0,0,1509,68974,139.82716620,35.68137430,139.83071410,35.68163130,0,1
1602145201000,30001,486,3,0,0,136206,136208,139.84067180,35.67808440,139.84171810,35.67855070,0,1
1602145201000,30001,412,3,0,0,65379,69169,139.82458870,35.67754180,139.82863800,35.67688960,0,1
1602145201000,30001,610,3,0,0,1907,69169,139.82451630,35.67527650,139.82863800,35.67688960,0,1
1602145201000,30001,527,3,0,0,68961,69169,139.82178040,35.67739860,139.82863800,35.67688960,0,1
1602145201000,30001,1484,3,0,0,132775,65174,139.82313060,35.68536530,139.82851320,35.68716420,0,1
1602145201000,30001,1938,3,0,0,165662,35914,139.84524730,35.68579160,139.84492860,35.68388560,0,1
1602145201000,30001,1608,3,0,0,136230,136208,139.84231880,35.68104840,139.84171810,35.67855070,0,1
1602145201000,30001,1806,3,0,0,69298,69299,139.84263390,35.68618450,139.84136270,35.68610730,0,1
1602145201000,30001,1408,3,0,0,33670,69288,139.83034610,35.66672990,139.82825920,35.67023920,0,1
1602145201000,30001,708,3,0,0,4082,133231,139.84345990,35.67154000,139.83921570,35.67395350,0,1
1602145201000,30001,553,3,0,0,68971,69169,139.82457430,35.67925560,139.82863800,35.67688960,0,1
1602145201000,30001,345,3,0,0,12610,55506,139.84204740,35.66822110,139.83981220,35.66758870,0,1
1602145201000,30001,1332,3,0,0,65333,124504,139.83652390,35.68610530,139.83638090,35.68467740,0,1
1602145201000,30001,1949,3,0,0,112068,69299,139.84138920,35.68528180,139.84136270,35.68610730,0,1
1602145201000,30001,1325,3,0,0,69267,1535,139.83067390,35.67962300,139.83133540,35.67969970,0,1
1602145201000,30001,1436,3,0,0,118873,1535,139.83271670,35.67801760,139.83133540,35.67969970,0,1
1602145201000,30001,915,3,0,0,112062,55505,139.83906630,35.66893800,139.83882260,35.66771720,0,1
1602145201000,30001,1891,3,0,0,175115,175961,139.83556260,35.67438730,139.83791840,35.67536140,0,1
1602145201000,30001,121,3,0,0,112107,55506,139.84122390,35.66885290,139.83981220,35.66758870,0,1
1602145201000,30001,1285,3,0,0,69297,69169,139.82403150,35.67807230,139.82863800,35.67688960,0,1
1602145201000,30001,937,3,0,0,18483,161154,139.83640940,35.68010240,139.83969820,35.67882370,0,1
1602145201000,30001,1775,3,0,0,69298,69299,139.84263390,35.68618450,139.84136270,35.68610730,0,1
1602145201000,30001,1544,3,0,0,136235,136208,139.84201560,35.68143440,139.84171810,35.67855070,0,1
1602145201000,30001,240,3,0,0,12618,136208,139.84297890,35.67522880,139.84171810,35.67855070,0,1
1602145201000,30001,747,3,0,0,12604,133231,139.84165920,35.67171500,139.83921570,35.67395350,0,1
1602145201000,30001,1818,3,0,0,136247,69299,139.84275050,35.68467970,139.84136270,35.68610730,0,1
1602145201000,30001,1490,3,0,0,118851,175961,139.83548740,35.67699020,139.83791840,35.67536140,0,1
1602145201000,30001,631,3,0,0,136229,143375,139.84429170,35.68109310,139.84520930,35.68148580,0,1
1602145201000,30001,1240,3,0,0,33682,69288,139.82926430,35.66708920,139.82825920,35.67023920,0,1
1602145201000,30001,844,3,0,0,112098,69299,139.84139050,35.68444300,139.84136270,35.68610730,0,1
1602145201000,30001,1176,3,0,0,35906,133231,139.84096270,35.67133860,139.83921570,35.67395350,0,1
1602145201000,30001,351,3,0,0,173973,55505,139.83936260,35.66912880,139.83882260,35.66771720,0,1
1602145201000,30001,965,3,0,0,68947,69169,139.82827310,35.67448240,139.82863800,35.67688960,0,1
1602145201000,30001,706,3,0,0,69162,68974,139.82767620,35.68229770,139.83071410,35.68163130,0,1
1602145201000,30001,808,3,0,0,142595,69288,139.82559080,35.66655700,139.82825920,35.67023920,0,1
1602145201000,30001,632,3,0,0,136191,175961,139.83807100,35.67692720,139.83791840,35.67536140,0,1
1602145201000,30001,1393,3,0,0,170080,136208,139.84157490,35.68171040,139.84171810,35.67855070,0,1
1602145201000,30001,1000,3,0,0,68951,68950,139.83053980,35.68545180,139.83066700,35.68373690,0,1
1602145201000,30001,1246,3,0,0,65173,65174,139.82699970,35.68558210,139.82851320,35.68716420,0,1
1602145201000,30001,66,3,0,0,173284,69169,139.82146630,35.67432510,139.82863800,35.67688960,0,1
1602145201000,30001,1462,3,0,0,1922,69169,139.82222740,35.68105960,139.82863800,35.67688960,0,1
1602145201000,30001,1694,3,0,0,18497,55505,139.83480480,35.66630450,139.83882260,35.66771720,0,1
1602145201000,30001,1630,3,0,0,33667,126352,139.83251540,35.66701590,139.83480540,35.67083780,0,1
1602145201000,30001,1386,3,0,0,175893,147707,139.83036130,35.67542310,139.82979600,35.67675210,0,1
1602145201000,30001,30,3,0,0,132775,65174,139.82313060,35.68536530,139.82851320,35.68716420,0,1
1602145201000,30001,1511,3,0,0,170177,65358,139.83486030,35.68120690,139.83478510,35.68430310,0,1
1602145201000,30001,679,3,0,0,136212,143375,139.84457090,35.67894340,139.84520930,35.68148580,0,1
1602145201000,30001,1561,3,0,0,167936,69288,139.82326600,35.66604850,139.82825920,35.67023920,0,1
1602145201000,30001,1627,3,0,0,2662,65358,139.83521070,35.68116240,139.83478510,35.68430310,0,1
1602145201000,30001,814,3,0,0,35894,55505,139.83635550,35.66712370,139.83882260,35.66771720,0,1
1602145201000,30001,1871,3,0,0,69292,69169,139.82407350,35.67892660,139.82863800,35.67688960,0,1
1602145201000,30001,304,3,0,0,170080,136208,139.84157490,35.68171040,139.84171810,35.67855070,0,1
1602145201000,30001,1279,3,0,0,12618,136208,139.84297890,35.67522880,139.84171810,35.67855070,0,1
1602145201000,30001,129,3,0,0,133218,55506,139.84040210,35.66799480,139.83981220,35.66758870,0,1
1602145201000,30001,1238,3,0,0,158771,69169,139.82465600,35.67819670,139.82863800,35.67688960,0,1
1602145201000,30001,383,3,0,0,112047,55506,139.84304700,35.67013970,139.83981220,35.66758870,0,1
1602145201000,30001,1711,3,0,0,69167,143375,139.84500870,35.68083250,139.84520930,35.68148580,0,1
1602145201000,30001,1224,3,0,0,166775,65365,139.83882380,35.68594630,139.84125010,35.68638180,0,1
1602145201000,30001,585,3,0,0,4083,55506,139.84329250,35.67076840,139.83981220,35.66758870,0,1
1602145201000,30001,858,3,0,0,69287,69288,139.82800940,35.66969680,139.82825920,35.67023920,0,1
1602145201000,30001,1827,3,0,0,118896,1535,139.83094750,35.67901860,139.83133540,35.67969970,0,1
1602145201000,30001,1515,3,0,0,136199,161154,139.83948060,35.67694530,139.83969820,35.67882370,0,1
1602145201000,30001,481,3,0,0,68963,69169,139.82170440,35.67678440,139.82863800,35.67688960,0,1
1602145201000,30001,1300,3,0,0,133217,55506,139.84062440,35.66796830,139.83981220,35.66758870,0,1
1602145201000,30001,907,3,0,0,118885,161154,139.83644000,35.67899300,139.83969820,35.67882370,0,1
1602145201000,30001,1201,3,0,0,136194,136208,139.84334900,35.67700890,139.84171810,35.67855070,0,1
1602145201000,30001,1104,3,0,0,112109,136208,139.84348050,35.67495670,139.84171810,35.67855070,0,1
1602145201000,30001,1341,3,0,0,71223,147707,139.83376520,35.67625680,139.82979600,35.67675210,0,1
1602145201000,30001,584,3,0,0,12617,136208,139.84294050,35.67502050,139.84171810,35.67855070,0,1
1602145201000,30001,1473,3,0,0,147708,147707,139.83007160,35.67603900,139.82979600,35.67675210,0,1
1602145201000,30001,1223,3,0,0,112079,55506,139.84091150,35.66831090,139.83981220,35.66758870,0,1
1602145201000,30001,1689,3,0,0,65330,124504,139.83634580,35.68580440,139.83638090,35.68467740,0,1
1602145201000,30001,786,3,0,0,65334,65358,139.83449720,35.68598570,139.83478510,35.68430310,0,1
1602145201000,30001,1162,3,0,0,35898,55506,139.84203460,35.66612180,139.83981220,35.66758870,0,1
1602145201000,30001,487,3,0,0,136210,136208,139.84382180,35.67898500,139.84171810,35.67855070,0,1
1602145201000,30001,1419,3,0,0,65337,124504,139.83724520,35.68446390,139.83638090,35.68467740,0,1
1602145201000,30001,110,3,0,0,132776,65174,139.82634850,35.68552330,139.82851320,35.68716420,0,1
1602145201000,30001,276,3,0,0,170080,136208,139.84157490,35.68171040,139.84171810,35.67855070,0,1
1602145201000,30001,395,3,0,0,147714,69169,139.82585200,35.67733520,139.82863800,35.67688960,0,1
1602145201000,30001,1037,3,0,0,136213,136208,139.84279750,35.67938500,139.84171810,35.67855070,0,1
1602145201000,30001,189,3,0,0,136237,35914,139.84477060,35.68313270,139.84492860,35.68388560,0,1
1602145201000,30001,1499,3,0,0,136234,136208,139.84213130,35.68141090,139.84171810,35.67855070,0,1
1602145201000,30001,197,3,0,0,175115,175961,139.83556260,35.67438730,139.83791840,35.67536140,0,1
1602145201000,30001,255,3,0,0,1945,69169,139.82372170,35.68025760,139.82863800,35.67688960,0,1
1602145201000,30001,298,3,0,0,112067,69299,139.84194660,35.68527790,139.84136270,35.68610730,0,1
1602145201000,30001,671,3,0,0,33668,69288,139.83072290,35.66756020,139.82825920,35.67023920,0,1
1602145201000,30001,1286,3,0,0,69159,161154,139.84054180,35.67875610,139.83969820,35.67882370,0,1
1602145201000,30001,1674,3,0,0,35901,133231,139.84334270,35.67369450,139.83921570,35.67395350,0,1
1602145201000,30001,695,3,0,0,33682,69288,139.82926430,35.66708920,139.82825920,35.67023920,0,1
1602145201000,30001,307,3,0,0,136218,136208,139.84141130,35.68042040,139.84171810,35.67855070,0,1
1602145201000,30001,232,3,0,0,69167,143375,139.84500870,35.68083250,139.84520930,35.68148580,0,1
1602145201000,30001,1080,3,0,0,112112,69299,139.84268050,35.68467790,139.84136270,35.68610730,0,1
1602145201000,30001,290,3,0,0,136198,161154,139.83809280,35.67768270,139.83969820,35.67882370,0,1
1602145201000,30001,252,3,0,0,71227,69853,139.83427600,35.67102380,139.83457200,35.67142230,0,1
1602145201000,30001,549,3,0,0,112057,55506,139.84215650,35.66934370,139.83981220,35.66758870,0,1
1602145201000,30001,1941,3,0,0,158771,69169,139.82465600,35.67819670,139.82863800,35.67688960,0,1
1602145201000,30001,1732,3,0,0,69224,147707,139.83132870,35.67766640,139.82979600,35.67675210,0,1
1602145201000,30001,938,3,0,0,33665,55505,139.83785480,35.66583780,139.83882260,35.66771720,0,1
1602145201000,30001,1597,3,0,0,112046,55506,139.84218070,35.66968530,139.83981220,35.66758870,0,1
1602145201000,30001,1659,3,0,0,69856,55506,139.84117690,35.66944560,139.83981220,35.66758870,0,1
1602145201000,30001,234,3,0,0,33681,69288,139.83083640,35.66657340,139.82825920,35.67023920,0,1
1602145201000,30001,1670,3,0,0,132777,68950,139.83129680,35.68580310,139.83066700,35.68373690,0,1
1602145201000,30001,536,3,0,0,69267,1535,139.83067390,35.67962300,139.83133540,35.67969970,0,1
1602145201000,30001,1282,3,0,0,161156,69299,139.84083610,35.68508780,139.84136270,35.68610730,0,1
1602145201000,30001,614,3,0,0,1911,69169,139.82488780,35.67812660,139.82863800,35.67688960,0,1
1602145201000,30001,1079,3,0,0,112042,55506,139.84107830,35.67032000,139.83981220,35.66758870,0,1
1602145201000,30001,880,3,0,0,136193,136208,139.84242150,35.67629420,139.84171810,35.67855070,0,1
1602145201000,30001,1384,3,0,0,65154,69169,139.82319550,35.67996570,139.82863800,35.67688960,0,1
1602145201000,30001,1892,3,0,0,33673,69288,139.82907710,35.66805540,139.82825920,35.67023920,0,1
1602145201000,30001,1205,3,0,0,112095,161154,139.83909120,35.67774260,139.83969820,35.67882370,0,1
1602145201000,30001,1724,3,0,0,163788,147707,139.83004710,35.67579200,139.82979600,35.67675210,0,1
1602145201000,30001,680,3,0,0,165690,68950,139.82876770,35.68344650,139.83066700,35.68373690,0,1
1602145201000,30001,1396,3,0,0,136220,136208,139.84295270,35.68018400,139.84171810,35.67855070,0,1
1602145201000,30001,24,3,0,0,136247,69299,139.84275050,35.68467970,139.84136270,35.68610730,0,1
1602145201000,30001,325,3,0,0,68952,68950,139.82911110,35.68388320,139.83066700,35.68373690,0,1
1602145201000,30001,64,3,0,0,1913,69169,139.82552480,35.67773240,139.82863800,35.67688960,0,1
1602145201000,30001,1044,3,0,0,118895,147707,139.83142660,35.67583700,139.82979600,35.67675210,0,1
1602145201000,30001,1287,3,0,0,69267,1535,139.83067390,35.67962300,139.83133540,35.67969970,0,1
1602145201000,30001,1091,3,0,0,1549,65174,139.82874390,35.68537410,139.82851320,35.68716420,0,1
1602145201000,30001,1107,3,0,0,112049,136208,139.84345100,35.67743750,139.84171810,35.67855070,0,1
1602145201000,30001,1405,3,0,0,136220,136208,139.84295270,35.68018400,139.84171810,35.67855070,0,1
1602145201000,30001,213,3,0,0,68941,65174,139.82406820,35.68247950,139.82851320,35.68716420,0,1
1602145201000,30001,745,3,0,0,69260,69169,139.82328070,35.67474430,139.82863800,35.67688960,0,1
1602145201000,30001,1272,3,0,0,12605,55506,139.84228190,35.67097240,139.83981220,35.66758870,0,1
1602145201000,30001,299,3,0,0,35903,133231,139.84000120,35.67546900,139.83921570,35.67395350,0,1
1602145201000,30001,1756,3,0,0,69166,69288,139.82610430,35.67145280,139.82825920,35.67023920,0,1
1602145201000,30001,1866,3,0,0,1552,68974,139.83293830,35.68169460,139.83071410,35.68163130,0,1
1602145201000,30001,101,3,0,0,136221,136208,139.84196020,35.68026170,139.84171810,35.67855070,0,1
1602145201000,30001,1211,3,0,0,1898,69169,139.82514790,35.68112450,139.82863800,35.67688960,0,1
1602145201000,30001,1890,3,0,0,136203,161154,139.83899310,35.67756780,139.83969820,35.67882370,0,1
1602145201000,30001,1248,3,0,0,35908,133231,139.84073040,35.67326770,139.83921570,35.67395350,0,1
1602145201000,30001,1097,3,0,0,161162,69169,139.82297620,35.67416410,139.82863800,35.67688960,0,1
1602145201000,30001,1241,3,0,0,136223,161154,139.83898400,35.68035240,139.83969820,35.67882370,0,1
1602145201000,30001,1429,3,0,0,118884,161154,139.83598070,35.67922650,139.83969820,35.67882370,0,1
1602145201000,30001,238,3,0,0,18482,161154,139.83717740,35.68098220,139.83969820,35.67882370,0,1
1602145201000,30001,705,3,0,0,69260,69169,139.82328070,35.67474430,139.82863800,35.67688960,0,1
1602145201000,30001,819,3,0,0,168767,143375,139.84376770,35.68186780,139.84520930,35.68148580,0,1
1602145201000,30001,1474,3,0,0,68971,69169,139.82457430,35.67925560,139.82863800,35.67688960,0,1
1602145201000,30001,910,3,0,0,18499,55505,139.83647760,35.66598200,139.83882260,35.66771720,0,1
1602145201000,30001,116,3,0,0,69157,161154,139.84085780,35.68056750,139.83969820,35.67882370,0,1
1602145201000,30001,589,3,0,0,136236,143375,139.84242630,35.68135390,139.84520930,35.68148580,0,1
1602145201000,30001,1742,3,0,0,173974,55505,139.83933230,35.66891620,139.83882260,35.66771720,0,1
1602145201000,30001,1475,3,0,0,136223,161154,139.83898400,35.68035240,139.83969820,35.67882370,0,1
1602145201000,30001,620,3,0,0,65179,68950,139.83231340,35.68586710,139.83066700,35.68373690,0,1
1602145201000,30001,983,3,0,0,4091,65174,139.82267730,35.68246390,139.82851320,35.68716420,0,1
1602145201000,30001,434,3,0,0,33691,69288,139.82572030,35.66795160,139.82825920,35.67023920,0,1
1602145201000,30001,354,3,0,0,118860,1535,139.83413110,35.67718350,139.83133540,35.67969970,0,1
1602145201000,30001,1048,3,0,0,69292,69169,139.82407350,35.67892660,139.82863800,35.67688960,0,1
1602145201000,30001,257,3,0,0,69226,69169,139.82843520,35.67835540,139.82863800,35.67688960,0,1
1602145201000,30001,174,3,0,0,112079,55506,139.84091150,35.66831090,139.83981220,35.66758870,0,1
1602145201000,30001,1360,3,0,0,68953,65174,139.82198230,35.68422340,139.82851320,35.68716420,0,1
1602145201000,30001,1230,3,0,0,136195,136208,139.84238520,35.67618250,139.84171810,35.67855070,0,1
1602145201000,30001,1222,3,0,0,118891,65358,139.83514420,35.68056180,139.83478510,35.68430310,0,1
1602145201000,30001,721,3,0,0,136203,161154,139.83899310,35.67756780,139.83969820,35.67882370,0,1
1602145201000,30001,1327,3,0,0,1503,69169,139.82744120,35.67925930,139.82863800,35.67688960,0,1
1602145201000,30001,79,3,0,0,33693,69288,139.82571450,35.66973180,139.82825920,35.67023920,0,1
1602145201000,30001,1801,3,0,0,1918,69169,139.82327320,35.68000060,139.82863800,35.67688960,0,1
1602145201000,30001,33,3,0,0,147709,69169,139.82796170,35.67584330,139.82863800,35.67688960,0,1
1602145201000,30001,917,3,0,0,136211,136208,139.84276350,35.67904610,139.84171810,35.67855070,0,1
1602145201000,30001,1789,3,0,0,33668,69288,139.83072290,35.66756020,139.82825920,35.67023920,0,1
1602145201000,30001,1713,3,0,0,33669,69288,139.83070550,35.66766880,139.82825920,35.67023920,0,1
1602145201000,30001,723,3,0,0,136227,143375,139.84510110,35.68084720,139.84520930,35.68148580,0,1
1602145201000,30001,125,3,0,0,65336,124504,139.83888270,35.68453900,139.83638090,35.68467740,0,1
1602145201000,30001,1610,3,0,0,18482,161154,139.83717740,35.68098220,139.83969820,35.67882370,0,1
1602145201000,30001,343,3,0,0,155313,69299,139.84262400,35.68584890,139.84136270,35.68610730,0,1
1602145201000,30001,164,3,0,0,155313,69299,139.84262400,35.68584890,139.84136270,35.68610730,0,1
1602145201000,30001,204,3,0,0,136212,143375,139.84457090,35.67894340,139.84520930,35.68148580,0,1
1602145201000,30001,332,3,0,0,173974,55505,139.83933230,35.66891620,139.83882260,35.66771720,0,1
1602145201000,30001,1821,3,0,0,118864,1535,139.83463530,35.67774410,139.83133540,35.67969970,0,1
1602145201000,30001,1506,3,0,0,4088,69169,139.82434390,35.68150820,139.82863800,35.67688960,0,1
1602145201000,30001,1757,3,0,0,18499,55505,139.83647760,35.66598200,139.83882260,35.66771720,0,1
1602145201000,30001,50,3,0,0,18483,161154,139.83640940,35.68010240,139.83969820,35.67882370,0,1
1602145201000,30001,1346,3,0,0,126344,126352,139.83653250,35.66921630,139.83480540,35.67083780,0,1
1602145201000,30001,1543,3,0,0,69236,69288,139.82505170,35.66997980,139.82825920,35.67023920,0,1
1602145201000,30001,1281,3,0,0,126341,126352,139.83502380,35.66804660,139.83480540,35.67083780,0,1
1602145201000,30001,782,3,0,0,126346,69288,139.82906140,35.66995250,139.82825920,35.67023920,0,1
1602145201000,30001,1828,3,0,0,173973,55505,139.83936260,35.66912880,139.83882260,35.66771720,0,1
1602145201000,30001,1034,3,0,0,133228,69288,139.82866870,35.67248470,139.82825920,35.67023920,0,1
1602145201000,30001,1394,3,0,0,69276,151326,139.83259880,35.67211120,139.83317470,35.67216380,0,1
1602145201000,30001,1800,3,0,0,136229,143375,139.84429170,35.68109310,139.84520930,35.68148580,0,1
1602145201000,30001,1476,3,0,0,136218,136208,139.84141130,35.68042040,139.84171810,35.67855070,0,1
1602145201000,30001,421,3,0,0,68976,69169,139.82283090,35.67666420,139.82863800,35.67688960,0,1
1602145201000,30001,1311,3,0,0,69274,126352,139.83200370,35.66842100,139.83480540,35.67083780,0,1
1602145201000,30001,219,3,0,0,133212,55506,139.84065070,35.66657670,139.83981220,35.66758870,0,1
1602145201000,30001,562,3,0,0,68942,69169,139.82271950,35.68145870,139.82863800,35.67688960,0,1
1602145201000,30001,1882,3,0,0,69849,55505,139.83781500,35.67036380,139.83882260,35.66771720,0,1
1602145201000,30001,803,3,0,0,136235,136208,139.84201560,35.68143440,139.84171810,35.67855070,0,1
1602145201000,30001,375,3,0,0,65380,69169,139.82460790,35.67801980,139.82863800,35.67688960,0,1
1602145201000,30001,810,3,0,0,126340,126352,139.83413740,35.66835030,139.83480540,35.67083780,0,1
1602145201000,30001,221,3,0,0,1902,55506,139.84217350,35.66590600,139.83981220,35.66758870,0,1
1602145201000,30001,317,3,0,0,1921,69169,139.82221290,35.68124130,139.82863800,35.67688960,0,1
1602145201000,30001,1445,3,0,0,69152,69169,139.82575410,35.67855190,139.82863800,35.67688960,0,1
1602145201000,30001,60,3,0,0,112101,133231,139.84007100,35.67111790,139.83921570,35.67395350,0,1
1602145201000,30001,271,3,0,0,69302,175961,139.83718420,35.67777230,139.83791840,35.67536140,0,1
1602145201000,30001,417,3,0,0,126350,69288,139.82883980,35.67008250,139.82825920,35.67023920,0,1
1602145201000,30001,74,3,0,0,173286,69288,139.82983100,35.66795800,139.82825920,35.67023920,0,1
1602145201000,30001,163,3,0,0,69223,1535,139.83133170,35.67821310,139.83133540,35.67969970,0,1
1602145201000,30001,577,3,0,0,68947,69169,139.82827310,35.67448240,139.82863800,35.67688960,0,1
1602145201000,30001,753,3,0,0,136247,69299,139.84275050,35.68467970,139.84136270,35.68610730,0,1
1602145201000,30001,1680,3,0,0,133227,69288,139.82882310,35.67286780,139.82825920,35.67023920,0,1
1602145201000,30001,1620,3,0,0,161156,69299,139.84083610,35.68508780,139.84136270,35.68610730,0,1
1602145201000,30001,1932,3,0,0,69858,55506,139.84114260,35.66974660,139.83981220,35.66758870,0,1
1602145201000,30001,519,3,0,0,69270,69288,139.82854860,35.66949090,139.82825920,35.67023920,0,1
1602145201000,30001,46,3,0,0,133229,133231,139.83948770,35.67338560,139.83921570,35.67395350,0,1
1602145201000,30001,904,3,0,0,112053,143375,139.84453590,35.68203090,139.84520930,35.68148580,0,1
1602145201000,30001,1197,3,0,0,158770,69169,139.82434710,35.67857560,139.82863800,35.67688960,0,1
1602145201000,30001,998,3,0,0,133226,69288,139.82712580,35.67284710,139.82825920,35.67023920,0,1
1602145201000,30001,77,3,0,0,133219,55506,139.84030780,35.66706910,139.83981220,35.66758870,0,1
1602145201000,30001,1868,3,0,0,172318,69288,139.82733120,35.66980470,139.82825920,35.67023920,0,1
1602145201000,30001,1377,3,0,0,27952,151326,139.83296790,35.67339020,139.83317470,35.67216380,0,1
1602145201000,30001,1395,3,0,0,118860,1535,139.83413110,35.67718350,139.83133540,35.67969970,0,1
1602145201000,30001,428,3,0,0,65154,69169,139.82319550,35.67996570,139.82863800,35.67688960,0,1
1602145201000,30001,555,3,0,0,166775,65365,139.83882380,35.68594630,139.84125010,35.68638180,0,1
1602145201000,30001,1468,3,0,0,162543,143375,139.84447850,35.68179160,139.84520930,35.68148580,0,1
1602145201000,30001,778,3,0,0,65178,65358,139.83379980,35.68594650,139.83478510,35.68430310,0,1
1602145201000,30001,31,3,0,0,35906,133231,139.84096270,35.67133860,139.83921570,35.67395350,0,1
1602145201000,30001,1847,3,0,0,1943,69169,139.82415240,35.68027250,139.82863800,35.67688960,0,1
1602145201000,30001,568,3,0,0,132893,65174,139.82680140,35.68584160,139.82851320,35.68716420,0,1
1602145201000,30001,1002,3,0,0,136232,143375,139.84442460,35.68157690,139.84520930,35.68148580,0,1
1602145201000,30001,1126,3,0,0,112103,55506,139.84035500,35.66753050,139.83981220,35.66758870,0,1
1602145201000,30001,483,3,0,0,69295,69169,139.82302080,35.67815640,139.82863800,35.67688960,0,1
1602145201000,30001,916,3,0,0,118858,175961,139.83446230,35.67712300,139.83791840,35.67536140,0,1
1602145201000,30001,1512,3,0,0,68954,65174,139.82259540,35.68485530,139.82851320,35.68716420,0,1
1602145201000,30001,1895,3,0,0,1920,69169,139.82221980,35.68117380,139.82863800,35.67688960,0,1
1602145201000,30001,479,3,0,0,143374,143375,139.84503640,35.68031320,139.84520930,35.68148580,0,1
1602145201000,30001,1710,3,0,0,170080,136208,139.84157490,35.68171040,139.84171810,35.67855070,0,1
1602145201000,30001,45,3,0,0,65340,65365,139.83898600,35.68590010,139.84125010,35.68638180,0,1
1602145201000,30001,651,3,0,0,12601,133231,139.84232890,35.67159890,139.83921570,35.67395350,0,1
1602145201000,30001,169,3,0,0,118885,161154,139.83644000,35.67899300,139.83969820,35.67882370,0,1
1602145201000,30001,1503,3,0,0,112108,136208,139.84403960,35.67739320,139.84171810,35.67855070,0,1
1602145201000,30001,1177,3,0,0,136220,136208,139.84295270,35.68018400,139.84171810,35.67855070,0,1
1602145201000,30001,1876,3,0,0,69259,69169,139.82305800,35.67482250,139.82863800,35.67688960,0,1
1602145201000,30001,576,3,0,0,133228,69288,139.82866870,35.67248470,139.82825920,35.67023920,0,1
1602145201000,30001,701,3,0,0,136211,136208,139.84276350,35.67904610,139.84171810,35.67855070,0,1
1602145201000,30001,856,3,0,0,133214,55506,139.83964710,35.66669730,139.83981220,35.66758870,0,1
1602145201000,30001,362,3,0,0,151340,175961,139.83574970,35.67438990,139.83791840,35.67536140,0,1
1602145201000,30001,1913,3,0,0,69159,161154,139.84054180,35.67875610,139.83969820,35.67882370,0,1
1602145201000,30001,600,3,0,0,112080,55506,139.84015160,35.66802270,139.83981220,35.66758870,0,1
1602145201000,30001,1290,3,0,0,167664,161154,139.84023160,35.68059330,139.83969820,35.67882370,0,1
1602145201000,30001,592,3,0,0,1943,69169,139.82415240,35.68027250,139.82863800,35.67688960,0,1
1602145201000,30001,186,3,0,0,69277,151326,139.83246490,35.67148070,139.83317470,35.67216380,0,1
1602145201000,30001,1353,3,0,0,1949,65174,139.82311950,35.68628680,139.82851320,35.68716420,0,1
1602145201000,30001,1647,3,0,0,132781,68950,139.83226790,35.68620730,139.83066700,35.68373690,0,1
1602145201000,30001,463,3,0,0,65376,69169,139.82325000,35.67547800,139.82863800,35.67688960,0,1
1602145201000,30001,1291,3,0,0,1550,65174,139.82707040,35.68528720,139.82851320,35.68716420,0,1
1602145201000,30001,1728,3,0,0,118881,161154,139.83583230,35.67875440,139.83969820,35.67882370,0,1
1602145201000,30001,629,3,0,0,133219,55506,139.84030780,35.66706910,139.83981220,35.66758870,0,1
1602145201000,30001,1562,3,0,0,69259,69169,139.82305800,35.67482250,139.82863800,35.67688960,0,1
1602145201000,30001,1886,3,0,0,157526,65174,139.82135690,35.68486150,139.82851320,35.68716420,0,1
1602145201000,30001,1884,3,0,0,112050,136208,139.84155570,35.67624570,139.84171810,35.67855070,0,1
1602145201000,30001,1625,3,0,0,136243,35914,139.84328080,35.68427010,139.84492860,35.68388560,0,1
1602145201000,30001,923,3,0,0,133227,69288,139.82882310,35.67286780,139.82825920,35.67023920,0,1
1602145201000,30001,480,3,0,0,65356,124504,139.83611960,35.68448550,139.83638090,35.68467740,0,1
1602145201000,30001,985,3,0,0,157525,65174,139.82244170,35.68493100,139.82851320,35.68716420,0,1
1602145201000,30001,1572,3,0,0,33683,69288,139.83080890,35.66763760,139.82825920,35.67023920,0,1
1602145201000,30001,124,3,0,0,170079,136208,139.84150760,35.68150120,139.84171810,35.67855070,0,1
1602145201000,30001,515,3,0,0,33663,55505,139.83793700,35.66598490,139.83882260,35.66771720,0,1
1602145201000,30001,1865,3,0,0,4086,69169,139.82318150,35.67920740,139.82863800,35.67688960,0,1
1602145201000,30001,508,3,0,0,69305,175961,139.83618160,35.67597680,139.83791840,35.67536140,0,1
1602145201000,30001,964,3,0,0,1512,65174,139.82368580,35.68496060,139.82851320,35.68716420,0,1
1602145201000,30001,355,3,0,0,33690,69288,139.82563110,35.66794940,139.82825920,35.67023920,0,1
1602145201000,30001,440,3,0,0,170079,136208,139.84150760,35.68150120,139.84171810,35.67855070,0,1
1602145201000,30001,367,3,0,0,33681,69288,139.83083640,35.66657340,139.82825920,35.67023920,0,1
1602145201000,30001,195,3,0,0,155314,69299,139.84368320,35.68589060,139.84136270,35.68610730,0,1
1602145201000,30001,544,3,0,0,1913,69169,139.82552480,35.67773240,139.82863800,35.67688960,0,1
1602145201000,30001,1714,3,0,0,136194,136208,139.84334900,35.67700890,139.84171810,35.67855070,0,1
1602145201000,30001,1673,3,0,0,18490,175961,139.83685240,35.67589140,139.83791840,35.67536140,0,1
1602145201000,30001,323,3,0,0,69857,55506,139.84118350,35.66937780,139.83981220,35.66758870,0,1
1602145201000,30001,1165,3,0,0,12601,133231,139.84232890,35.67159890,139.83921570,35.67395350,0,1
1602145201000,30001,267,3,0,0,68954,65174,139.82259540,35.68485530,139.82851320,35.68716420,0,1
1602145201000,30001,756,3,0,0,18486,69853,139.83574540,35.67282050,139.83457200,35.67142230,0,1
1602145201000,30001,1424,3,0,0,112050,136208,139.84155570,35.67624570,139.84171810,35.67855070,0,1
1602145201000,30001,612,3,0,0,112079,55506,139.84091150,35.66831090,139.83981220,35.66758870,0,1
1602145201000,30001,1640,3,0,0,68953,65174,139.82198230,35.68422340,139.82851320,35.68716420,0,1
1602145201000,30001,603,3,0,0,69858,55506,139.84114260,35.66974660,139.83981220,35.66758870,0,1
1602145201000,30001,430,3,0,0,35905,133231,139.84099930,35.67102050,139.83921570,35.67395350,0,1
1602145201000,30001,1454,3,0,0,68945,68974,139.82823340,35.68210750,139.83071410,35.68163130,0,1
1602145201000,30001,415,3,0,0,167936,69288,139.82326600,35.66604850,139.82825920,35.67023920,0,1
1602145201000,30001,1929,3,0,0,112107,55506,139.84122390,35.66885290,139.83981220,35.66758870,0,1
1602145201000,30001,839,3,0,0,136221,136208,139.84196020,35.68026170,139.84171810,35.67855070,0,1
1602145201000,30001,384,3,0,0,136210,136208,139.84382180,35.67898500,139.84171810,35.67855070,0,1
1602145201000,30001,1595,3,0,0,69302,175961,139.83718420,35.67777230,139.83791840,35.67536140,0,1
1602145201000,30001,742,3,0,0,71224,1535,139.83387030,35.67659260,139.83133540,35.67969970,0,1
1602145201000,30001,941,3,0,0,18486,69853,139.83574540,35.67282050,139.83457200,35.67142230,0,1
1602145201000,30001,1289,3,0,0,65178,65358,139.83379980,35.68594650,139.83478510,35.68430310,0,1
1602145201000,30001,1493,3,0,0,1904,69169,139.82497740,35.67518640,139.82863800,35.67688960,0,1
1602145201000,30001,1541,3,0,0,69296,69169,139.82402220,35.67759220,139.82863800,35.67688960,0,1
1602145201000,30001,1619,3,0,0,147714,69169,139.82585200,35.67733520,139.82863800,35.67688960,0,1
1602145201000,30001,675,3,0,0,1503,69169,139.82744120,35.67925930,139.82863800,35.67688960,0,1
1602145201000,30001,793,3,0,0,71226,147707,139.83194910,35.67649260,139.82979600,35.67675210,0,1
1602145201000,30001,530,3,0,0,35913,35914,139.84370640,35.68471440,139.84492860,35.68388560,0,1
1602145201000,30001,922,3,0,0,33671,69288,139.82964210,35.66793680,139.82825920,35.67023920,0,1
1602145201000,30001,1348,3,0,0,65356,124504,139.83611960,35.68448550,139.83638090,35.68467740,0,1
1602145201000,30001,1646,3,0,0,118864,1535,139.83463530,35.67774410,139.83133540,35.67969970,0,1
1602145201000,30001,262,3,0,0,71226,147707,139.83194910,35.67649260,139.82979600,35.67675210,0,1
1602145201000,30001,1275,3,0,0,65331,124504,139.83655730,35.68564280,139.83638090,35.68467740,0,1
1602145201000,30001,241,3,0,0,68968,69169,139.82401010,35.67696560,139.82863800,35.67688960,0,1
1602145201000,30001,773,3,0,0,69278,151326,139.83278970,35.67154430,139.83317470,35.67216380,0,1
1602145201000,30001,1607,3,0,0,112076,133231,139.84233880,35.67458440,139.83921570,35.67395350,0,1
1602145201000,30001,621,3,0,0,136192,175961,139.83724980,35.67696690,139.83791840,35.67536140,0,1
1602145201000,30001,1058,3,0,0,136223,161154,139.83898400,35.68035240,139.83969820,35.67882370,0,1
1602145201000,30001,520,3,0,0,136246,69299,139.84255380,35.68440340,139.84136270,35.68610730,0,1
1602145201000,30001,366,3,0,0,136202,136208,139.84357160,35.67788930,139.84171810,35.67855070,0,1
1602145201000,30001,989,3,0,0,133227,69288,139.82882310,35.67286780,139.82825920,35.67023920,0,1
1602145201000,30001,571,3,0,0,69269,69288,139.82835710,35.66945640,139.82825920,35.67023920,0,1
1602145201000,30001,1203,3,0,0,118870,1535,139.83472770,35.67806020,139.83133540,35.67969970,0,1
1602145201000,30001,451,3,0,0,1549,65174,139.82874390,35.68537410,139.82851320,35.68716420,0,1
1602145201000,30001,781,3,0,0,69280,126352,139.83300730,35.66811750,139.83480540,35.67083780,0,1
1602145201000,30001,72,3,0,0,18482,161154,139.83717740,35.68098220,139.83969820,35.67882370,0,1
1602145201000,30001,837,3,0,0,68968,69169,139.82401010,35.67696560,139.82863800,35.67688960,0,1
1602145201000,30001,260,3,0,0,33693,69288,139.82571450,35.66973180,139.82825920,35.67023920,0,1
1602145201000,30001,52,3,0,0,136217,136208,139.84168010,35.68011520,139.84171810,35.67855070,0,1
1602145201000,30001,594,3,0,0,132535,147707,139.83106440,35.67532200,139.82979600,35.67675210,0,1
1602145201000,30001,472,3,0,0,112046,55506,139.84218070,35.66968530,139.83981220,35.66758870,0,1
1602145201000,30001,615,3,0,0,136231,143375,139.84312130,35.68119820,139.84520930,35.68148580,0,1
1602145201000,30001,333,3,0,0,71227,69853,139.83427600,35.67102380,139.83457200,35.67142230,0,1
1602145201000,30001,1636,3,0,0,118860,1535,139.83413110,35.67718350,139.83133540,35.67969970,0,1
1602145201000,30001,1569,3,0,0,112046,55506,139.84218070,35.66968530,139.83981220,35.66758870,0,1
1602145201000,30001,619,3,0,0,112074,133231,139.84270840,35.67376590,139.83921570,35.67395350,0,1
1602145201000,30001,427,3,0,0,142596,69288,139.82476100,35.66616170,139.82825920,35.67023920,0,1
1602145201000,30001,967,3,0,0,161157,161154,139.83723530,35.67962380,139.83969820,35.67882370,0,1
1602145201000,30001,850,3,0,0,68972,69169,139.82476540,35.68104470,139.82863800,35.67688960,0,1
1602145201000,30001,1601,3,0,0,65334,65358,139.83449720,35.68598570,139.83478510,35.68430310,0,1
1602145201000,30001,863,3,0,0,175893,147707,139.83036130,35.67542310,139.82979600,35.67675210,0,1
1602145201000,30001,535,3,0,0,69297,69169,139.82403150,35.67807230,139.82863800,35.67688960,0,1
1602145201000,30001,1651,3,0,0,112095,161154,139.83909120,35.67774260,139.83969820,35.67882370,0,1
1602145201000,30001,1684,3,0,0,118866,175961,139.83534650,35.67764190,139.83791840,35.67536140,0,1
1602145201000,30001,926,3,0,0,112072,55506,139.84286930,35.66818740,139.83981220,35.66758870,0,1
1602145201000,30001,1927,3,0,0,118850,175961,139.83599090,35.67687960,139.83791840,35.67536140,0,1
1602145201000,30001,1739,3,0,0,118869,147707,139.83130260,35.67657230,139.82979600,35.67675210,0,1
1602145201000,30001,1901,3,0,0,112093,133231,139.84203450,35.67384420,139.83921570,35.67395350,0,1
1602145201000,30001,399,3,0,0,112032,133231,139.84174130,35.67387820,139.83921570,35.67395350,0,1
1602145201000,30001,539,3,0,0,1513,65174,139.82471470,35.68370680,139.82851320,35.68716420,0,1
1602145201000,30001,193,3,0,0,18481,161154,139.83848220,35.68022610,139.83969820,35.67882370,0,1
1602145201000,30001,889,3,0,0,172316,55505,139.83629000,35.66590290,139.83882260,35.66771720,0,1
1602145201000,30001,766,3,0,0,136194,136208,139.84334900,35.67700890,139.84171810,35.67855070,0,1
1602145201000,30001,950,3,0,0,1542,133231,139.84098580,35.67535450,139.83921570,35.67395350,0,1
1602145201000,30001,1771,3,0,0,69306,175961,139.83670670,35.67687190,139.83791840,35.67536140,0,1
1602145201000,30001,608,3,0,0,1543,133231,139.84051460,35.67540740,139.83921570,35.67395350,0,1
1602145201000,30001,1403,3,0,0,12604,133231,139.84165920,35.67171500,139.83921570,35.67395350,0,1
1602145201000,30001,142,3,0,0,132534,151326,139.83341300,35.67480920,139.83317470,35.67216380,0,1
1602145201000,30001,3,3,0,0,65178,65358,139.83379980,35.68594650,139.83478510,35.68430310,0,1
1602145201000,30001,713,3,0,0,136235,136208,139.84201560,35.68143440,139.84171810,35.67855070,0,1
1602145201000,30001,1508,3,0,0,71225,147707,139.83385930,35.67624560,139.82979600,35.67675210,0,1
1602145201000,30001,340,3,0,0,118872,175961,139.83543390,35.67778380,139.83791840,35.67536140,0,1
1602145201000,30001,809,3,0,0,68978,69169,139.82158190,35.67579290,139.82863800,35.67688960,0,1
1602145201000,30001,1755,3,0,0,133216,55506,139.84059460,35.66750470,139.83981220,35.66758870,0,1
1602145201000,30001,1134,3,0,0,65356,124504,139.83611960,35.68448550,139.83638090,35.68467740,0,1
1602145201000,30001,496,3,0,0,1920,69169,139.82221980,35.68117380,139.82863800,35.67688960,0,1
1602145201000,30001,987,3,0,0,136205,136208,139.84372400,35.67855420,139.84171810,35.67855070,0,1
1602145201000,30001,1930,3,0,0,136236,143375,139.84242630,35.68135390,139.84520930,35.68148580,0,1
1602145201000,30001,272,3,0,0,118892,1535,139.83241860,35.67930770,139.83133540,35.67969970,0,1
1602145201000,30001,887,3,0,0,126355,147707,139.82993540,35.67397240,139.82979600,35.67675210,0,1
1602145201000,30001,245,3,0,0,1922,69169,139.82222740,35.68105960,139.82863800,35.67688960,0,1
1602145201000,30001,807,3,0,0,112096,65365,139.83975590,35.68599880,139.84125010,35.68638180,0,1
1602145201000,30001,1520,3,0,0,35911,133231,139.84092490,35.67167040,139.83921570,35.67395350,0,1
1602145201000,30001,1006,3,0,0,132534,151326,139.83341300,35.67480920,139.83317470,35.67216380,0,1
1602145201000,30001,1111,3,0,0,167936,69288,139.82326600,35.66604850,139.82825920,35.67023920,0,1
1602145201000,30001,862,3,0,0,1900,69169,139.82698780,35.67724720,139.82863800,35.67688960,0,1
1602145201000,30001,1226,3,0,0,12618,136208,139.84297890,35.67522880,139.84171810,35.67855070,0,1
1602145201000,30001,1005,3,0,0,112054,69299,139.84135840,35.68357500,139.84136270,35.68610730,0,1
1602145201000,30001,416,3,0,0,1511,65174,139.82669470,35.68513290,139.82851320,35.68716420,0,1
1602145201000,30001,274,3,0,0,69260,69169,139.82328070,35.67474430,139.82863800,35.67688960,0,1
1602145201000,30001,694,3,0,0,136239,143375,139.84463030,35.68246550,139.84520930,35.68148580,0,1
1602145201000,30001,1448,3,0,0,118858,175961,139.83446230,35.67712300,139.83791840,35.67536140,0,1
1602145201000,30001,1719,3,0,0,132782,65358,139.83447800,35.68618810,139.83478510,35.68430310,0,1
1602145201000,30001,251,3,0,0,112039,133231,139.84155160,35.67288990,139.83921570,35.67395350,0,1
1602145201000,30001,414,3,0,0,170170,65358,139.83398890,35.68615860,139.83478510,35.68430310,0,1
1602145201000,30001,583,3,0,0,112098,69299,139.84139050,35.68444300,139.84136270,35.68610730,0,1
1602145201000,30001,1271,3,0,0,18486,69853,139.83574540,35.67282050,139.83457200,35.67142230,0,1
1602145201000,30001,1766,3,0,0,136213,136208,139.84279750,35.67938500,139.84171810,35.67855070,0,1
1602145201000,30001,311,3,0,0,151337,175961,139.83547040,35.67430130,139.83791840,35.67536140,0,1
1602145201000,30001,382,3,0,0,136206,136208,139.84067180,35.67808440,139.84171810,35.67855070,0,1
1602145201000,30001,465,3,0,0,136247,69299,139.84275050,35.68467970,139.84136270,35.68610730,0,1
1602145201000,30001,426,3,0,0,65153,69169,139.82331090,35.67995180,139.82863800,35.67688960,0,1
1602145201000,30001,495,3,0,0,136191,175961,139.83807100,35.67692720,139.83791840,35.67536140,0,1
1602145201000,30001,1035,3,0,0,69165,69288,139.82730590,35.66993630,139.82825920,35.67023920,0,1
1602145201000,30001,1357,3,0,0,33681,69288,139.83083640,35.66657340,139.82825920,35.67023920,0,1
1602145201000,30001,1319,3,0,0,65340,65365,139.83898600,35.68590010,139.84125010,35.68638180,0,1
1602145201000,30001,409,3,0,0,65546,69169,139.82209710,35.68004740,139.82863800,35.67688960,0,1
1602145201000,30001,1555,3,0,0,33695,69288,139.82220470,35.66602230,139.82825920,35.67023920,0,1
1602145201000,30001,1718,3,0,0,4092,65174,139.82206580,35.68406460,139.82851320,35.68716420,0,1
1602145201000,30001,1455,3,0,0,69292,69169,139.82407350,35.67892660,139.82863800,35.67688960,0,1
1602145201000,30001,943,3,0,0,18489,151326,139.83445870,35.67307540,139.83317470,35.67216380,0,1
1602145201000,30001,618,3,0,0,68953,65174,139.82198230,35.68422340,139.82851320,35.68716420,0,1
1602145201000,30001,611,3,0,0,33676,55505,139.83806170,35.66662450,139.83882260,35.66771720,0,1
1602145201000,30001,183,3,0,0,1500,69169,139.82712410,35.67709120,139.82863800,35.67688960,0,1
1602145201000,30001,1798,3,0,0,68971,69169,139.82457430,35.67925560,139.82863800,35.67688960,0,1
1602145201000,30001,171,3,0,0,112039,133231,139.84155160,35.67288990,139.83921570,35.67395350,0,1
1602145201000,30001,293,3,0,0,132777,68950,139.83129680,35.68580310,139.83066700,35.68373690,0,1
1602145201000,30001,531,3,0,0,1801,68950,139.82699190,35.68330980,139.83066700,35.68373690,0,1
1602145201000,30001,1746,3,0,0,1502,69169,139.82587580,35.67740510,139.82863800,35.67688960,0,1
1602145201000,30001,301,3,0,0,65374,124504,139.83635100,35.68563880,139.83638090,35.68467740,0,1
1602145201000,30001,1830,3,0,0,18490,175961,139.83685240,35.67589140,139.83791840,35.67536140,0,1
1602145201000,30001,528,3,0,0,69259,69169,139.82305800,35.67482250,139.82863800,35.67688960,0,1
1602145201000,30001,1612,3,0,0,166775,65365,139.83882380,35.68594630,139.84125010,35.68638180,0,1
1602145201000,30001,1053,3,0,0,165713,55506,139.84063480,35.66692200,139.83981220,35.66758870,0,1
1602145201000,30001,1883,3,0,0,69224,147707,139.83132870,35.67766640,139.82979600,35.67675210,0,1
1602145201000,30001,273,3,0,0,136209,136208,139.84077320,35.67863130,139.84171810,35.67855070,0,1
1602145201000,30001,1117,3,0,0,161158,161154,139.83666530,35.67960310,139.83969820,35.67882370,0,1
1602145201000,30001,1750,3,0,0,69223,1535,139.83133170,35.67821310,139.83133540,35.67969970,0,1
1602145201000,30001,1121,3,0,0,118857,175961,139.83506030,35.67610800,139.83791840,35.67536140,0,1
1602145201000,30001,423,3,0,0,136199,161154,139.83948060,35.67694530,139.83969820,35.67882370,0,1
1602145201000,30001,372,3,0,0,136247,69299,139.84275050,35.68467970,139.84136270,35.68610730,0,1
1602145201000,30001,1560,3,0,0,133227,69288,139.82882310,35.67286780,139.82825920,35.67023920,0,1
1602145201000,30001,1051,3,0,0,18493,175961,139.83757620,35.67578540,139.83791840,35.67536140,0,1
1602145201000,30001,693,3,0,0,112051,161154,139.84035030,35.67765430,139.83969820,35.67882370,0,1
1602145201000,30001,991,3,0,0,33667,126352,139.83251540,35.66701590,139.83480540,35.67083780,0,1
1602145201000,30001,655,3,0,0,71226,147707,139.83194910,35.67649260,139.82979600,35.67675210,0,1
1602145201000,30001,176,3,0,0,151331,69169,139.82252730,35.67499980,139.82863800,35.67688960,0,1
1602145201000,30001,744,3,0,0,136205,136208,139.84372400,35.67855420,139.84171810,35.67855070,0,1
1602145201000,30001,1030,3,0,0,126350,69288,139.82883980,35.67008250,139.82825920,35.67023920,0,1
1602145201000,30001,1076,3,0,0,1919,69169,139.82320230,35.68085970,139.82863800,35.67688960,0,1
1602145201000,30001,1308,3,0,0,18499,55505,139.83647760,35.66598200,139.83882260,35.66771720,0,1
1602145201000,30001,335,3,0,0,71224,1535,139.83387030,35.67659260,139.83133540,35.67969970,0,1
1602145201000,30001,870,3,0,0,165691,68950,139.82873110,35.68317240,139.83066700,35.68373690,0,1
1602145201000,30001,1422,3,0,0,147713,147707,139.82984620,35.67646650,139.82979600,35.67675210,0,1
1602145201000,30001,1602,3,0,0,112094,161154,139.84051640,35.67861250,139.83969820,35.67882370,0,1
1602145201000,30001,1864,3,0,0,112083,133231,139.83968740,35.67180600,139.83921570,35.67395350,0,1
1602145201000,30001,1236,3,0,0,69282,126352,139.83481960,35.66759220,139.83480540,35.67083780,0,1
1602145201000,30001,1850,3,0,0,112079,55506,139.84091150,35.66831090,139.83981220,35.66758870,0,1
1602145201000,30001,1190,3,0,0,69225,1535,139.83133190,35.67824640,139.83133540,35.67969970,0,1
1602145201000,30001,573,3,0,0,166794,69169,139.82200790,35.67929650,139.82863800,35.67688960,0,1
1602145201000,30001,199,3,0,0,1508,68974,139.82768050,35.68099570,139.83071410,35.68163130,0,1
1602145201000,30001,16,3,0,0,151337,175961,139.83547040,35.67430130,139.83791840,35.67536140,0,1
1602145201000,30001,911,3,0,0,126343,126352,139.83360790,35.66852530,139.83480540,35.67083780,0,1
1602145201000,30001,1583,3,0,0,69296,69169,139.82402220,35.67759220,139.82863800,35.67688960,0,1
1602145201000,30001,940,3,0,0,18491,175961,139.83675680,35.67590540,139.83791840,35.67536140,0,1
1602145201000,30001,545,3,0,0,132532,151326,139.83338180,35.67470380,139.83317470,35.67216380,0,1
1602145201000,30001,1645,3,0,0,112097,69299,139.84171520,35.68354280,139.84136270,35.68610730,0,1
1602145201000,30001,860,3,0,0,112066,69299,139.84138950,35.68525010,139.84136270,35.68610730,0,1
1602145201000,30001,1822,3,0,0,68978,69169,139.82158190,35.67579290,139.82863800,35.67688960,0,1
1602145201000,30001,1889,3,0,0,69156,136208,139.84091370,35.67920720,139.84171810,35.67855070,0,1
1602145201000,30001,1284,3,0,0,68961,69169,139.82178040,35.67739860,139.82863800,35.67688960,0,1
1602145201000,30001,1481,3,0,0,118874,1535,139.83488150,35.67858450,139.83133540,35.67969970,0,1
1602145201000,30001,466,3,0,0,112044,55506,139.84222410,35.67018920,139.83981220,35.66758870,0,1
1602145201000,30001,533,3,0,0,65332,124504,139.83630760,35.68609330,139.83638090,35.68467740,0,1
1602145201000,30001,200,3,0,0,68954,65174,139.82259540,35.68485530,139.82851320,35.68716420,0,1
1602145201000,30001,875,3,0,0,126346,69288,139.82906140,35.66995250,139.82825920,35.67023920,0,1
1602145201000,30001,1656,3,0,0,18499,55505,139.83647760,35.66598200,139.83882260,35.66771720,0,1
1602145201000,30001,1887,3,0,0,161160,175961,139.83620650,35.67775440,139.83791840,35.67536140,0,1
1602145201000,30001,1074,3,0,0,65163,69169,139.82188240,35.67826310,139.82863800,35.67688960,0,1
1602145201000,30001,1477,3,0,0,1542,133231,139.84098580,35.67535450,139.83921570,35.67395350,0,1
1602145201000,30001,1264,3,0,0,112100,55505,139.83778850,35.66864610,139.83882260,35.66771720,0,1
1602145201000,30001,1570,3,0,0,68966,65358,139.83454580,35.68327070,139.83478510,35.68430310,0,1
1602145201000,30001,846,3,0,0,112045,55506,139.84311060,35.67093240,139.83981220,35.66758870,0,1
1602145201000,30001,1363,3,0,0,133223,126352,139.83206610,35.66857290,139.83480540,35.67083780,0,1
1602145201000,30001,1376,3,0,0,27953,151326,139.83282440,35.67288380,139.83317470,35.67216380,0,1
1602145201000,30001,1841,3,0,0,18498,55505,139.83484280,35.66639940,139.83882260,35.66771720,0,1
1602145201000,30001,731,3,0,0,69162,68974,139.82767620,35.68229770,139.83071410,35.68163130,0,1
1602145201000,30001,44,3,0,0,33668,69288,139.83072290,35.66756020,139.82825920,35.67023920,0,1
1602145201000,30001,102,3,0,0,12617,136208,139.84294050,35.67502050,139.84171810,35.67855070,0,1
1602145201000,30001,820,3,0,0,165713,55506,139.84063480,35.66692200,139.83981220,35.66758870,0,1
1602145201000,30001,1682,3,0,0,112072,55506,139.84286930,35.66818740,139.83981220,35.66758870,0,1
1602145201000,30001,906,3,0,0,172317,69288,139.82782210,35.66964530,139.82825920,35.67023920,0,1
1602145201000,30001,108,3,0,0,133228,69288,139.82866870,35.67248470,139.82825920,35.67023920,0,1
1602145201000,30001,652,3,0,0,163787,147707,139.82977010,35.67610380,139.82979600,35.67675210,0,1
1602145201000,30001,498,3,0,0,69267,1535,139.83067390,35.67962300,139.83133540,35.67969970,0,1
1602145201000,30001,1931,3,0,0,118878,161154,139.83647670,35.67849060,139.83969820,35.67882370,0,1
1602145201000,30001,833,3,0,0,112076,133231,139.84233880,35.67458440,139.83921570,35.67395350,0,1
1602145201000,30001,586,3,0,0,69296,69169,139.82402220,35.67759220,139.82863800,35.67688960,0,1
1602145201000,30001,1676,3,0,0,68945,68974,139.82823340,35.68210750,139.83071410,35.68163130,0,1
1602145201000,30001,1425,3,0,0,27955,151326,139.83330410,35.67482210,139.83317470,35.67216380,0,1
1602145201000,30001,1527,3,0,0,69850,55505,139.83755350,35.66983040,139.83882260,35.66771720,0,1
1602145201000,30001,1703,3,0,0,151331,69169,139.82252730,35.67499980,139.82863800,35.67688960,0,1
1602145201000,30001,73,3,0,0,33664,55505,139.83800060,35.66609260,139.83882260,35.66771720,0,1
1602145201000,30001,942,3,0,0,68945,68974,139.82823340,35.68210750,139.83071410,35.68163130,0,1
1602145201000,30001,1183,3,0,0,69287,69288,139.82800940,35.66969680,139.82825920,35.67023920,0,1
1602145201000,30001,1698,3,0,0,173286,69288,139.82983100,35.66795800,139.82825920,35.67023920,0,1
1602145201000,30001,597,3,0,0,136201,136208,139.84250070,35.67706460,139.84171810,35.67855070,0,1
1602145201000,30001,482,3,0,0,1901,55506,139.83951650,35.66616710,139.83981220,35.66758870,0,1
1602145201000,30001,1041,3,0,0,68971,69169,139.82457430,35.67925560,139.82863800,35.67688960,0,1
1602145201000,30001,507,3,0,0,133217,55506,139.84062440,35.66796830,139.83981220,35.66758870,0,1
1602145201000,30001,722,3,0,0,1552,68974,139.83293830,35.68169460,139.83071410,35.68163130,0,1
1602145201000,30001,1940,3,0,0,69266,68974,139.82735440,35.68217150,139.83071410,35.68163130,0,1
1602145201000,30001,702,3,0,0,69149,143375,139.84493070,35.68025490,139.84520930,35.68148580,0,1
1602145201000,30001,789,3,0,0,168767,143375,139.84376770,35.68186780,139.84520930,35.68148580,0,1
1602145201000,30001,312,3,0,0,65336,124504,139.83888270,35.68453900,139.83638090,35.68467740,0,1
1602145201000,30001,1375,3,0,0,173284,69169,139.82146630,35.67432510,139.82863800,35.67688960,0,1
1602145201000,30001,406,3,0,0,132535,147707,139.83106440,35.67532200,139.82979600,35.67675210,0,1
1602145201000,30001,1330,3,0,0,1921,69169,139.82221290,35.68124130,139.82863800,35.67688960,0,1
1602145201000,30001,1113,3,0,0,133221,55506,139.84065960,35.66796510,139.83981220,35.66758870,0,1
1602145201000,30001,310,3,0,0,158766,69169,139.82413810,35.67806280,139.82863800,35.67688960,0,1
1602145201000,30001,227,3,0,0,65332,124504,139.83630760,35.68609330,139.83638090,35.68467740,0,1
1602145201000,30001,1135,3,0,0,1541,68974,139.82761210,35.68036890,139.83071410,35.68163130,0,1
1602145201000,30001,1491,3,0,0,1949,65174,139.82311950,35.68628680,139.82851320,35.68716420,0,1
1602145201000,30001,783,3,0,0,112047,55506,139.84304700,35.67013970,139.83981220,35.66758870,0,1
1602145201000,30001,788,3,0,0,69300,69299,139.84265530,35.68588440,139.84136270,35.68610730,0,1
1602145201000,30001,149,3,0,0,35916,35914,139.84522280,35.68523300,139.84492860,35.68388560,0,1
1602145201000,30001,591,3,0,0,1899,69169,139.82578170,35.67758630,139.82863800,35.67688960,0,1
1602145201000,30001,678,3,0,0,68978,69169,139.82158190,35.67579290,139.82863800,35.67688960,0,1
1602145201000,30001,931,3,0,0,69153,136208,139.84123620,35.68054640,139.84171810,35.67855070,0,1
1602145201000,30001,775,3,0,0,18487,175961,139.83616970,35.67360160,139.83791840,35.67536140,0,1
1602145201000,30001,1379,3,0,0,133218,55506,139.84040210,35.66799480,139.83981220,35.66758870,0,1
1602145201000,30001,558,3,0,0,112101,133231,139.84007100,35.67111790,139.83921570,35.67395350,0,1
1602145201000,30001,716,3,0,0,168767,143375,139.84376770,35.68186780,139.84520930,35.68148580,0,1
1602145201000,30001,1125,3,0,0,1543,133231,139.84051460,35.67540740,139.83921570,35.67395350,0,1
1602145201000,30001,1310,3,0,0,65164,69169,139.82194680,35.67878270,139.82863800,35.67688960,0,1
1602145201000,30001,1946,3,0,0,112060,55505,139.83900380,35.66855850,139.83882260,35.66771720,0,1
1602145201000,30001,1708,3,0,0,155314,69299,139.84368320,35.68589060,139.84136270,35.68610730,0,1
1602145201000,30001,287,3,0,0,12607,55506,139.84097840,35.66723170,139.83981220,35.66758870,0,1
1602145201000,30001,1566,3,0,0,112071,175961,139.83949290,35.67552990,139.83791840,35.67536140,0,1
1602145201000,30001,1532,3,0,0,136237,35914,139.84477060,35.68313270,139.84492860,35.68388560,0,1
1602145201000,30001,1212,3,0,0,35904,133231,139.84099750,35.67103400,139.83921570,35.67395350,0,1
1602145201000,30001,1745,3,0,0,170170,65358,139.83398890,35.68615860,139.83478510,35.68430310,0,1
1602145201000,30001,1549,3,0,0,68973,69169,139.82553660,35.67596910,139.82863800,35.67688960,0,1
1602145201000,30001,1008,3,0,0,132534,151326,139.83341300,35.67480920,139.83317470,35.67216380,0,1
1602145201000,30001,1273,3,0,0,118896,1535,139.83094750,35.67901860,139.83133540,35.67969970,0,1
1602145201000,30001,765,3,0,0,69265,68974,139.82707830,35.68211950,139.83071410,35.68163130,0,1
1602145201000,30001,1687,3,0,0,158773,69169,139.82477280,35.67804330,139.82863800,35.67688960,0,1
1602145201000,30001,1772,3,0,0,65164,69169,139.82194680,35.67878270,139.82863800,35.67688960,0,1
1602145201000,30001,1434,3,0,0,1538,68974,139.83132030,35.68163990,139.83071410,35.68163130,0,1
1602145201000,30001,1320,3,0,0,155314,69299,139.84368320,35.68589060,139.84136270,35.68610730,0,1
1602145201000,30001,1014,3,0,0,33695,69288,139.82220470,35.66602230,139.82825920,35.67023920,0,1
1602145201000,30001,757,3,0,0,65354,124504,139.83617060,35.68441020,139.83638090,35.68467740,0,1
1602145201000,30001,1385,3,0,0,133225,133231,139.83930020,35.67268790,139.83921570,35.67395350,0,1
1602145201000,30001,1361,3,0,0,1538,68974,139.83132030,35.68163990,139.83071410,35.68163130,0,1
1602145201000,30001,494,3,0,0,118863,175961,139.83505260,35.67766200,139.83791840,35.67536140,0,1
1602145201000,30001,278,3,0,0,126349,126352,139.83698770,35.66993930,139.83480540,35.67083780,0,1
1602145201000,30001,1802,3,0,0,112112,69299,139.84268050,35.68467790,139.84136270,35.68610730,0,1
1602145201000,30001,359,3,0,0,118849,1535,139.83358610,35.67665500,139.83133540,35.67969970,0,1
1602145201000,30001,1081,3,0,0,69290,68974,139.82646880,35.68189940,139.83071410,35.68163130,0,1
1602145201000,30001,237,3,0,0,112110,133231,139.84338210,35.67431480,139.83921570,35.67395350,0,1
1602145201000,30001,552,3,0,0,65377,69169,139.82457190,35.67685160,139.82863800,35.67688960,0,1
1602145201000,30001,1823,3,0,0,68965,65358,139.83507700,35.68572360,139.83478510,35.68430310,0,1
1602145201000,30001,1086,3,0,0,33666,55505,139.83708420,35.66588910,139.83882260,35.66771720,0,1
1602145201000,30001,209,3,0,0,68968,69169,139.82401010,35.67696560,139.82863800,35.67688960,0,1
1602145201000,30001,1382,3,0,0,151337,175961,139.83547040,35.67430130,139.83791840,35.67536140,0,1
1602145201000,30001,1522,3,0,0,118869,147707,139.83130260,35.67657230,139.82979600,35.67675210,0,1
1602145201000,30001,59,3,0,0,69157,161154,139.84085780,35.68056750,139.83969820,35.67882370,0,1
1602145201000,30001,1546,3,0,0,33667,126352,139.83251540,35.66701590,139.83480540,35.67083780,0,1
1602145201000,30001,1815,3,0,0,1541,68974,139.82761210,35.68036890,139.83071410,35.68163130,0,1
1602145201000,30001,1539,3,0,0,18487,175961,139.83616970,35.67360160,139.83791840,35.67536140,0,1
1602145201000,30001,364,3,0,0,69851,55506,139.83959840,35.66961190,139.83981220,35.66758870,0,1
1602145201000,30001,506,3,0,0,118873,1535,139.83271670,35.67801760,139.83133540,35.67969970,0,1
1602145201000,30001,638,3,0,0,12603,133231,139.84259960,35.67319400,139.83921570,35.67395350,0,1
1602145201000,30001,1092,3,0,0,1539,69169,139.82766160,35.67929870,139.82863800,35.67688960,0,1
1602145201000,30001,1565,3,0,0,4085,133231,139.84089630,35.67190740,139.83921570,35.67395350,0,1
1602145201000,30001,1525,3,0,0,155311,69299,139.84267970,35.68529990,139.84136270,35.68610730,0,1
1602145201000,30001,1912,3,0,0,133214,55506,139.83964710,35.66669730,139.83981220,35.66758870,0,1
1602145201000,30001,1526,3,0,0,68943,68974,139.82814640,35.68158780,139.83071410,35.68163130,0,1
1602145201000,30001,1458,3,0,0,112074,133231,139.84270840,35.67376590,139.83921570,35.67395350,0,1
1602145201000,30001,119,3,0,0,33675,55505,139.83885940,35.66619450,139.83882260,35.66771720,0,1
1602145201000,30001,1217,3,0,0,158766,69169,139.82413810,35.67806280,139.82863800,35.67688960,0,1
1602145201000,30001,728,3,0,0,1914,69169,139.82369900,35.67949580,139.82863800,35.67688960,0,1
1602145201000,30001,523,3,0,0,126345,69288,139.82881290,35.66940880,139.82825920,35.67023920,0,1
1602145201000,30001,514,3,0,0,118869,147707,139.83130260,35.67657230,139.82979600,35.67675210,0,1
1602145201000,30001,82,3,0,0,1803,68974,139.82733350,35.68224170,139.83071410,35.68163130,0,1
1602145201000,30001,1579,3,0,0,112082,133231,139.83967070,35.67148250,139.83921570,35.67395350,0,1
1602145201000,30001,1513,3,0,0,142594,69288,139.82548300,35.66618910,139.82825920,35.67023920,0,1
1602145201000,30001,381,3,0,0,65340,65365,139.83898600,35.68590010,139.84125010,35.68638180,0,1
1602145201000,30001,979,3,0,0,1798,65174,139.82660900,35.68575460,139.82851320,35.68716420,0,1
1602145201000,30001,1648,3,0,0,1949,65174,139.82311950,35.68628680,139.82851320,35.68716420,0,1
1602145201000,30001,85,3,0,0,69274,126352,139.83200370,35.66842100,139.83480540,35.67083780,0,1
1602145201000,30001,1638,3,0,0,169324,133231,139.84197400,35.67350850,139.83921570,35.67395350,0,1
1602145201000,30001,330,3,0,0,136243,35914,139.84328080,35.68427010,139.84492860,35.68388560,0,1
1602145201000,30001,7,3,0,0,136234,136208,139.84213130,35.68141090,139.84171810,35.67855070,0,1
1602145201000,30001,707,3,0,0,143372,55506,139.84128960,35.66827180,139.83981220,35.66758870,0,1
1602145201000,30001,1838,3,0,0,167940,69288,139.82465500,35.66596570,139.82825920,35.67023920,0,1
1602145201000,30001,865,3,0,0,118873,1535,139.83271670,35.67801760,139.83133540,35.67969970,0,1
1602145201000,30001,825,3,0,0,65336,124504,139.83888270,35.68453900,139.83638090,35.68467740,0,1
1602145201000,30001,452,3,0,0,69259,69169,139.82305800,35.67482250,139.82863800,35.67688960,0,1
1602145201000,30001,491,3,0,0,155312,69299,139.84205380,35.68580570,139.84136270,35.68610730,0,1
1602145201000,30001,1443,3,0,0,65375,69169,139.82427880,35.67439330,139.82863800,35.67688960,0,1
1602145201000,30001,288,3,0,0,1537,1535,139.83491000,35.68012530,139.83133540,35.67969970,0,1
1602145201000,30001,1418,3,0,0,33670,69288,139.83034610,35.66672990,139.82825920,35.67023920,0,1
1602145201000,30001,1936,3,0,0,147706,69169,139.82868630,35.67527700,139.82863800,35.67688960,0,1
1602145201000,30001,1331,3,0,0,69167,143375,139.84500870,35.68083250,139.84520930,35.68148580,0,1
1602145201000,30001,1856,3,0,0,69850,55505,139.83755350,35.66983040,139.83882260,35.66771720,0,1
1602145201000,30001,760,3,0,0,136197,161154,139.83864840,35.67766170,139.83969820,35.67882370,0,1
1602145201000,30001,1661,3,0,0,126351,69288,139.83063870,35.67013490,139.82825920,35.67023920,0,1
1602145201000,30001,758,3,0,0,1895,69169,139.82557790,35.67892910,139.82863800,35.67688960,0,1
1602145201000,30001,974,3,0,0,126348,69288,139.83055630,35.66997740,139.82825920,35.67023920,0,1
1602145201000,30001,1778,3,0,0,69283,68974,139.83065920,35.68065400,139.83071410,35.68163130,0,1
1602145201000,30001,1754,3,0,0,1509,68974,139.82716620,35.68137430,139.83071410,35.68163130,0,1
1602145201000,30001,1611,3,0,0,69278,151326,139.83278970,35.67154430,139.83317470,35.67216380,0,1
1602145201000,30001,328,3,0,0,69151,69288,139.82758580,35.67329440,139.82825920,35.67023920,0,1
1602145201000,30001,1465,3,0,0,173283,69169,139.82192360,35.67434380,139.82863800,35.67688960,0,1
1602145201000,30001,1329,3,0,0,143374,143375,139.84503640,35.68031320,139.84520930,35.68148580,0,1
1602145201000,30001,1741,3,0,0,69275,151326,139.83247090,35.67165180,139.83317470,35.67216380,0,1
1602145201000,30001,874,3,0,0,65175,65174,139.82667990,35.68584870,139.82851320,35.68716420,0,1
1602145201000,30001,1243,3,0,0,132536,151326,139.83347650,35.67538940,139.83317470,35.67216380,0,1
1602145201000,30001,178,3,0,0,68972,69169,139.82476540,35.68104470,139.82863800,35.67688960,0,1
1602145201000,30001,1038,3,0,0,33668,69288,139.83072290,35.66756020,139.82825920,35.67023920,0,1
1602145201000,30001,1594,3,0,0,4086,69169,139.82318150,35.67920740,139.82863800,35.67688960,0,1
1602145201000,30001,87,3,0,0,1904,69169,139.82497740,35.67518640,139.82863800,35.67688960,0,1
1602145201000,30001,1371,3,0,0,126340,126352,139.83413740,35.66835030,139.83480540,35.67083780,0,1
1602145201000,30001,1852,3,0,0,118880,1535,139.83456710,35.67866430,139.83133540,35.67969970,0,1
1602145201000,30001,458,3,0,0,133222,55506,139.84067410,35.66810870,139.83981220,35.66758870,0,1
1602145201000,30001,1784,3,0,0,33675,55505,139.83885940,35.66619450,139.83882260,35.66771720,0,1
1602145201000,30001,55,3,0,0,151339,175961,139.83520760,35.67609040,139.83791840,35.67536140,0,1
1602145201000,30001,1464,3,0,0,112079,55506,139.84091150,35.66831090,139.83981220,35.66758870,0,1
1602145201000,30001,644,3,0,0,112107,55506,139.84122390,35.66885290,139.83981220,35.66758870,0,1
1602145201000,30001,222,3,0,0,132532,151326,139.83338180,35.67470380,139.83317470,35.67216380,0,1
1602145201000,30001,114,3,0,0,112101,133231,139.84007100,35.67111790,139.83921570,35.67395350,0,1
1602145201000,30001,927,3,0,0,35901,133231,139.84334270,35.67369450,139.83921570,35.67395350,0,1
1602145201000,30001,1548,3,0,0,133212,55506,139.84065070,35.66657670,139.83981220,35.66758870,0,1
1602145201000,30001,944,3,0,0,151338,175961,139.83507020,35.67542620,139.83791840,35.67536140,0,1
1602145201000,30001,175,3,0,0,161157,161154,139.83723530,35.67962380,139.83969820,35.67882370,0,1
1602145201000,30001,1767,3,0,0,118882,161154,139.83584660,35.67899400,139.83969820,35.67882370,0,1
1602145201000,30001,590,3,0,0,35895,55506,139.84103180,35.66626890,139.83981220,35.66758870,0,1
1602145201000,30001,19,3,0,0,118849,1535,139.83358610,35.67665500,139.83133540,35.67969970,0,1
1602145201000,30001,424,3,0,0,112112,69299,139.84268050,35.68467790,139.84136270,35.68610730,0,1
1602145201000,30001,286,3,0,0,69164,69288,139.82578170,35.66987480,139.82825920,35.67023920,0,1
1602145201000,30001,1545,3,0,0,12605,55506,139.84228190,35.67097240,139.83981220,35.66758870,0,1
1602145201000,30001,429,3,0,0,118882,161154,139.83584660,35.67899400,139.83969820,35.67882370,0,1
1602145201000,30001,1472,3,0,0,1550,65174,139.82707040,35.68528720,139.82851320,35.68716420,0,1
1602145201000,30001,1641,3,0,0,12610,55506,139.84204740,35.66822110,139.83981220,35.66758870,0,1
1602145201000,30001,32,3,0,0,136217,136208,139.84168010,35.68011520,139.84171810,35.67855070,0,1
1602145201000,30001,888,3,0,0,158773,69169,139.82477280,35.67804330,139.82863800,35.67688960,0,1
1602145201000,30001,939,3,0,0,132782,65358,139.83447800,35.68618810,139.83478510,35.68430310,0,1
1602145201000,30001,215,3,0,0,112050,136208,139.84155570,35.67624570,139.84171810,35.67855070,0,1
1602145201000,30001,327,3,0,0,174538,133231,139.83893660,35.67380330,139.83921570,35.67395350,0,1
1602145201000,30001,561,3,0,0,69164,69288,139.82578170,35.66987480,139.82825920,35.67023920,0,1
1602145201000,30001,1910,3,0,0,1538,68974,139.83132030,35.68163990,139.83071410,35.68163130,0,1
1602145201000,30001,711,3,0,0,118867,175961,139.83519740,35.67766140,139.83791840,35.67536140,0,1
1602145201000,30001,1158,3,0,0,65380,69169,139.82460790,35.67801980,139.82863800,35.67688960,0,1
1602145201000,30001,342,3,0,0,112031,133231,139.84185400,35.67449700,139.83921570,35.67395350,0,1
1602145201000,30001,630,3,0,0,69271,69288,139.82934130,35.66825770,139.82825920,35.67023920,0,1
1602145201000,30001,148,3,0,0,69154,136208,139.84142700,35.68127470,139.84171810,35.67855070,0,1
1602145201000,30001,1166,3,0,0,118894,147707,139.83186380,35.67650300,139.82979600,35.67675210,0,1
1602145201000,30001,361,3,0,0,69224,147707,139.83132870,35.67766640,139.82979600,35.67675210,0,1
1602145201000,30001,84,3,0,0,65154,69169,139.82319550,35.67996570,139.82863800,35.67688960,0,1
1602145201000,30001,49,3,0,0,142596,69288,139.82476100,35.66616170,139.82825920,35.67023920,0,1
1602145201000,30001,469,3,0,0,69848,55505,139.83788690,35.66978580,139.83882260,35.66771720,0,1
1602145201000,30001,734,3,0,0,1912,69169,139.82586430,35.67746970,139.82863800,35.67688960,0,1
1602145201000,30001,1095,3,0,0,1509,68974,139.82716620,35.68137430,139.83071410,35.68163130,0,1
1602145201000,30001,1194,3,0,0,112093,133231,139.84203450,35.67384420,139.83921570,35.67395350,0,1
1602145201000,30001,1365,3,0,0,175894,147707,139.83062560,35.67556320,139.82979600,35.67675210,0,1
1602145201000,30001,1171,3,0,0,172317,69288,139.82782210,35.66964530,139.82825920,35.67023920,0,1
1602145201000,30001,1898,3,0,0,65356,124504,139.83611960,35.68448550,139.83638090,35.68467740,0,1
1602145201000,30001,501,3,0,0,132782,65358,139.83447800,35.68618810,139.83478510,35.68430310,0,1
1602145201000,30001,1665,3,0,0,126348,69288,139.83055630,35.66997740,139.82825920,35.67023920,0,1
1602145201000,30001,180,3,0,0,65332,124504,139.83630760,35.68609330,139.83638090,35.68467740,0,1
1602145201000,30001,1019,3,0,0,136193,136208,139.84242150,35.67629420,139.84171810,35.67855070,0,1
1602145201000,30001,1552,3,0,0,65172,68950,139.83110400,35.68579420,139.83066700,35.68373690,0,1
1602145201000,30001,746,3,0,0,12607,55506,139.84097840,35.66723170,139.83981220,35.66758870,0,1
1602145201000,30001,1199,3,0,0,69284,69288,139.82856590,35.67085350,139.82825920,35.67023920,0,1
1602145201000,30001,1581,3,0,0,35908,133231,139.84073040,35.67326770,139.83921570,35.67395350,0,1
1602145201000,30001,529,3,0,0,69146,143375,139.84412010,35.68034550,139.84520930,35.68148580,0,1
1602145201000,30001,347,3,0,0,68949,68950,139.83064810,35.68396660,139.83066700,35.68373690,0,1
1602145201000,30001,1657,3,0,0,65381,69169,139.82547070,35.67752070,139.82863800,35.67688960,0,1
1602145201000,30001,1911,3,0,0,33684,126352,139.83255330,35.66710190,139.83480540,35.67083780,0,1
1602145201000,30001,1928,3,0,0,112092,133231,139.84064430,35.67400790,139.83921570,35.67395350,0,1
1602145201000,30001,1923,3,0,0,33685,69288,139.83114630,35.66868420,139.82825920,35.67023920,0,1
1602145201000,30001,1577,3,0,0,71225,147707,139.83385930,35.67624560,139.82979600,35.67675210,0,1
1602145201000,30001,602,3,0,0,4086,69169,139.82318150,35.67920740,139.82863800,35.67688960,0,1
1602145201000,30001,1023,3,0,0,69274,126352,139.83200370,35.66842100,139.83480540,35.67083780,0,1
1602145201000,30001,244,3,0,0,35906,133231,139.84096270,35.67133860,139.83921570,35.67395350,0,1
1602145201000,30001,842,3,0,0,69150,69288,139.82642140,35.67286940,139.82825920,35.67023920,0,1
1602145201000,30001,1380,3,0,0,65164,69169,139.82194680,35.67878270,139.82863800,35.67688960,0,1
1602145201000,30001,1925,3,0,0,136240,35914,139.84307930,35.68338660,139.84492860,35.68388560,0,1
1602145201000,30001,313,3,0,0,132775,65174,139.82313060,35.68536530,139.82851320,35.68716420,0,1
1602145201000,30001,436,3,0,0,35896,55505,139.83799380,35.66863060,139.83882260,35.66771720,0,1
1602145201000,30001,1851,3,0,0,136230,136208,139.84231880,35.68104840,139.84171810,35.67855070,0,1
1602145201000,30001,882,3,0,0,143374,143375,139.84503640,35.68031320,139.84520930,35.68148580,0,1
1602145201000,30001,309,3,0,0,1914,69169,139.82369900,35.67949580,139.82863800,35.67688960,0,1
1602145201000,30001,431,3,0,0,157526,65174,139.82135690,35.68486150,139.82851320,35.68716420,0,1
1602145201000,30001,661,3,0,0,118894,147707,139.83186380,35.67650300,139.82979600,35.67675210,0,1
1602145201000,30001,371,3,0,0,1914,69169,139.82369900,35.67949580,139.82863800,35.67688960,0,1
1602145201000,30001,567,3,0,0,1509,68974,139.82716620,35.68137430,139.83071410,35.68163130,0,1
1602145201000,30001,924,3,0,0,147708,147707,139.83007160,35.67603900,139.82979600,35.67675210,0,1
1602145201000,30001,182,3,0,0,118873,1535,139.83271670,35.67801760,139.83133540,35.67969970,0,1
1602145201000,30001,818,3,0,0,161162,69169,139.82297620,35.67416410,139.82863800,35.67688960,0,1
1602145201000,30001,622,3,0,0,112103,55506,139.84035500,35.66753050,139.83981220,35.66758870,0,1
1602145201000,30001,1782,3,0,0,118881,161154,139.83583230,35.67875440,139.83969820,35.67882370,0,1
1602145201000,30001,1161,3,0,0,162543,143375,139.84447850,35.68179160,139.84520930,35.68148580,0,1
1602145201000,30001,905,3,0,0,1511,65174,139.82669470,35.68513290,139.82851320,35.68716420,0,1
1602145201000,30001,1859,3,0,0,118870,1535,139.83472770,35.67806020,139.83133540,35.67969970,0,1
1602145201000,30001,1574,3,0,0,18482,161154,139.83717740,35.68098220,139.83969820,35.67882370,0,1
1602145201000,30001,297,3,0,0,112076,133231,139.84233880,35.67458440,139.83921570,35.67395350,0,1
1602145201000,30001,1538,3,0,0,136199,161154,139.83948060,35.67694530,139.83969820,35.67882370,0,1
1602145201000,30001,462,3,0,0,136245,35914,139.84333960,35.68470080,139.84492860,35.68388560,0,1
1602145201000,30001,1266,3,0,0,1895,69169,139.82557790,35.67892910,139.82863800,35.67688960,0,1
1602145201000,30001,1256,3,0,0,33684,126352,139.83255330,35.66710190,139.83480540,35.67083780,0,1
1602145201000,30001,378,3,0,0,1506,68974,139.82758220,35.68144060,139.83071410,35.68163130,0,1
1602145201000,30001,1551,3,0,0,12602,133231,139.84317840,35.67164440,139.83921570,35.67395350,0,1
1602145201000,30001,106,3,0,0,165714,175961,139.83762900,35.67428840,139.83791840,35.67536140,0,1
1602145201000,30001,127,3,0,0,170178,68974,139.83076480,35.68139200,139.83071410,35.68163130,0,1
1602145201000,30001,1101,3,0,0,118886,161154,139.83598550,35.67944310,139.83969820,35.67882370,0,1
1602145201000,30001,1064,3,0,0,65153,69169,139.82331090,35.67995180,139.82863800,35.67688960,0,1
1602145201000,30001,356,3,0,0,35904,133231,139.84099750,35.67103400,139.83921570,35.67395350,0,1
1602145201000,30001,1837,3,0,0,68963,69169,139.82170440,35.67678440,139.82863800,35.67688960,0,1
1602145201000,30001,683,3,0,0,65336,124504,139.83888270,35.68453900,139.83638090,35.68467740,0,1
1602145201000,30001,1352,3,0,0,112062,55505,139.83906630,35.66893800,139.83882260,35.66771720,0,1
1602145201000,30001,210,3,0,0,112060,55505,139.83900380,35.66855850,139.83882260,35.66771720,0,1
1602145201000,30001,835,3,0,0,136222,136208,139.84199360,35.68049860,139.84171810,35.67855070,0,1
1602145201000,30001,141,3,0,0,65336,124504,139.83888270,35.68453900,139.83638090,35.68467740,0,1
1602145201000,30001,1400,3,0,0,163788,147707,139.83004710,35.67579200,139.82979600,35.67675210,0,1
1602145201000,30001,1302,3,0,0,69162,68974,139.82767620,35.68229770,139.83071410,35.68163130,0,1
1602145201000,30001,1207,3,0,0,157524,65174,139.82148820,35.68487480,139.82851320,35.68716420,0,1
1602145201000,30001,1550,3,0,0,173136,124504,139.83633020,35.68524170,139.83638090,35.68467740,0,1
1602145201000,30001,1293,3,0,0,69857,55506,139.84118350,35.66937780,139.83981220,35.66758870,0,1
1602145201000,30001,1905,3,0,0,133232,175961,139.83829570,35.67569050,139.83791840,35.67536140,0,1
1602145201000,30001,712,3,0,0,143373,136208,139.84441170,35.67850500,139.84171810,35.67855070,0,1
1602145201000,30001,1231,3,0,0,65340,65365,139.83898600,35.68590010,139.84125010,35.68638180,0,1
